{"cid":{"0":1,"1":1,"2":1,"3":1,"4":1,"5":1,"6":1,"7":1,"8":1,"9":1,"10":1,"11":1,"12":1,"13":1,"14":1,"15":1,"16":1,"17":1,"18":1,"19":1,"20":1,"21":1,"22":1,"23":1,"24":1,"25":1,"26":1,"27":1,"28":1,"29":1,"30":1,"31":1,"32":1,"33":1,"34":1,"35":1,"36":1,"37":1,"38":1,"39":1,"40":1,"41":1,"42":1,"43":1,"44":1,"45":1,"46":1,"47":1,"48":1,"49":1,"50":1,"51":1,"52":1,"53":1,"54":1,"55":1,"56":1,"57":1,"58":1,"59":1,"60":2,"61":2,"62":2,"63":2,"64":2,"65":2,"66":2,"67":2,"68":2,"69":2,"70":2,"71":2,"72":2,"73":2,"74":2,"75":2,"76":2,"77":2,"78":2,"79":2,"80":2,"81":2,"82":2,"83":2,"84":2,"85":2,"86":2,"87":2,"88":2,"89":2,"90":2,"91":2,"92":2,"93":2,"94":2,"95":2,"96":2,"97":2,"98":2,"99":2},"oid":{"0":0,"1":1,"2":2,"3":3,"4":4,"5":5,"6":6,"7":7,"8":8,"9":9,"10":10,"11":11,"12":12,"13":13,"14":14,"15":15,"16":16,"17":17,"18":18,"19":19,"20":20,"21":21,"22":22,"23":23,"24":24,"25":25,"26":26,"27":27,"28":28,"29":29,"30":30,"31":31,"32":32,"33":33,"34":34,"35":35,"36":36,"37":37,"38":38,"39":39,"40":40,"41":41,"42":42,"43":43,"44":44,"45":45,"46":46,"47":47,"48":48,"49":49,"50":50,"51":51,"52":52,"53":53,"54":54,"55":55,"56":56,"57":57,"58":58,"59":59,"60":60,"61":61,"62":62,"63":63,"64":64,"65":65,"66":66,"67":67,"68":68,"69":69,"70":70,"71":71,"72":72,"73":73,"74":74,"75":75,"76":76,"77":77,"78":78,"79":79,"80":80,"81":81,"82":82,"83":83,"84":84,"85":85,"86":86,"87":87,"88":88,"89":89,"90":90,"91":91,"92":92,"93":93,"94":94,"95":95,"96":96,"97":97,"98":98,"99":99},"mean":{"0":0.0257315801,"1":0.0243834986,"2":0.0365129775,"3":0.0320544243,"4":0.0257815818,"5":0.0228465067,"6":0.0338561005,"7":0.0270570086,"8":0.042225096,"9":0.033866677,"10":0.0332893795,"11":0.0257392228,"12":0.0546046032,"13":0.0418380168,"14":0.0320079327,"15":0.0374795347,"16":0.0336318513,"17":0.0305946171,"18":0.0208927327,"19":0.0289144119,"20":0.0381705032,"21":0.0345172518,"22":0.0385264324,"23":0.0365551114,"24":0.0259497464,"25":0.0300002529,"26":0.0299168593,"27":0.0267677506,"28":0.022051851,"29":0.0211730699,"30":0.0325028449,"31":0.0390607814,"32":0.0314925445,"33":0.0434850931,"34":0.0440097054,"35":0.0257162237,"36":0.0198405815,"37":0.029850569,"38":0.036995656,"39":0.0204752949,"40":0.0363129444,"41":0.0421983732,"42":0.0403880179,"43":0.0336464246,"44":0.0285019483,"45":0.0291044348,"46":0.0298378269,"47":0.0250127494,"48":0.0267175833,"49":0.0299641358,"50":0.0275039143,"51":0.0332277156,"52":0.0199846443,"53":0.0375335051,"54":0.0307805439,"55":0.036091076,"56":0.0276204911,"57":0.0458687743,"58":0.0412155721,"59":0.021916411,"60":0.0199646668,"61":0.0280689034,"62":0.0519085228,"63":0.0416211155,"64":0.03442505,"65":0.0488181293,"66":0.0404250357,"67":0.0300893337,"68":0.0303109752,"69":0.0468493899,"70":0.0326755146,"71":0.0638162163,"72":0.0405012468,"73":0.0262300273,"74":0.0210192435,"75":0.0496859981,"76":0.0564278364,"77":0.0424540341,"78":0.0494027932,"79":0.0443243682,"80":0.0472250912,"81":0.0239311887,"82":0.0243998534,"83":0.0257002056,"84":0.0239937107,"85":0.0249036799,"86":0.0288992524,"87":0.0478021767,"88":0.0502322316,"89":0.0316990283,"90":0.0452813539,"91":0.0356610947,"92":0.0268831137,"93":0.0979390264,"94":0.0507320166,"95":0.040055818,"96":0.0496397085,"97":0.035147359,"98":0.0228206404,"99":0.0469254653},"median":{"0":0.0261245761,"1":0.0250046998,"2":0.0340415277,"3":0.0318751037,"4":0.0255783405,"5":0.0221857801,"6":0.033291854,"7":0.0259832367,"8":0.0408753492,"9":0.0344370455,"10":0.0341182351,"11":0.0238291565,"12":0.0547591522,"13":0.0410872884,"14":0.031917315,"15":0.037631169,"16":0.0351751149,"17":0.0301577225,"18":0.0204348043,"19":0.0281033292,"20":0.0386960767,"21":0.0356331989,"22":0.0392340086,"23":0.0358034037,"24":0.0247434098,"25":0.0289022177,"26":0.0298393443,"27":0.0270451531,"28":0.0212592501,"29":0.0212908685,"30":0.0306086391,"31":0.0385025926,"32":0.0321416855,"33":0.0450210497,"34":0.0414397903,"35":0.0258085355,"36":0.0206030887,"37":0.0303698182,"38":0.0375244059,"39":0.018943904,"40":0.0386217274,"41":0.0396649614,"42":0.0387495048,"43":0.032710433,"44":0.0308375061,"45":0.0280699097,"46":0.0293705091,"47":0.0256172419,"48":0.0229603499,"49":0.0305583179,"50":0.0241497438,"51":0.0334525108,"52":0.0189885963,"53":0.0385259464,"54":0.0299902745,"55":0.0339269489,"56":0.0272480231,"57":0.0449314564,"58":0.0423289314,"59":0.0220990013,"60":0.0198673531,"61":0.0274308752,"62":0.0521199219,"63":0.0416173823,"64":0.034833774,"65":0.0456331298,"66":0.040075805,"67":0.0314377807,"68":0.0306419507,"69":0.0483616069,"70":0.030980479,"71":0.0602678657,"72":0.0412560105,"73":0.0208217669,"74":0.021095382,"75":0.0495148376,"76":0.0563555174,"77":0.0412292928,"78":0.04991889,"79":0.0446465723,"80":0.0478373356,"81":0.0240035467,"82":0.0256391708,"83":0.0253658053,"84":0.0238991883,"85":0.0244159661,"86":0.0289056133,"87":0.0484381653,"88":0.0503154844,"89":0.0301468037,"90":0.0438827202,"91":0.0331727564,"92":0.0233392287,"93":0.095536001,"94":0.0517318845,"95":0.0405184254,"96":0.0473009162,"97":0.0319290422,"98":0.0237020552,"99":0.0460984632}}