{"cid":{"0":1,"1":1,"2":1,"3":1,"4":1,"5":1,"6":1,"7":1,"8":1,"9":1,"10":1,"11":1,"12":1,"13":1,"14":1,"15":1,"16":1,"17":1,"18":1,"19":1,"20":1,"21":1,"22":1,"23":1,"24":1,"25":1,"26":1,"27":1,"28":1,"29":1,"30":1,"31":1,"32":1,"33":1,"34":1,"35":1,"36":1,"37":1,"38":1,"39":1,"40":1,"41":1,"42":1,"43":1,"44":1,"45":1,"46":1,"47":1,"48":1,"49":1,"50":1,"51":1,"52":1,"53":1,"54":1,"55":1,"56":1,"57":1,"58":1,"59":1,"60":2,"61":2,"62":2,"63":2,"64":2,"65":2,"66":2,"67":2,"68":2,"69":2,"70":2,"71":2,"72":2,"73":2,"74":2,"75":2,"76":2,"77":2,"78":2,"79":2,"80":2,"81":2,"82":2,"83":2,"84":2,"85":2,"86":2,"87":2,"88":2,"89":2,"90":2,"91":2,"92":2,"93":2,"94":2,"95":2,"96":2,"97":2,"98":2,"99":2},"oid":{"0":0,"1":1,"2":2,"3":3,"4":4,"5":5,"6":6,"7":7,"8":8,"9":9,"10":10,"11":11,"12":12,"13":13,"14":14,"15":15,"16":16,"17":17,"18":18,"19":19,"20":20,"21":21,"22":22,"23":23,"24":24,"25":25,"26":26,"27":27,"28":28,"29":29,"30":30,"31":31,"32":32,"33":33,"34":34,"35":35,"36":36,"37":37,"38":38,"39":39,"40":40,"41":41,"42":42,"43":43,"44":44,"45":45,"46":46,"47":47,"48":48,"49":49,"50":50,"51":51,"52":52,"53":53,"54":54,"55":55,"56":56,"57":57,"58":58,"59":59,"60":60,"61":61,"62":62,"63":63,"64":64,"65":65,"66":66,"67":67,"68":68,"69":69,"70":70,"71":71,"72":72,"73":73,"74":74,"75":75,"76":76,"77":77,"78":78,"79":79,"80":80,"81":81,"82":82,"83":83,"84":84,"85":85,"86":86,"87":87,"88":88,"89":89,"90":90,"91":91,"92":92,"93":93,"94":94,"95":95,"96":96,"97":97,"98":98,"99":99},"mean":{"0":0.0297814641,"1":0.0307044718,"2":0.0820613503,"3":0.039758563,"4":0.0261972398,"5":0.0175422215,"6":0.0426743163,"7":0.0628358126,"8":0.0376521448,"9":0.0555092494,"10":0.0190504558,"11":0.035346859,"12":0.0263147238,"13":0.0599441661,"14":0.05909529,"15":0.0360283069,"16":0.0369149811,"17":0.0382533405,"18":0.0282936957,"19":0.0672156546,"20":0.0289984478,"21":0.0461980369,"22":0.029359195,"23":0.0343049069,"24":0.0264537268,"25":0.0304922362,"26":0.0360823936,"27":0.0207496501,"28":0.0453064177,"29":0.046538598,"30":0.044228062,"31":0.0336815847,"32":0.0399026407,"33":0.041287756,"34":0.0449536244,"35":0.0255348103,"36":0.0259713348,"37":0.0198962258,"38":0.0448170404,"39":0.0281660292,"40":0.0287102958,"41":0.0453512536,"42":0.0274606182,"43":0.021969075,"44":0.0296450611,"45":0.0405554738,"46":0.0406427979,"47":0.0221569538,"48":0.0304824975,"49":0.0209324525,"50":0.0232848095,"51":0.028569635,"52":0.0204911464,"53":0.0351579024,"54":0.0219027268,"55":0.0197851062,"56":0.0208961235,"57":0.0607582993,"58":0.0254693131,"59":0.0183873342,"60":0.0307452314,"61":0.0323537025,"62":0.0393389,"63":0.0249319143,"64":0.0358782477,"65":0.0494859874,"66":0.0430362953,"67":0.0239137709,"68":0.0306050049,"69":0.0413655473,"70":0.0562156174,"71":0.0490009321,"72":0.0362415413,"73":0.0285475883,"74":0.0199389093,"75":0.030568199,"76":0.0437009401,"77":0.030509399,"78":0.048972249,"79":0.0414352781,"80":0.0331284768,"81":0.0307677984,"82":0.0304882725,"83":0.0183024094,"84":0.0229485962,"85":0.0263527301,"86":0.0301032861,"87":0.0504060321,"88":0.045719809,"89":0.0359364483,"90":0.0534014801,"91":0.0437441766,"92":0.0386102398,"93":0.0601216376,"94":0.0786581834,"95":0.0488099754,"96":0.0469160875,"97":0.029849367,"98":0.0302228071,"99":0.0552962555},"median":{"0":0.0264208261,"1":0.026844481,"2":0.0764065012,"3":0.0361900106,"4":0.0262552556,"5":0.0169081278,"6":0.0440023616,"7":0.0599515289,"8":0.0395337082,"9":0.0560243689,"10":0.0178047922,"11":0.0361758135,"12":0.0262346864,"13":0.0631168112,"14":0.0601888932,"15":0.0311996955,"16":0.0382938981,"17":0.0369202048,"18":0.0288440809,"19":0.0660233349,"20":0.0281137172,"21":0.0467720702,"22":0.0292401761,"23":0.0342548937,"24":0.0247904416,"25":0.0263168439,"26":0.0336112119,"27":0.0205135513,"28":0.0449406132,"29":0.0467353277,"30":0.0429123119,"31":0.0315868109,"32":0.0384480134,"33":0.0362795889,"34":0.0462724194,"35":0.0244525056,"36":0.0258057751,"37":0.0196297765,"38":0.0462711938,"39":0.0240547117,"40":0.0287278257,"41":0.0439235494,"42":0.0277060159,"43":0.0219781045,"44":0.0285887085,"45":0.0429344028,"46":0.0404198579,"47":0.0210963786,"48":0.0262255277,"49":0.0204840843,"50":0.0208228305,"51":0.0285571646,"52":0.0203109048,"53":0.0327309072,"54":0.0222752634,"55":0.0195364375,"56":0.0204707012,"57":0.0578237511,"58":0.0227619167,"59":0.0182706565,"60":0.0287845246,"61":0.0304555632,"62":0.0395538919,"63":0.0257222485,"64":0.0361093208,"65":0.049884595,"66":0.0424253382,"67":0.0235664062,"68":0.0262888968,"69":0.0364392884,"70":0.05500203,"71":0.0468529351,"72":0.0349625722,"73":0.0263222922,"74":0.0199302845,"75":0.0311136581,"76":0.0435302295,"77":0.0300279781,"78":0.0476827621,"79":0.0433108807,"80":0.0333657563,"81":0.0284684207,"82":0.0295555145,"83":0.0164126232,"84":0.0229842328,"85":0.0263070129,"86":0.0301390085,"87":0.04972063,"88":0.0445714593,"89":0.0354373194,"90":0.0517785288,"91":0.0439843871,"92":0.0342898108,"93":0.0573947914,"94":0.0786235332,"95":0.0472411215,"96":0.0479905158,"97":0.0278139301,"98":0.0319119096,"99":0.0575011931}}