{"cid":{"0":1,"1":1,"2":1,"3":1,"4":1,"5":1,"6":1,"7":1,"8":1,"9":1,"10":1,"11":1,"12":1,"13":1,"14":1,"15":1,"16":1,"17":1,"18":1,"19":1,"20":1,"21":1,"22":1,"23":1,"24":1,"25":1,"26":1,"27":1,"28":1,"29":1,"30":1,"31":1,"32":1,"33":1,"34":1,"35":1,"36":1,"37":1,"38":1,"39":1,"40":1,"41":1,"42":1,"43":1,"44":1,"45":1,"46":1,"47":1,"48":1,"49":1,"50":1,"51":1,"52":1,"53":1,"54":1,"55":1,"56":1,"57":1,"58":1,"59":1,"60":2,"61":2,"62":2,"63":2,"64":2,"65":2,"66":2,"67":2,"68":2,"69":2,"70":2,"71":2,"72":2,"73":2,"74":2,"75":2,"76":2,"77":2,"78":2,"79":2,"80":2,"81":2,"82":2,"83":2,"84":2,"85":2,"86":2,"87":2,"88":2,"89":2,"90":2,"91":2,"92":2,"93":2,"94":2,"95":2,"96":2,"97":2,"98":2,"99":2},"oid":{"0":0,"1":1,"2":2,"3":3,"4":4,"5":5,"6":6,"7":7,"8":8,"9":9,"10":10,"11":11,"12":12,"13":13,"14":14,"15":15,"16":16,"17":17,"18":18,"19":19,"20":20,"21":21,"22":22,"23":23,"24":24,"25":25,"26":26,"27":27,"28":28,"29":29,"30":30,"31":31,"32":32,"33":33,"34":34,"35":35,"36":36,"37":37,"38":38,"39":39,"40":40,"41":41,"42":42,"43":43,"44":44,"45":45,"46":46,"47":47,"48":48,"49":49,"50":50,"51":51,"52":52,"53":53,"54":54,"55":55,"56":56,"57":57,"58":58,"59":59,"60":60,"61":61,"62":62,"63":63,"64":64,"65":65,"66":66,"67":67,"68":68,"69":69,"70":70,"71":71,"72":72,"73":73,"74":74,"75":75,"76":76,"77":77,"78":78,"79":79,"80":80,"81":81,"82":82,"83":83,"84":84,"85":85,"86":86,"87":87,"88":88,"89":89,"90":90,"91":91,"92":92,"93":93,"94":94,"95":95,"96":96,"97":97,"98":98,"99":99},"mean":{"0":0.0325028168,"1":0.0385237535,"2":0.042603761,"3":0.0273032106,"4":0.0429990159,"5":0.0239108437,"6":0.0301944017,"7":0.0314133432,"8":0.0432299508,"9":0.0388760865,"10":0.021777663,"11":0.0240488019,"12":0.0228728652,"13":0.0277004474,"14":0.0408608119,"15":0.0304836854,"16":0.0226605766,"17":0.0354802542,"18":0.025880307,"19":0.0286735925,"20":0.0249871893,"21":0.0383789407,"22":0.0207802223,"23":0.0277157591,"24":0.0163652913,"25":0.0333273676,"26":0.0312908358,"27":0.0280744168,"28":0.041045328,"29":0.0362498462,"30":0.0292609762,"31":0.0274739795,"32":0.0279915101,"33":0.0323557019,"34":0.0220536639,"35":0.0193513433,"36":0.0241011745,"37":0.0311724974,"38":0.046347287,"39":0.0239301787,"40":0.025829547,"41":0.0255875521,"42":0.0331168208,"43":0.0184778919,"44":0.0232616849,"45":0.0260045015,"46":0.0224725438,"47":0.0245834216,"48":0.0288058784,"49":0.0188672973,"50":0.0316486028,"51":0.0329643711,"52":0.0169963307,"53":0.0335489313,"54":0.041745219,"55":0.0283890466,"56":0.0176986605,"57":0.0291821096,"58":0.0282676684,"59":0.0376345184,"60":0.0190113915,"61":0.0326434308,"62":0.0454940465,"63":0.0330429607,"64":0.0271706184,"65":0.0429260373,"66":0.047830585,"67":0.0272118926,"68":0.0233726435,"69":0.0414310826,"70":0.0222879185,"71":0.0467390617,"72":0.0249213758,"73":0.0246533669,"74":0.0282577806,"75":0.0228049805,"76":0.0425763892,"77":0.0322119759,"78":0.0501125654,"79":0.0330741008,"80":0.0532044901,"81":0.0419881509,"82":0.0286852519,"83":0.0137391195,"84":0.0200756556,"85":0.0332132512,"86":0.0291885204,"87":0.0297387242,"88":0.0252248413,"89":0.0335047113,"90":0.0391037928,"91":0.0235410929,"92":0.0334145493,"93":0.0543124557,"94":0.0279705293,"95":0.0360209544,"96":0.0406484471,"97":0.0325270096,"98":0.0305281617,"99":0.035041266},"median":{"0":0.0288478136,"1":0.037487343,"2":0.0404100977,"3":0.0261202436,"4":0.045201309,"5":0.0229423251,"6":0.030261701,"7":0.0305808615,"8":0.0399160534,"9":0.0378592759,"10":0.0201853998,"11":0.0249787197,"12":0.0234637018,"13":0.0275291372,"14":0.0386402421,"15":0.0301635452,"16":0.0214767586,"17":0.0354734063,"18":0.0272551235,"19":0.0294649601,"20":0.0249519069,"21":0.0385939889,"22":0.0206092913,"23":0.0297725443,"24":0.0163031071,"25":0.0325403176,"26":0.0307832398,"27":0.027931815,"28":0.0406405367,"29":0.0359473228,"30":0.028548928,"31":0.0274781063,"32":0.0291445348,"33":0.0317192152,"34":0.0219511148,"35":0.0194122735,"36":0.0237920508,"37":0.0297961887,"38":0.0461146459,"39":0.0227840301,"40":0.0251956414,"41":0.0254025776,"42":0.0340947546,"43":0.0178344715,"44":0.0238774866,"45":0.0267647542,"46":0.0210700668,"47":0.023328729,"48":0.0289860442,"49":0.0186238177,"50":0.0294316057,"51":0.0324033424,"52":0.0162738264,"53":0.0327373855,"54":0.0407562703,"55":0.0293745995,"56":0.0174541734,"57":0.0294395834,"58":0.0268058423,"59":0.0377147272,"60":0.0186221451,"61":0.0311475433,"62":0.0442239158,"63":0.0319352746,"64":0.0264915712,"65":0.0419144332,"66":0.0467914566,"67":0.0274543967,"68":0.0234736353,"69":0.0426161811,"70":0.0208610576,"71":0.0463561937,"72":0.0250452589,"73":0.0233829338,"74":0.0278476607,"75":0.0225917436,"76":0.042737782,"77":0.0329723395,"78":0.0513606668,"79":0.0335876346,"80":0.0536294393,"81":0.0440730415,"82":0.0269823261,"83":0.0129471319,"84":0.0198818613,"85":0.0321347639,"86":0.0279864706,"87":0.0294569861,"88":0.0247995537,"89":0.0326040313,"90":0.038559448,"91":0.0221490413,"92":0.0321293101,"93":0.051695019,"94":0.0262958482,"95":0.0354567878,"96":0.0407790169,"97":0.0292487256,"98":0.0321207792,"99":0.034395162}}