{"cid":{"0":1,"1":1,"2":1,"3":1,"4":1,"5":1,"6":1,"7":1,"8":1,"9":1,"10":1,"11":1,"12":1,"13":1,"14":1,"15":1,"16":1,"17":1,"18":1,"19":1,"20":1,"21":1,"22":1,"23":1,"24":1,"25":1,"26":1,"27":1,"28":1,"29":1,"30":1,"31":1,"32":1,"33":1,"34":1,"35":1,"36":1,"37":1,"38":1,"39":1,"40":1,"41":1,"42":1,"43":1,"44":1,"45":1,"46":1,"47":1,"48":1,"49":1,"50":1,"51":1,"52":1,"53":1,"54":1,"55":1,"56":1,"57":1,"58":1,"59":1,"60":2,"61":2,"62":2,"63":2,"64":2,"65":2,"66":2,"67":2,"68":2,"69":2,"70":2,"71":2,"72":2,"73":2,"74":2,"75":2,"76":2,"77":2,"78":2,"79":2,"80":2,"81":2,"82":2,"83":2,"84":2,"85":2,"86":2,"87":2,"88":2,"89":2,"90":2,"91":2,"92":2,"93":2,"94":2,"95":2,"96":2,"97":2,"98":2,"99":2},"oid":{"0":0,"1":1,"2":2,"3":3,"4":4,"5":5,"6":6,"7":7,"8":8,"9":9,"10":10,"11":11,"12":12,"13":13,"14":14,"15":15,"16":16,"17":17,"18":18,"19":19,"20":20,"21":21,"22":22,"23":23,"24":24,"25":25,"26":26,"27":27,"28":28,"29":29,"30":30,"31":31,"32":32,"33":33,"34":34,"35":35,"36":36,"37":37,"38":38,"39":39,"40":40,"41":41,"42":42,"43":43,"44":44,"45":45,"46":46,"47":47,"48":48,"49":49,"50":50,"51":51,"52":52,"53":53,"54":54,"55":55,"56":56,"57":57,"58":58,"59":59,"60":60,"61":61,"62":62,"63":63,"64":64,"65":65,"66":66,"67":67,"68":68,"69":69,"70":70,"71":71,"72":72,"73":73,"74":74,"75":75,"76":76,"77":77,"78":78,"79":79,"80":80,"81":81,"82":82,"83":83,"84":84,"85":85,"86":86,"87":87,"88":88,"89":89,"90":90,"91":91,"92":92,"93":93,"94":94,"95":95,"96":96,"97":97,"98":98,"99":99},"mean":{"0":0.029085252,"1":0.0407525599,"2":0.0506762664,"3":0.0290311343,"4":0.0224903988,"5":0.0266261697,"6":0.0317777892,"7":0.038584931,"8":0.0415738854,"9":0.0401131113,"10":0.0630786022,"11":0.02509689,"12":0.0561471846,"13":0.0537287196,"14":0.0693895552,"15":0.0539572164,"16":0.0285682612,"17":0.0400179062,"18":0.0357309249,"19":0.0517782635,"20":0.0424889326,"21":0.0647078753,"22":0.0565283166,"23":0.0441756546,"24":0.0373259485,"25":0.0331099994,"26":0.03792073,"27":0.0239186668,"28":0.0521581173,"29":0.041381273,"30":0.030374283,"31":0.0328711801,"32":0.0415783193,"33":0.0325752676,"34":0.0375042425,"35":0.0386515624,"36":0.0352809297,"37":0.0395929085,"38":0.0472941134,"39":0.0346374644,"40":0.0361531973,"41":0.0338283777,"42":0.0420838859,"43":0.0189638154,"44":0.0307256542,"45":0.026417474,"46":0.041724503,"47":0.038044855,"48":0.0234706634,"49":0.0441305041,"50":0.0425804257,"51":0.0532917418,"52":0.0303877658,"53":0.0327895251,"54":0.0343635546,"55":0.0315054191,"56":0.0235858361,"57":0.0553479062,"58":0.047377785,"59":0.041748484,"60":0.0276880993,"61":0.0375371377,"62":0.0437934597,"63":0.0477746394,"64":0.0411085619,"65":0.0489376485,"66":0.0472520623,"67":0.0395732224,"68":0.0301205052,"69":0.0522091356,"70":0.039011899,"71":0.0630108383,"72":0.0368312796,"73":0.0390786396,"74":0.0283692943,"75":0.0391627153,"76":0.0585379932,"77":0.0393922594,"78":0.0418558949,"79":0.0421608455,"80":0.0533285737,"81":0.0537086725,"82":0.0435440143,"83":0.0361315161,"84":0.0380839143,"85":0.0247035308,"86":0.0288168987,"87":0.0276913775,"88":0.0505635805,"89":0.0339892772,"90":0.0421023435,"91":0.0203252087,"92":0.0505722331,"93":0.0438689142,"94":0.0588921309,"95":0.0297202733,"96":0.0645194981,"97":0.033864071,"98":0.0361830033,"99":0.0694019397},"median":{"0":0.0288086217,"1":0.0378532223,"2":0.0504210293,"3":0.0283478871,"4":0.022285156,"5":0.0269604139,"6":0.0335086845,"7":0.0391281806,"8":0.0431707874,"9":0.0410437696,"10":0.063951157,"11":0.0241486169,"12":0.0568533912,"13":0.0498730615,"14":0.0638103336,"15":0.0572706088,"16":0.0285240654,"17":0.0388172828,"18":0.0352533907,"19":0.0528508164,"20":0.03909095,"21":0.064750202,"22":0.0577536188,"23":0.0463870838,"24":0.0380694717,"25":0.0295349862,"26":0.0381187014,"27":0.0230233185,"28":0.0501943119,"29":0.0386949852,"30":0.0302783083,"31":0.0316128358,"32":0.0405027568,"33":0.032424219,"34":0.0382715091,"35":0.0394739881,"36":0.0375007465,"37":0.0416312441,"38":0.0473360494,"39":0.0301644877,"40":0.0361161195,"41":0.0331936255,"42":0.0424072891,"43":0.0180256888,"44":0.0313722417,"45":0.0248161275,"46":0.0424447209,"47":0.0367606953,"48":0.0230727717,"49":0.0448414087,"50":0.0438263752,"51":0.0546963215,"52":0.0288182553,"53":0.032958582,"54":0.0335273519,"55":0.0308010336,"56":0.0239080004,"57":0.0542062111,"58":0.0445273817,"59":0.0415095463,"60":0.0285131037,"61":0.0360549353,"62":0.0417616591,"63":0.0431146659,"64":0.0414137058,"65":0.0505617037,"66":0.0450413078,"67":0.0383220352,"68":0.0309823994,"69":0.0546435304,"70":0.0368063115,"71":0.0638882518,"72":0.0349377915,"73":0.0361620039,"74":0.0260811765,"75":0.0387714915,"76":0.0560643598,"77":0.039174974,"78":0.0410641432,"79":0.0401900336,"80":0.0562729686,"81":0.0512644425,"82":0.0445473492,"83":0.0358709693,"84":0.0366559252,"85":0.0240682345,"86":0.0289548319,"87":0.0288135596,"88":0.0531477667,"89":0.03401912,"90":0.0428828038,"91":0.0211816765,"92":0.0514538959,"93":0.0447905213,"94":0.0563217141,"95":0.0282423198,"96":0.065355204,"97":0.0329670981,"98":0.0356267728,"99":0.0676754639}}