{"cid":{"0":1,"1":1,"2":1,"3":1,"4":1,"5":1,"6":1,"7":1,"8":1,"9":1,"10":1,"11":1,"12":1,"13":1,"14":1,"15":1,"16":1,"17":1,"18":1,"19":1,"20":1,"21":1,"22":1,"23":1,"24":1,"25":1,"26":1,"27":1,"28":1,"29":1,"30":1,"31":1,"32":1,"33":1,"34":1,"35":1,"36":1,"37":1,"38":1,"39":1,"40":1,"41":1,"42":1,"43":1,"44":1,"45":1,"46":1,"47":1,"48":1,"49":1,"50":1,"51":1,"52":1,"53":1,"54":1,"55":1,"56":1,"57":1,"58":1,"59":1,"60":2,"61":2,"62":2,"63":2,"64":2,"65":2,"66":2,"67":2,"68":2,"69":2,"70":2,"71":2,"72":2,"73":2,"74":2,"75":2,"76":2,"77":2,"78":2,"79":2,"80":2,"81":2,"82":2,"83":2,"84":2,"85":2,"86":2,"87":2,"88":2,"89":2,"90":2,"91":2,"92":2,"93":2,"94":2,"95":2,"96":2,"97":2,"98":2,"99":2},"oid":{"0":0,"1":1,"2":2,"3":3,"4":4,"5":5,"6":6,"7":7,"8":8,"9":9,"10":10,"11":11,"12":12,"13":13,"14":14,"15":15,"16":16,"17":17,"18":18,"19":19,"20":20,"21":21,"22":22,"23":23,"24":24,"25":25,"26":26,"27":27,"28":28,"29":29,"30":30,"31":31,"32":32,"33":33,"34":34,"35":35,"36":36,"37":37,"38":38,"39":39,"40":40,"41":41,"42":42,"43":43,"44":44,"45":45,"46":46,"47":47,"48":48,"49":49,"50":50,"51":51,"52":52,"53":53,"54":54,"55":55,"56":56,"57":57,"58":58,"59":59,"60":60,"61":61,"62":62,"63":63,"64":64,"65":65,"66":66,"67":67,"68":68,"69":69,"70":70,"71":71,"72":72,"73":73,"74":74,"75":75,"76":76,"77":77,"78":78,"79":79,"80":80,"81":81,"82":82,"83":83,"84":84,"85":85,"86":86,"87":87,"88":88,"89":89,"90":90,"91":91,"92":92,"93":93,"94":94,"95":95,"96":96,"97":97,"98":98,"99":99},"mean":{"0":0.0319039855,"1":0.0489031176,"2":0.0327265163,"3":0.0275582804,"4":0.0205501748,"5":0.0190766768,"6":0.042497317,"7":0.0302208033,"8":0.019866089,"9":0.0355073743,"10":0.0265567286,"11":0.0259832458,"12":0.0328442189,"13":0.0302712851,"14":0.0412968198,"15":0.0321558788,"16":0.0232200821,"17":0.0474107001,"18":0.0183063083,"19":0.0411244233,"20":0.0419857303,"21":0.0481993225,"22":0.0220528874,"23":0.0342424777,"24":0.0184817033,"25":0.0344731477,"26":0.0420624614,"27":0.0275432087,"28":0.0664463308,"29":0.0383060012,"30":0.0231002495,"31":0.0265298221,"32":0.0330129564,"33":0.0265003741,"34":0.0251157946,"35":0.0277325478,"36":0.0317143599,"37":0.0307623016,"38":0.0422583852,"39":0.0379553239,"40":0.0405995647,"41":0.0437695384,"42":0.0589843724,"43":0.0220595896,"44":0.0192125589,"45":0.0220799893,"46":0.0267189493,"47":0.0232025266,"48":0.0319104923,"49":0.0254316198,"50":0.037458443,"51":0.0208069347,"52":0.0255929728,"53":0.0485409366,"54":0.0442120234,"55":0.0239013135,"56":0.024776265,"57":0.0274174545,"58":0.0320325494,"59":0.0469471084,"60":0.0187657343,"61":0.0393688977,"62":0.0405706101,"63":0.0450560682,"64":0.052698142,"65":0.0474325001,"66":0.0333562493,"67":0.0287789881,"68":0.0347905921,"69":0.0415707694,"70":0.0339423319,"71":0.0409320527,"72":0.0416890449,"73":0.0444080234,"74":0.0173805323,"75":0.0360143847,"76":0.0595143504,"77":0.0209542529,"78":0.036399689,"79":0.0295602249,"80":0.0391917692,"81":0.0366467469,"82":0.02555495,"83":0.0360293686,"84":0.0209063788,"85":0.0295786858,"86":0.0231527057,"87":0.0319124262,"88":0.0520691805,"89":0.0358098348,"90":0.0442707737,"91":0.0324600008,"92":0.0349226197,"93":0.0394840121,"94":0.0347633229,"95":0.0278368327,"96":0.0330558585,"97":0.0355681115,"98":0.0468117073,"99":0.0473246045},"median":{"0":0.0305875521,"1":0.0488063693,"2":0.0320957042,"3":0.0268452,"4":0.0203362089,"5":0.0183257628,"6":0.0421167426,"7":0.0308022611,"8":0.01998014,"9":0.0365905128,"10":0.0264102537,"11":0.0269583799,"12":0.0336955525,"13":0.0311599858,"14":0.0402166769,"15":0.0336441621,"16":0.0221751183,"17":0.0470399223,"18":0.017927222,"19":0.0411947556,"20":0.0424293615,"21":0.0436023027,"22":0.0230690986,"23":0.0310131013,"24":0.0190499797,"25":0.03398766,"26":0.0437008254,"27":0.028397698,"28":0.068028681,"29":0.0395315625,"30":0.0226978771,"31":0.0261684041,"32":0.0313188806,"33":0.0264829583,"34":0.024068756,"35":0.0268606469,"36":0.0321165621,"37":0.031250257,"38":0.0420536548,"39":0.0394410677,"40":0.0400859155,"41":0.0493834093,"42":0.0576599389,"43":0.0218942612,"44":0.0194467641,"45":0.0218725763,"46":0.026974,"47":0.022088524,"48":0.0325173736,"49":0.0221866257,"50":0.0400004797,"51":0.020119993,"52":0.0252321418,"53":0.0471592732,"54":0.044604525,"55":0.0239429511,"56":0.0251320992,"57":0.0244052485,"58":0.0303621609,"59":0.0456923433,"60":0.0175250042,"61":0.0396142974,"62":0.0421002097,"63":0.0440473966,"64":0.0572479628,"65":0.0450206362,"66":0.0336435176,"67":0.028740488,"68":0.0327898301,"69":0.0405961461,"70":0.0296923947,"71":0.0390845463,"72":0.0420628563,"73":0.0447224155,"74":0.0173015278,"75":0.0356376991,"76":0.0587691106,"77":0.0201644134,"78":0.0344373174,"79":0.0282060783,"80":0.0401307456,"81":0.0343521722,"82":0.0266876277,"83":0.0356169939,"84":0.0213130079,"85":0.0291755572,"86":0.0205549244,"87":0.0314954445,"88":0.0526480526,"89":0.0391107462,"90":0.0452188998,"91":0.0329398736,"92":0.0369345807,"93":0.0384420082,"94":0.0350735635,"95":0.0282010213,"96":0.0316535532,"97":0.0328037404,"98":0.0420196243,"99":0.0480417162}}