{"cid":{"0":1,"1":1,"2":1,"3":1,"4":1,"5":1,"6":1,"7":1,"8":1,"9":1,"10":1,"11":1,"12":1,"13":1,"14":1,"15":1,"16":1,"17":1,"18":1,"19":1,"20":1,"21":1,"22":1,"23":1,"24":1,"25":1,"26":1,"27":1,"28":1,"29":1,"30":1,"31":1,"32":1,"33":1,"34":1,"35":1,"36":1,"37":1,"38":1,"39":1,"40":1,"41":1,"42":1,"43":1,"44":1,"45":1,"46":1,"47":1,"48":1,"49":1,"50":1,"51":1,"52":1,"53":1,"54":1,"55":1,"56":1,"57":1,"58":1,"59":1,"60":2,"61":2,"62":2,"63":2,"64":2,"65":2,"66":2,"67":2,"68":2,"69":2,"70":2,"71":2,"72":2,"73":2,"74":2,"75":2,"76":2,"77":2,"78":2,"79":2,"80":2,"81":2,"82":2,"83":2,"84":2,"85":2,"86":2,"87":2,"88":2,"89":2,"90":2,"91":2,"92":2,"93":2,"94":2,"95":2,"96":2,"97":2,"98":2,"99":2},"oid":{"0":0,"1":1,"2":2,"3":3,"4":4,"5":5,"6":6,"7":7,"8":8,"9":9,"10":10,"11":11,"12":12,"13":13,"14":14,"15":15,"16":16,"17":17,"18":18,"19":19,"20":20,"21":21,"22":22,"23":23,"24":24,"25":25,"26":26,"27":27,"28":28,"29":29,"30":30,"31":31,"32":32,"33":33,"34":34,"35":35,"36":36,"37":37,"38":38,"39":39,"40":40,"41":41,"42":42,"43":43,"44":44,"45":45,"46":46,"47":47,"48":48,"49":49,"50":50,"51":51,"52":52,"53":53,"54":54,"55":55,"56":56,"57":57,"58":58,"59":59,"60":60,"61":61,"62":62,"63":63,"64":64,"65":65,"66":66,"67":67,"68":68,"69":69,"70":70,"71":71,"72":72,"73":73,"74":74,"75":75,"76":76,"77":77,"78":78,"79":79,"80":80,"81":81,"82":82,"83":83,"84":84,"85":85,"86":86,"87":87,"88":88,"89":89,"90":90,"91":91,"92":92,"93":93,"94":94,"95":95,"96":96,"97":97,"98":98,"99":99},"mean":{"0":0.024015016,"1":0.0340697202,"2":0.038400862,"3":0.0275084178,"4":0.0236461825,"5":0.0136643127,"6":0.0268180519,"7":0.0251666423,"8":0.017016136,"9":0.0351916287,"10":0.0212346928,"11":0.0252938734,"12":0.0260461801,"13":0.0242124299,"14":0.0401366353,"15":0.0257559139,"16":0.027162681,"17":0.0486513575,"18":0.0298534764,"19":0.0384903782,"20":0.0367691947,"21":0.0365592572,"22":0.0268142819,"23":0.0319239299,"24":0.0218359778,"25":0.0306488574,"26":0.0359613034,"27":0.0342389047,"28":0.0610416333,"29":0.0558498899,"30":0.0229582191,"31":0.0191408363,"32":0.0395776927,"33":0.0217855155,"34":0.021050127,"35":0.0246413002,"36":0.0355344647,"37":0.0328017076,"38":0.0510516796,"39":0.0302373701,"40":0.0362978048,"41":0.0667288701,"42":0.0605943335,"43":0.021233701,"44":0.0194767192,"45":0.0253381994,"46":0.019727697,"47":0.0310369283,"48":0.0379862951,"49":0.0161741541,"50":0.035076148,"51":0.0239631124,"52":0.0249755085,"53":0.0500717296,"54":0.0362132192,"55":0.0311828554,"56":0.0175002217,"57":0.0306875441,"58":0.0359357264,"59":0.0462599827,"60":0.0246406032,"61":0.0389839841,"62":0.0372299949,"63":0.0266642008,"64":0.0389535328,"65":0.0354341447,"66":0.0469906198,"67":0.0218133926,"68":0.0354196231,"69":0.0414900614,"70":0.037577543,"71":0.0385146572,"72":0.0428409411,"73":0.0328782333,"74":0.0249908467,"75":0.0326363345,"76":0.0380145477,"77":0.0373080207,"78":0.0355172389,"79":0.0457856622,"80":0.0425052974,"81":0.0268817147,"82":0.0395044254,"83":0.0268624872,"84":0.0281995402,"85":0.0312536359,"86":0.0260939979,"87":0.0345292952,"88":0.0366388659,"89":0.0368894504,"90":0.0409075452,"91":0.0298467047,"92":0.0290038453,"93":0.0401314676,"94":0.0364413063,"95":0.039306038,"96":0.0392175118,"97":0.0379080772,"98":0.0361581892,"99":0.043471045},"median":{"0":0.0232812706,"1":0.0366608351,"2":0.0380779803,"3":0.027329687,"4":0.022785686,"5":0.0133971618,"6":0.0266786199,"7":0.0234688465,"8":0.0170946531,"9":0.0357560553,"10":0.0217305869,"11":0.0263009071,"12":0.0260235518,"13":0.0203180313,"14":0.0403048135,"15":0.0264042504,"16":0.0269814152,"17":0.0478974171,"18":0.0297363997,"19":0.0386962891,"20":0.0377602726,"21":0.035974443,"22":0.0276049469,"23":0.028353367,"24":0.0231046528,"25":0.0303698424,"26":0.0386891738,"27":0.0339407846,"28":0.0625109524,"29":0.0563444793,"30":0.0226552915,"31":0.018220434,"32":0.0392656699,"33":0.0212747846,"34":0.0201866366,"35":0.0246295277,"36":0.0355083346,"37":0.0331368595,"38":0.0468591377,"39":0.0293546394,"40":0.0373698026,"41":0.073589623,"42":0.0599660836,"43":0.0213534832,"44":0.0193969347,"45":0.0256039426,"46":0.0199233107,"47":0.0331762359,"48":0.0384283774,"49":0.0141999936,"50":0.0362116173,"51":0.0234447084,"52":0.0239030812,"53":0.0491187461,"54":0.0357494801,"55":0.0306643266,"56":0.0170702115,"57":0.0298452154,"58":0.0350998975,"59":0.048481252,"60":0.0250411648,"61":0.0378287807,"62":0.036822468,"63":0.0268282238,"64":0.042706158,"65":0.0340492278,"66":0.0469747372,"67":0.022497274,"68":0.0327747837,"69":0.0407703184,"70":0.0397212952,"71":0.0410116538,"72":0.0423804894,"73":0.0334918648,"74":0.0234130453,"75":0.0323679149,"76":0.0381650627,"77":0.0371065214,"78":0.0368195325,"79":0.0424707606,"80":0.0417241044,"81":0.0254223961,"82":0.0409044772,"83":0.0234672502,"84":0.0294620711,"85":0.0302839484,"86":0.0261557493,"87":0.0326604545,"88":0.0387211703,"89":0.0348088033,"90":0.0420357399,"91":0.0294704437,"92":0.0303030945,"93":0.0406799912,"94":0.0362704955,"95":0.0407502502,"96":0.039913822,"97":0.0380600207,"98":0.0337410346,"99":0.040149346}}