{"cid":{"0":1,"1":1,"2":1,"3":1,"4":1,"5":1,"6":1,"7":1,"8":1,"9":1,"10":1,"11":1,"12":1,"13":1,"14":1,"15":1,"16":1,"17":1,"18":1,"19":1,"20":1,"21":1,"22":1,"23":1,"24":1,"25":1,"26":1,"27":1,"28":1,"29":1,"30":1,"31":1,"32":1,"33":1,"34":1,"35":1,"36":1,"37":1,"38":1,"39":1,"40":1,"41":1,"42":1,"43":1,"44":1,"45":1,"46":1,"47":1,"48":1,"49":1,"50":1,"51":1,"52":1,"53":1,"54":1,"55":1,"56":1,"57":1,"58":1,"59":1,"60":2,"61":2,"62":2,"63":2,"64":2,"65":2,"66":2,"67":2,"68":2,"69":2,"70":2,"71":2,"72":2,"73":2,"74":2,"75":2,"76":2,"77":2,"78":2,"79":2,"80":2,"81":2,"82":2,"83":2,"84":2,"85":2,"86":2,"87":2,"88":2,"89":2,"90":2,"91":2,"92":2,"93":2,"94":2,"95":2,"96":2,"97":2,"98":2,"99":2},"oid":{"0":0,"1":1,"2":2,"3":3,"4":4,"5":5,"6":6,"7":7,"8":8,"9":9,"10":10,"11":11,"12":12,"13":13,"14":14,"15":15,"16":16,"17":17,"18":18,"19":19,"20":20,"21":21,"22":22,"23":23,"24":24,"25":25,"26":26,"27":27,"28":28,"29":29,"30":30,"31":31,"32":32,"33":33,"34":34,"35":35,"36":36,"37":37,"38":38,"39":39,"40":40,"41":41,"42":42,"43":43,"44":44,"45":45,"46":46,"47":47,"48":48,"49":49,"50":50,"51":51,"52":52,"53":53,"54":54,"55":55,"56":56,"57":57,"58":58,"59":59,"60":60,"61":61,"62":62,"63":63,"64":64,"65":65,"66":66,"67":67,"68":68,"69":69,"70":70,"71":71,"72":72,"73":73,"74":74,"75":75,"76":76,"77":77,"78":78,"79":79,"80":80,"81":81,"82":82,"83":83,"84":84,"85":85,"86":86,"87":87,"88":88,"89":89,"90":90,"91":91,"92":92,"93":93,"94":94,"95":95,"96":96,"97":97,"98":98,"99":99},"mean":{"0":0.0541015632,"1":0.031381266,"2":0.0383268131,"3":0.0353349513,"4":0.0153288792,"5":0.0254487329,"6":0.0346643958,"7":0.027322097,"8":0.0250735316,"9":0.0381479528,"10":0.0294757651,"11":0.0194901692,"12":0.0262638032,"13":0.0268491374,"14":0.0281624761,"15":0.0244218819,"16":0.0205598606,"17":0.0289999975,"18":0.0406694081,"19":0.0361954835,"20":0.0302097102,"21":0.0631755524,"22":0.0180459138,"23":0.0324911376,"24":0.0162863533,"25":0.0325974027,"26":0.0266060068,"27":0.0357437995,"28":0.0520815518,"29":0.0313178566,"30":0.0246917307,"31":0.0194850398,"32":0.0289687978,"33":0.0366092205,"34":0.0295927094,"35":0.0316799879,"36":0.0393904977,"37":0.0267691596,"38":0.045881629,"39":0.0352552202,"40":0.032393535,"41":0.0440815356,"42":0.0439805024,"43":0.0295858648,"44":0.0184879676,"45":0.0298604998,"46":0.0322565966,"47":0.0222373739,"48":0.0309370557,"49":0.0168318368,"50":0.0325965616,"51":0.0217690207,"52":0.0161553886,"53":0.034666025,"54":0.0376088288,"55":0.0229819583,"56":0.0293101635,"57":0.0535427663,"58":0.0313851767,"59":0.0352034072,"60":0.0222591592,"61":0.0310222076,"62":0.0333579679,"63":0.0397032963,"64":0.0308225519,"65":0.0347669899,"66":0.0351988408,"67":0.030420506,"68":0.0263535943,"69":0.0479073657,"70":0.0402409269,"71":0.0520646539,"72":0.0370683405,"73":0.0320922004,"74":0.0250965423,"75":0.0396149059,"76":0.0306875904,"77":0.0301236709,"78":0.0563112299,"79":0.0329468747,"80":0.0371829834,"81":0.0264810042,"82":0.0324156218,"83":0.0195884928,"84":0.0186582439,"85":0.0234517819,"86":0.0217692968,"87":0.0277615819,"88":0.040249202,"89":0.0443897711,"90":0.0375615127,"91":0.0259816299,"92":0.0338230497,"93":0.0313817024,"94":0.0690072974,"95":0.023570367,"96":0.0388117598,"97":0.0376317898,"98":0.0354975872,"99":0.0427972873},"median":{"0":0.0570525154,"1":0.0333557352,"2":0.0389078781,"3":0.0351405218,"4":0.0147345262,"5":0.0260444377,"6":0.0329711959,"7":0.0270244926,"8":0.0250969939,"9":0.037343584,"10":0.030146163,"11":0.0183199719,"12":0.0247608181,"13":0.0261478741,"14":0.0268350411,"15":0.023588907,"16":0.02004328,"17":0.0287652183,"18":0.0380964503,"19":0.0356171653,"20":0.0310425572,"21":0.0618790872,"22":0.0177496001,"23":0.0325537324,"24":0.0165847614,"25":0.03287917,"26":0.0263782833,"27":0.0343717672,"28":0.0512069911,"29":0.0307471883,"30":0.0242636539,"31":0.0194118973,"32":0.0266199913,"33":0.0370550752,"34":0.0274361316,"35":0.0308789089,"36":0.0386360623,"37":0.0272149146,"38":0.0478885248,"39":0.0346585028,"40":0.0335657001,"41":0.0424001887,"42":0.0443378352,"43":0.0286399331,"44":0.017361125,"45":0.0276291426,"46":0.0328478254,"47":0.0223967358,"48":0.0303974394,"49":0.0175462849,"50":0.0314885899,"51":0.0220978819,"52":0.0161619931,"53":0.0346723087,"54":0.03552844,"55":0.024186926,"56":0.0307341516,"57":0.0522862226,"58":0.0313249156,"59":0.0350597017,"60":0.0231686346,"61":0.030950414,"62":0.0337383375,"63":0.039873533,"64":0.0316252001,"65":0.0353531986,"66":0.0344243161,"67":0.030199267,"68":0.0272828303,"69":0.0530874282,"70":0.0388705656,"71":0.0509808175,"72":0.0387878865,"73":0.0322761014,"74":0.0258162692,"75":0.0388234742,"76":0.030380981,"77":0.0292254016,"78":0.0578413419,"79":0.0338199176,"80":0.037775442,"81":0.0263167769,"82":0.030752426,"83":0.018647451,"84":0.0184431933,"85":0.0232502837,"86":0.0210082661,"87":0.027595384,"88":0.0404919945,"89":0.0463055223,"90":0.0378176495,"91":0.0252493788,"92":0.0310830809,"93":0.031140333,"94":0.0706784055,"95":0.0231297351,"96":0.039574258,"97":0.0368291885,"98":0.0355155319,"99":0.0430979878}}