{"cid":{"0":1,"1":1,"2":1,"3":1,"4":1,"5":1,"6":1,"7":1,"8":1,"9":1,"10":1,"11":1,"12":1,"13":1,"14":1,"15":1,"16":1,"17":1,"18":1,"19":1,"20":1,"21":1,"22":1,"23":1,"24":1,"25":1,"26":1,"27":1,"28":1,"29":1,"30":1,"31":1,"32":1,"33":1,"34":1,"35":1,"36":1,"37":1,"38":1,"39":1,"40":1,"41":1,"42":1,"43":1,"44":1,"45":1,"46":1,"47":1,"48":1,"49":1,"50":1,"51":1,"52":1,"53":1,"54":1,"55":1,"56":1,"57":1,"58":1,"59":1,"60":2,"61":2,"62":2,"63":2,"64":2,"65":2,"66":2,"67":2,"68":2,"69":2,"70":2,"71":2,"72":2,"73":2,"74":2,"75":2,"76":2,"77":2,"78":2,"79":2,"80":2,"81":2,"82":2,"83":2,"84":2,"85":2,"86":2,"87":2,"88":2,"89":2,"90":2,"91":2,"92":2,"93":2,"94":2,"95":2,"96":2,"97":2,"98":2,"99":2},"oid":{"0":0,"1":1,"2":2,"3":3,"4":4,"5":5,"6":6,"7":7,"8":8,"9":9,"10":10,"11":11,"12":12,"13":13,"14":14,"15":15,"16":16,"17":17,"18":18,"19":19,"20":20,"21":21,"22":22,"23":23,"24":24,"25":25,"26":26,"27":27,"28":28,"29":29,"30":30,"31":31,"32":32,"33":33,"34":34,"35":35,"36":36,"37":37,"38":38,"39":39,"40":40,"41":41,"42":42,"43":43,"44":44,"45":45,"46":46,"47":47,"48":48,"49":49,"50":50,"51":51,"52":52,"53":53,"54":54,"55":55,"56":56,"57":57,"58":58,"59":59,"60":60,"61":61,"62":62,"63":63,"64":64,"65":65,"66":66,"67":67,"68":68,"69":69,"70":70,"71":71,"72":72,"73":73,"74":74,"75":75,"76":76,"77":77,"78":78,"79":79,"80":80,"81":81,"82":82,"83":83,"84":84,"85":85,"86":86,"87":87,"88":88,"89":89,"90":90,"91":91,"92":92,"93":93,"94":94,"95":95,"96":96,"97":97,"98":98,"99":99},"mean":{"0":0.0248740084,"1":0.0321657194,"2":0.0519546403,"3":0.0353170004,"4":0.0224285622,"5":0.0214044452,"6":0.0385984513,"7":0.0367430581,"8":0.028992229,"9":0.0430319574,"10":0.0253711111,"11":0.0327903297,"12":0.0396606392,"13":0.0382859839,"14":0.0567938487,"15":0.0497968979,"16":0.037063645,"17":0.0322926243,"18":0.0412145522,"19":0.0364871687,"20":0.0309725404,"21":0.0332115889,"22":0.0280536744,"23":0.0434062978,"24":0.0324792332,"25":0.0366807249,"26":0.0400580002,"27":0.0296480788,"28":0.0310170949,"29":0.0353043079,"30":0.0309954248,"31":0.043491443,"32":0.0384061568,"33":0.0250979841,"34":0.0224661662,"35":0.0304479433,"36":0.0341319442,"37":0.0319920248,"38":0.0425463253,"39":0.0353436205,"40":0.0376028419,"41":0.0388781958,"42":0.0376752516,"43":0.0317711035,"44":0.0361510739,"45":0.0320295129,"46":0.036462658,"47":0.0399752438,"48":0.0323739482,"49":0.0411452485,"50":0.0455060634,"51":0.0328565054,"52":0.0273173253,"53":0.0250629038,"54":0.0334106882,"55":0.0369566712,"56":0.0258401401,"57":0.0484476089,"58":0.0472567247,"59":0.0384669304,"60":0.020053837,"61":0.0298653907,"62":0.0552228226,"63":0.0442404846,"64":0.0274362117,"65":0.0703717232,"66":0.0501694745,"67":0.0313964933,"68":0.0235329353,"69":0.0571333236,"70":0.0435427328,"71":0.0515149666,"72":0.0460968647,"73":0.0273768836,"74":0.0365912517,"75":0.0261891749,"76":0.0510971215,"77":0.0431263049,"78":0.0536281135,"79":0.0732829968,"80":0.0402379036,"81":0.0335300499,"82":0.0323581828,"83":0.0255353779,"84":0.0309754213,"85":0.0301917328,"86":0.0493770705,"87":0.0395914813,"88":0.0337799191,"89":0.0356612504,"90":0.0438401567,"91":0.0371942918,"92":0.0369483895,"93":0.0888676226,"94":0.0405680074,"95":0.0495924585,"96":0.0650431381,"97":0.0284265942,"98":0.026203325,"99":0.0403555168},"median":{"0":0.0253322367,"1":0.0320645794,"2":0.0523088202,"3":0.0351117961,"4":0.0228435788,"5":0.0208743401,"6":0.0413552411,"7":0.0365479551,"8":0.0281530079,"9":0.0444506481,"10":0.0257289372,"11":0.0334217176,"12":0.0418722779,"13":0.0377123095,"14":0.0528140664,"15":0.0487999171,"16":0.0347502455,"17":0.0308328513,"18":0.0426348746,"19":0.0364902541,"20":0.0299676433,"21":0.0319802277,"22":0.0279955044,"23":0.0447088145,"24":0.0316517651,"25":0.0339525677,"26":0.0409938209,"27":0.0294680912,"28":0.0308111254,"29":0.0358286127,"30":0.0312097259,"31":0.0408332609,"32":0.0363078937,"33":0.0241134465,"34":0.0222844258,"35":0.0308510829,"36":0.0343259238,"37":0.0325066037,"38":0.0413241349,"39":0.0331181996,"40":0.0361174606,"41":0.037709441,"42":0.0362806842,"43":0.0313294306,"44":0.0346913189,"45":0.0316265933,"46":0.0366367698,"47":0.0398477279,"48":0.0325067192,"49":0.0407327227,"50":0.0474301726,"51":0.0341240764,"52":0.0274457391,"53":0.0253805779,"54":0.0311291963,"55":0.0352303162,"56":0.0247545522,"57":0.0490507819,"58":0.0505541041,"59":0.039732974,"60":0.0210623108,"61":0.0285729729,"62":0.0539908335,"63":0.0414837897,"64":0.0271989703,"65":0.0739222765,"66":0.0511435866,"67":0.0292042568,"68":0.0234753434,"69":0.0553942323,"70":0.0418431163,"71":0.0515967794,"72":0.0452053137,"73":0.0244102385,"74":0.0368947722,"75":0.0261826701,"76":0.053939499,"77":0.0443881713,"78":0.0536866412,"79":0.0731493086,"80":0.0388001688,"81":0.0344103537,"82":0.0329374783,"83":0.0251849927,"84":0.0309225582,"85":0.0303886645,"86":0.0509160683,"87":0.0382815041,"88":0.0350166522,"89":0.0357159637,"90":0.0432877988,"91":0.0364445262,"92":0.0389164276,"93":0.0924812779,"94":0.0397682637,"95":0.0510754362,"96":0.0647416636,"97":0.0275240559,"98":0.0271747932,"99":0.0389872864}}