{"cid":{"0":1,"1":1,"2":1,"3":1,"4":1,"5":1,"6":1,"7":1,"8":1,"9":1,"10":1,"11":1,"12":1,"13":1,"14":1,"15":1,"16":1,"17":1,"18":1,"19":1,"20":1,"21":1,"22":1,"23":1,"24":1,"25":1,"26":1,"27":1,"28":1,"29":1,"30":1,"31":1,"32":1,"33":1,"34":1,"35":1,"36":1,"37":1,"38":1,"39":1,"40":1,"41":1,"42":1,"43":1,"44":1,"45":1,"46":1,"47":1,"48":1,"49":1,"50":1,"51":1,"52":1,"53":1,"54":1,"55":1,"56":1,"57":1,"58":1,"59":1,"60":2,"61":2,"62":2,"63":2,"64":2,"65":2,"66":2,"67":2,"68":2,"69":2,"70":2,"71":2,"72":2,"73":2,"74":2,"75":2,"76":2,"77":2,"78":2,"79":2,"80":2,"81":2,"82":2,"83":2,"84":2,"85":2,"86":2,"87":2,"88":2,"89":2,"90":2,"91":2,"92":2,"93":2,"94":2,"95":2,"96":2,"97":2,"98":2,"99":2},"oid":{"0":0,"1":1,"2":2,"3":3,"4":4,"5":5,"6":6,"7":7,"8":8,"9":9,"10":10,"11":11,"12":12,"13":13,"14":14,"15":15,"16":16,"17":17,"18":18,"19":19,"20":20,"21":21,"22":22,"23":23,"24":24,"25":25,"26":26,"27":27,"28":28,"29":29,"30":30,"31":31,"32":32,"33":33,"34":34,"35":35,"36":36,"37":37,"38":38,"39":39,"40":40,"41":41,"42":42,"43":43,"44":44,"45":45,"46":46,"47":47,"48":48,"49":49,"50":50,"51":51,"52":52,"53":53,"54":54,"55":55,"56":56,"57":57,"58":58,"59":59,"60":60,"61":61,"62":62,"63":63,"64":64,"65":65,"66":66,"67":67,"68":68,"69":69,"70":70,"71":71,"72":72,"73":73,"74":74,"75":75,"76":76,"77":77,"78":78,"79":79,"80":80,"81":81,"82":82,"83":83,"84":84,"85":85,"86":86,"87":87,"88":88,"89":89,"90":90,"91":91,"92":92,"93":93,"94":94,"95":95,"96":96,"97":97,"98":98,"99":99},"mean":{"0":0.0301706725,"1":0.0285280546,"2":0.0407680273,"3":0.0312192374,"4":0.015755809,"5":0.0175272624,"6":0.0296754009,"7":0.0256311066,"8":0.028197315,"9":0.0339263976,"10":0.0225378937,"11":0.0187552008,"12":0.0259368304,"13":0.0292726093,"14":0.0283294121,"15":0.0309109334,"16":0.0264598181,"17":0.0316845874,"18":0.0210874909,"19":0.0240098271,"20":0.028692315,"21":0.0509351624,"22":0.0173854795,"23":0.0261651476,"24":0.0207188427,"25":0.0303458406,"26":0.0309948093,"27":0.0236767994,"28":0.0415755378,"29":0.0304976139,"30":0.0208261609,"31":0.0247186886,"32":0.0257787208,"33":0.0294213235,"34":0.0265707738,"35":0.0361806353,"36":0.0226030383,"37":0.0201007326,"38":0.0308316184,"39":0.0235476047,"40":0.0226238138,"41":0.0352793071,"42":0.044227759,"43":0.0251072662,"44":0.02529197,"45":0.0201978667,"46":0.0186014407,"47":0.027928251,"48":0.029507084,"49":0.0205465621,"50":0.0304118262,"51":0.0245024264,"52":0.0213927262,"53":0.0283328493,"54":0.0241842022,"55":0.0271320177,"56":0.0199735678,"57":0.0302746495,"58":0.0147842036,"59":0.0250205861,"60":0.0340873665,"61":0.0277248886,"62":0.0355168581,"63":0.0410591927,"64":0.0217722423,"65":0.023581481,"66":0.0423077676,"67":0.0238938302,"68":0.019758405,"69":0.0244628919,"70":0.032982856,"71":0.0221861353,"72":0.0270798604,"73":0.0324738489,"74":0.019162428,"75":0.0251061089,"76":0.0251332422,"77":0.0301872061,"78":0.03480749,"79":0.0277111712,"80":0.0422491564,"81":0.0187715838,"82":0.021179537,"83":0.0148852929,"84":0.0193337682,"85":0.0191293392,"86":0.0168677419,"87":0.0313101113,"88":0.0284378827,"89":0.0178340971,"90":0.0275810162,"91":0.0270725472,"92":0.0313805209,"93":0.0471982598,"94":0.0284115805,"95":0.0177159773,"96":0.0289205147,"97":0.020462412,"98":0.0207801573,"99":0.0423996813},"median":{"0":0.0316752978,"1":0.0298234597,"2":0.0389354266,"3":0.0291159805,"4":0.0147393961,"5":0.0170296188,"6":0.0274743065,"7":0.0268190037,"8":0.0268455744,"9":0.0318736844,"10":0.022051841,"11":0.0174344387,"12":0.0255911388,"13":0.0287594683,"14":0.02882348,"15":0.0310951993,"16":0.0269698482,"17":0.0322010554,"18":0.0205149632,"19":0.0225352291,"20":0.0283577088,"21":0.0511477105,"22":0.0166475326,"23":0.0264900997,"24":0.0217204932,"25":0.0300723724,"26":0.031461753,"27":0.0240619704,"28":0.0409326628,"29":0.0279501937,"30":0.0210137777,"31":0.0242783986,"32":0.0245961007,"33":0.0284697525,"34":0.0250722617,"35":0.0320022404,"36":0.024706142,"37":0.021325469,"38":0.0304597076,"39":0.0223793909,"40":0.0226762556,"41":0.0362135358,"42":0.0455173664,"43":0.0236678589,"44":0.0250380784,"45":0.0197671615,"46":0.0192782432,"47":0.0285728555,"48":0.0300000086,"49":0.0202027876,"50":0.0292135179,"51":0.0242626518,"52":0.0207046457,"53":0.0276288595,"54":0.0244405176,"55":0.026837416,"56":0.0193791147,"57":0.0307876747,"58":0.0137753496,"59":0.0249194372,"60":0.0359923691,"61":0.0274532344,"62":0.0343732089,"63":0.0392412618,"64":0.0206806306,"65":0.0231375918,"66":0.0428665504,"67":0.0238762498,"68":0.019272605,"69":0.0237884372,"70":0.0314420126,"71":0.02201082,"72":0.0272738244,"73":0.032719966,"74":0.0192701779,"75":0.0253545437,"76":0.0256456863,"77":0.0311006457,"78":0.0346891135,"79":0.0285901595,"80":0.0417640619,"81":0.0179140642,"82":0.0214219559,"83":0.0140013881,"84":0.0177198816,"85":0.0201528389,"86":0.0166113377,"87":0.0325968154,"88":0.0266427677,"89":0.0179187227,"90":0.0275012571,"91":0.0271487162,"92":0.0301639717,"93":0.0453336649,"94":0.0286086351,"95":0.0169449318,"96":0.0298022516,"97":0.0193454698,"98":0.0208000038,"99":0.0409264937}}