{"cid":{"0":1,"1":1,"2":1,"3":1,"4":1,"5":1,"6":1,"7":1,"8":1,"9":1,"10":1,"11":1,"12":1,"13":1,"14":1,"15":1,"16":1,"17":1,"18":1,"19":1,"20":1,"21":1,"22":1,"23":1,"24":1,"25":1,"26":1,"27":1,"28":1,"29":1,"30":1,"31":1,"32":1,"33":1,"34":1,"35":1,"36":1,"37":1,"38":1,"39":1,"40":1,"41":1,"42":1,"43":1,"44":1,"45":1,"46":1,"47":1,"48":1,"49":1,"50":1,"51":1,"52":1,"53":1,"54":1,"55":1,"56":1,"57":1,"58":1,"59":1,"60":2,"61":2,"62":2,"63":2,"64":2,"65":2,"66":2,"67":2,"68":2,"69":2,"70":2,"71":2,"72":2,"73":2,"74":2,"75":2,"76":2,"77":2,"78":2,"79":2,"80":2,"81":2,"82":2,"83":2,"84":2,"85":2,"86":2,"87":2,"88":2,"89":2,"90":2,"91":2,"92":2,"93":2,"94":2,"95":2,"96":2,"97":2,"98":2,"99":2},"oid":{"0":0,"1":1,"2":2,"3":3,"4":4,"5":5,"6":6,"7":7,"8":8,"9":9,"10":10,"11":11,"12":12,"13":13,"14":14,"15":15,"16":16,"17":17,"18":18,"19":19,"20":20,"21":21,"22":22,"23":23,"24":24,"25":25,"26":26,"27":27,"28":28,"29":29,"30":30,"31":31,"32":32,"33":33,"34":34,"35":35,"36":36,"37":37,"38":38,"39":39,"40":40,"41":41,"42":42,"43":43,"44":44,"45":45,"46":46,"47":47,"48":48,"49":49,"50":50,"51":51,"52":52,"53":53,"54":54,"55":55,"56":56,"57":57,"58":58,"59":59,"60":60,"61":61,"62":62,"63":63,"64":64,"65":65,"66":66,"67":67,"68":68,"69":69,"70":70,"71":71,"72":72,"73":73,"74":74,"75":75,"76":76,"77":77,"78":78,"79":79,"80":80,"81":81,"82":82,"83":83,"84":84,"85":85,"86":86,"87":87,"88":88,"89":89,"90":90,"91":91,"92":92,"93":93,"94":94,"95":95,"96":96,"97":97,"98":98,"99":99},"mean":{"0":0.02904133,"1":0.0362644427,"2":0.0694685645,"3":0.0349352558,"4":0.0286983252,"5":0.0191294617,"6":0.0414654281,"7":0.0657638245,"8":0.0303434398,"9":0.0408242212,"10":0.0187859452,"11":0.0356672208,"12":0.0307180882,"13":0.056440115,"14":0.0531699591,"15":0.0284254719,"16":0.0384894742,"17":0.0440225899,"18":0.024165786,"19":0.0557833513,"20":0.0478730334,"21":0.0357624955,"22":0.0276202973,"23":0.0402841601,"24":0.0231728024,"25":0.0265256481,"26":0.0400678383,"27":0.032464746,"28":0.0381395784,"29":0.035009755,"30":0.0319472365,"31":0.0330475668,"32":0.0287140012,"33":0.0371058911,"34":0.0461723506,"35":0.0310242706,"36":0.0269877149,"37":0.026030514,"38":0.0391248961,"39":0.0393069453,"40":0.0380394724,"41":0.0403844979,"42":0.0343685812,"43":0.0264213896,"44":0.0210739598,"45":0.0346578028,"46":0.0427198013,"47":0.0231428862,"48":0.0363064011,"49":0.0215264625,"50":0.026675668,"51":0.029823184,"52":0.0313418971,"53":0.0384117994,"54":0.0360547039,"55":0.0211597615,"56":0.0317417549,"57":0.0639750163,"58":0.0272591081,"59":0.0255654388,"60":0.0337664121,"61":0.0347895887,"62":0.0422795547,"63":0.048858583,"64":0.0337915156,"65":0.0520316958,"66":0.0453111562,"67":0.03005431,"68":0.0364013579,"69":0.0503523416,"70":0.0453296436,"71":0.0484324594,"72":0.0432235996,"73":0.0315087636,"74":0.0277399984,"75":0.0276620769,"76":0.0607873996,"77":0.0344551471,"78":0.0617006752,"79":0.0341644055,"80":0.0425178773,"81":0.032367097,"82":0.0388479167,"83":0.0238419726,"84":0.0271283289,"85":0.0402603348,"86":0.0393986305,"87":0.0334138109,"88":0.0531674723,"89":0.0461422205,"90":0.0558217367,"91":0.0350580017,"92":0.0388102035,"93":0.0640142322,"94":0.0515914162,"95":0.0517433551,"96":0.0473802421,"97":0.0334054695,"98":0.0279467683,"99":0.0469026003},"median":{"0":0.0264024734,"1":0.0329383127,"2":0.0682098493,"3":0.031485144,"4":0.029630864,"5":0.020219706,"6":0.0426085852,"7":0.0641264543,"8":0.0317787975,"9":0.0429512635,"10":0.016342435,"11":0.0362496674,"12":0.0305269305,"13":0.0571672656,"14":0.0546995997,"15":0.0254316702,"16":0.0368566588,"17":0.0433717854,"18":0.0239923075,"19":0.0524906106,"20":0.0475787781,"21":0.0356577598,"22":0.0246742405,"23":0.0400082469,"24":0.0220309813,"25":0.0248033106,"26":0.04076517,"27":0.0318022706,"28":0.0364314467,"29":0.0340261795,"30":0.0296406653,"31":0.0297257621,"32":0.0279650893,"33":0.0321075022,"34":0.0461708829,"35":0.0303375386,"36":0.0268163662,"37":0.0253694113,"38":0.0400704406,"39":0.0342502631,"40":0.0403147601,"41":0.0400802568,"42":0.0349331573,"43":0.0271595269,"44":0.0192524251,"45":0.0326740853,"46":0.0425144956,"47":0.0226633437,"48":0.0344335996,"49":0.0217888318,"50":0.0248681512,"51":0.0289377235,"52":0.0317042023,"53":0.0401644707,"54":0.0351146795,"55":0.0201215912,"56":0.032380715,"57":0.0669530034,"58":0.0242994018,"59":0.0255307779,"60":0.0337830707,"61":0.0353812389,"62":0.0413036011,"63":0.0450191088,"64":0.0332902484,"65":0.0531042069,"66":0.0432627946,"67":0.0309047289,"68":0.0360062607,"69":0.0477995127,"70":0.0446203873,"71":0.0453624949,"72":0.0423891358,"73":0.0271206014,"74":0.0268850885,"75":0.0270045567,"76":0.0603266917,"77":0.0329763256,"78":0.05924052,"79":0.0328740627,"80":0.0421132408,"81":0.0306999534,"82":0.0385801643,"83":0.0216936134,"84":0.0269495714,"85":0.0412927046,"86":0.037171904,"87":0.0309925061,"88":0.0532659292,"89":0.0457340851,"90":0.0543159842,"91":0.0348180383,"92":0.0382676125,"93":0.0646311194,"94":0.0533478707,"95":0.0513424315,"96":0.0501825474,"97":0.032384403,"98":0.0269999336,"99":0.0457680784}}