{"cid":{"0":1,"1":1,"2":1,"3":1,"4":1,"5":1,"6":1,"7":1,"8":1,"9":1,"10":1,"11":1,"12":1,"13":1,"14":1,"15":1,"16":1,"17":1,"18":1,"19":1,"20":1,"21":1,"22":1,"23":1,"24":1,"25":1,"26":1,"27":1,"28":1,"29":1,"30":1,"31":1,"32":1,"33":1,"34":1,"35":1,"36":1,"37":1,"38":1,"39":1,"40":1,"41":1,"42":1,"43":1,"44":1,"45":1,"46":1,"47":1,"48":1,"49":1,"50":1,"51":1,"52":1,"53":1,"54":1,"55":1,"56":1,"57":1,"58":1,"59":1,"60":2,"61":2,"62":2,"63":2,"64":2,"65":2,"66":2,"67":2,"68":2,"69":2,"70":2,"71":2,"72":2,"73":2,"74":2,"75":2,"76":2,"77":2,"78":2,"79":2,"80":2,"81":2,"82":2,"83":2,"84":2,"85":2,"86":2,"87":2,"88":2,"89":2,"90":2,"91":2,"92":2,"93":2,"94":2,"95":2,"96":2,"97":2,"98":2,"99":2},"oid":{"0":0,"1":1,"2":2,"3":3,"4":4,"5":5,"6":6,"7":7,"8":8,"9":9,"10":10,"11":11,"12":12,"13":13,"14":14,"15":15,"16":16,"17":17,"18":18,"19":19,"20":20,"21":21,"22":22,"23":23,"24":24,"25":25,"26":26,"27":27,"28":28,"29":29,"30":30,"31":31,"32":32,"33":33,"34":34,"35":35,"36":36,"37":37,"38":38,"39":39,"40":40,"41":41,"42":42,"43":43,"44":44,"45":45,"46":46,"47":47,"48":48,"49":49,"50":50,"51":51,"52":52,"53":53,"54":54,"55":55,"56":56,"57":57,"58":58,"59":59,"60":60,"61":61,"62":62,"63":63,"64":64,"65":65,"66":66,"67":67,"68":68,"69":69,"70":70,"71":71,"72":72,"73":73,"74":74,"75":75,"76":76,"77":77,"78":78,"79":79,"80":80,"81":81,"82":82,"83":83,"84":84,"85":85,"86":86,"87":87,"88":88,"89":89,"90":90,"91":91,"92":92,"93":93,"94":94,"95":95,"96":96,"97":97,"98":98,"99":99},"mean":{"0":0.0360944139,"1":0.0629780226,"2":0.0589038067,"3":0.0392714573,"4":0.0354519222,"5":0.0293929511,"6":0.0318250954,"7":0.0445439683,"8":0.0352321929,"9":0.0444963641,"10":0.0366016759,"11":0.0306601922,"12":0.0385064019,"13":0.0391298069,"14":0.0506731934,"15":0.0535543971,"16":0.0400680105,"17":0.0422601435,"18":0.0397773418,"19":0.0425541997,"20":0.0394967596,"21":0.0445841087,"22":0.0462853114,"23":0.0283471114,"24":0.0310115351,"25":0.0396100216,"26":0.0450699064,"27":0.047117677,"28":0.033419576,"29":0.0310486952,"30":0.0513163991,"31":0.034821305,"32":0.0514201721,"33":0.0494756401,"34":0.0488765306,"35":0.0376325448,"36":0.0242153373,"37":0.0355558693,"38":0.0434851315,"39":0.0355804827,"40":0.049976233,"41":0.0352739725,"42":0.0388735169,"43":0.0378374524,"44":0.0359252878,"45":0.0516551932,"46":0.0395927893,"47":0.0318260431,"48":0.0438401898,"49":0.0368441443,"50":0.0275370479,"51":0.0461088941,"52":0.0183918244,"53":0.0244898465,"54":0.0426166786,"55":0.0442595813,"56":0.0511015919,"57":0.0399124854,"58":0.0611388485,"59":0.0407954852,"60":0.0484883918,"61":0.0414131151,"62":0.0374466711,"63":0.0372938083,"64":0.0456744532,"65":0.0782662749,"66":0.0422518518,"67":0.0371756196,"68":0.0313380294,"69":0.0556141403,"70":0.0350701544,"71":0.0644553767,"72":0.0291130245,"73":0.0391298764,"74":0.0408030682,"75":0.0574188564,"76":0.0501090487,"77":0.080246018,"78":0.0632518927,"79":0.0587940216,"80":0.0557122628,"81":0.0279566646,"82":0.0955233044,"83":0.0313797802,"84":0.03473362,"85":0.0436571638,"86":0.0328917238,"87":0.0478511982,"88":0.0547910333,"89":0.0509834753,"90":0.0405250457,"91":0.0469627678,"92":0.0360852083,"93":0.0666563451,"94":0.0502389769,"95":0.0359858473,"96":0.0511129697,"97":0.0510755579,"98":0.0322153382,"99":0.0522396631},"median":{"0":0.0327558853,"1":0.0630045086,"2":0.057088051,"3":0.0364076234,"4":0.0357289053,"5":0.0290196892,"6":0.0322671905,"7":0.0448811501,"8":0.035367161,"9":0.0455571711,"10":0.035418909,"11":0.0273296926,"12":0.0385278054,"13":0.0393424183,"14":0.0456826054,"15":0.0542153418,"16":0.0401457474,"17":0.041096855,"18":0.0414981209,"19":0.0390038565,"20":0.0394189321,"21":0.0418996736,"22":0.0457505099,"23":0.0278054532,"24":0.0319388919,"25":0.0399669558,"26":0.0388595909,"27":0.0468010083,"28":0.0331996605,"29":0.0309890024,"30":0.0529060103,"31":0.0346126854,"32":0.0526380576,"33":0.0504563674,"34":0.0480782948,"35":0.0366808102,"36":0.0226041172,"37":0.0349865369,"38":0.0434357747,"39":0.0354120545,"40":0.0477198698,"41":0.0366179422,"42":0.0413684547,"43":0.0391547233,"44":0.0333999246,"45":0.0504295193,"46":0.0366354026,"47":0.0304638278,"48":0.04235119,"49":0.0377695411,"50":0.0261157565,"51":0.0440424979,"52":0.0177583415,"53":0.0237481017,"54":0.0413963944,"55":0.0458950326,"56":0.0509123094,"57":0.0382726826,"58":0.0611607283,"59":0.03893774,"60":0.0480564125,"61":0.0413619205,"62":0.0379212089,"63":0.0372398272,"64":0.0497130193,"65":0.0783370286,"66":0.0406054854,"67":0.037599355,"68":0.0316745415,"69":0.0554988421,"70":0.0339139663,"71":0.0664578304,"72":0.0297508109,"73":0.0395171344,"74":0.0409301296,"75":0.0584750883,"76":0.0502839461,"77":0.0764364004,"78":0.0640852153,"79":0.0590267032,"80":0.0556592569,"81":0.0281549245,"82":0.0550451726,"83":0.0306351203,"84":0.0354300402,"85":0.0443343967,"86":0.0330890678,"87":0.0422919169,"88":0.0537337363,"89":0.0499785878,"90":0.0395817757,"91":0.0488794446,"92":0.0336127281,"93":0.0671071708,"94":0.0498550236,"95":0.0362424143,"96":0.0488245934,"97":0.049172923,"98":0.0317652598,"99":0.0502114855}}