{"cid":{"0":1,"1":1,"2":1,"3":1,"4":1,"5":1,"6":1,"7":1,"8":1,"9":1,"10":1,"11":1,"12":1,"13":1,"14":1,"15":1,"16":1,"17":1,"18":1,"19":1,"20":1,"21":1,"22":1,"23":1,"24":1,"25":1,"26":1,"27":1,"28":1,"29":1,"30":1,"31":1,"32":1,"33":1,"34":1,"35":1,"36":1,"37":1,"38":1,"39":1,"40":1,"41":1,"42":1,"43":1,"44":1,"45":1,"46":1,"47":1,"48":1,"49":1,"50":1,"51":1,"52":1,"53":1,"54":1,"55":1,"56":1,"57":1,"58":1,"59":1,"60":2,"61":2,"62":2,"63":2,"64":2,"65":2,"66":2,"67":2,"68":2,"69":2,"70":2,"71":2,"72":2,"73":2,"74":2,"75":2,"76":2,"77":2,"78":2,"79":2,"80":2,"81":2,"82":2,"83":2,"84":2,"85":2,"86":2,"87":2,"88":2,"89":2,"90":2,"91":2,"92":2,"93":2,"94":2,"95":2,"96":2,"97":2,"98":2,"99":2},"oid":{"0":0,"1":1,"2":2,"3":3,"4":4,"5":5,"6":6,"7":7,"8":8,"9":9,"10":10,"11":11,"12":12,"13":13,"14":14,"15":15,"16":16,"17":17,"18":18,"19":19,"20":20,"21":21,"22":22,"23":23,"24":24,"25":25,"26":26,"27":27,"28":28,"29":29,"30":30,"31":31,"32":32,"33":33,"34":34,"35":35,"36":36,"37":37,"38":38,"39":39,"40":40,"41":41,"42":42,"43":43,"44":44,"45":45,"46":46,"47":47,"48":48,"49":49,"50":50,"51":51,"52":52,"53":53,"54":54,"55":55,"56":56,"57":57,"58":58,"59":59,"60":60,"61":61,"62":62,"63":63,"64":64,"65":65,"66":66,"67":67,"68":68,"69":69,"70":70,"71":71,"72":72,"73":73,"74":74,"75":75,"76":76,"77":77,"78":78,"79":79,"80":80,"81":81,"82":82,"83":83,"84":84,"85":85,"86":86,"87":87,"88":88,"89":89,"90":90,"91":91,"92":92,"93":93,"94":94,"95":95,"96":96,"97":97,"98":98,"99":99},"mean":{"0":0.0233286735,"1":0.0455511941,"2":0.0479979846,"3":0.0283270578,"4":0.0356237623,"5":0.024597471,"6":0.0343606803,"7":0.0435051852,"8":0.0281096167,"9":0.0330647164,"10":0.0435524053,"11":0.0398539139,"12":0.0412764417,"13":0.0303110282,"14":0.0452323125,"15":0.0391958728,"16":0.0343645679,"17":0.0316681796,"18":0.0268645502,"19":0.0305151674,"20":0.0352170368,"21":0.0358630617,"22":0.0316911836,"23":0.0397071309,"24":0.026148253,"25":0.0321153005,"26":0.0315431125,"27":0.061255614,"28":0.0284643537,"29":0.0314203931,"30":0.0387053341,"31":0.0391247074,"32":0.0274682558,"33":0.029291898,"34":0.0474530756,"35":0.0324450201,"36":0.0297821164,"37":0.0380930801,"38":0.0269801964,"39":0.0428183476,"40":0.0257933338,"41":0.0439724061,"42":0.0383179188,"43":0.0391632981,"44":0.0289193466,"45":0.0274621513,"46":0.0425440901,"47":0.0321540952,"48":0.0278087887,"49":0.02181832,"50":0.0409659213,"51":0.0217032358,"52":0.0181848109,"53":0.0435977148,"54":0.0405162242,"55":0.0336959925,"56":0.0292301112,"57":0.0402660668,"58":0.0292324126,"59":0.0182605816,"60":0.0332974692,"61":0.0408622424,"62":0.0406809714,"63":0.0304214292,"64":0.0334429708,"65":0.0555147052,"66":0.0422437522,"67":0.0386085063,"68":0.050051209,"69":0.0505739517,"70":0.0398502052,"71":0.0552213457,"72":0.0378200246,"73":0.0525732901,"74":0.0283318626,"75":0.0399013095,"76":0.0599767499,"77":0.0415600472,"78":0.0388975739,"79":0.046597504,"80":0.0443205469,"81":0.0348631077,"82":0.0431302322,"83":0.0341777802,"84":0.0340563556,"85":0.0401268866,"86":0.0243711041,"87":0.0419473184,"88":0.0388485591,"89":0.0303751065,"90":0.0316645768,"91":0.0305553211,"92":0.0449479686,"93":0.045551765,"94":0.0430131091,"95":0.0244925221,"96":0.0396517846,"97":0.0274635686,"98":0.0227661431,"99":0.0420793692},"median":{"0":0.0215676576,"1":0.0475606173,"2":0.0465266332,"3":0.0276545361,"4":0.0360753052,"5":0.0240380913,"6":0.0342444517,"7":0.043215178,"8":0.0294981059,"9":0.0319977105,"10":0.0445057265,"11":0.0383132324,"12":0.0393971391,"13":0.0312841572,"14":0.041341275,"15":0.0387357846,"16":0.0345860496,"17":0.0315159075,"18":0.0256623346,"19":0.028928319,"20":0.0348734967,"21":0.034805879,"22":0.0296742115,"23":0.0379175767,"24":0.0248515774,"25":0.0329052769,"26":0.0327321403,"27":0.0576326475,"28":0.0270046182,"29":0.032143753,"30":0.0394409001,"31":0.0392712764,"32":0.0268557891,"33":0.0278750136,"34":0.0463735424,"35":0.0309135988,"36":0.0295712724,"37":0.036796242,"38":0.0245912652,"39":0.0426261127,"40":0.0255448818,"41":0.0431796312,"42":0.0397076011,"43":0.036901176,"44":0.0289384387,"45":0.0285038352,"46":0.0393453687,"47":0.0314676166,"48":0.0280065443,"49":0.0208318811,"50":0.0406816266,"51":0.0217643604,"52":0.0179465767,"53":0.0418714583,"54":0.0414614491,"55":0.0345912836,"56":0.0296070669,"57":0.0415357202,"58":0.0275131352,"59":0.0178385749,"60":0.034510795,"61":0.0389866307,"62":0.041432716,"63":0.0306699481,"64":0.0314845629,"65":0.0541737936,"66":0.0423758514,"67":0.0386305973,"68":0.0510868132,"69":0.0500038601,"70":0.040365003,"71":0.0555254482,"72":0.0365871638,"73":0.0525167547,"74":0.0280028209,"75":0.0392580479,"76":0.0606584474,"77":0.0433951877,"78":0.0381517261,"79":0.0461686999,"80":0.0447372757,"81":0.034789037,"82":0.0419123657,"83":0.0308133308,"84":0.034294419,"85":0.0401150957,"86":0.0249712709,"87":0.0428659841,"88":0.0384274907,"89":0.0281656813,"90":0.0311895553,"91":0.030903738,"92":0.0453351513,"93":0.04872825,"94":0.0441010147,"95":0.0244280118,"96":0.0394699834,"97":0.026072735,"98":0.0213852786,"99":0.043587774}}