{"cid":{"0":1,"1":1,"2":1,"3":1,"4":1,"5":1,"6":1,"7":1,"8":1,"9":1,"10":1,"11":1,"12":1,"13":1,"14":1,"15":1,"16":1,"17":1,"18":1,"19":1,"20":1,"21":1,"22":1,"23":1,"24":1,"25":1,"26":1,"27":1,"28":1,"29":1,"30":1,"31":1,"32":1,"33":1,"34":1,"35":1,"36":1,"37":1,"38":1,"39":1,"40":1,"41":1,"42":1,"43":1,"44":1,"45":1,"46":1,"47":1,"48":1,"49":1,"50":1,"51":1,"52":1,"53":1,"54":1,"55":1,"56":1,"57":1,"58":1,"59":1,"60":2,"61":2,"62":2,"63":2,"64":2,"65":2,"66":2,"67":2,"68":2,"69":2,"70":2,"71":2,"72":2,"73":2,"74":2,"75":2,"76":2,"77":2,"78":2,"79":2,"80":2,"81":2,"82":2,"83":2,"84":2,"85":2,"86":2,"87":2,"88":2,"89":2,"90":2,"91":2,"92":2,"93":2,"94":2,"95":2,"96":2,"97":2,"98":2,"99":2},"oid":{"0":0,"1":1,"2":2,"3":3,"4":4,"5":5,"6":6,"7":7,"8":8,"9":9,"10":10,"11":11,"12":12,"13":13,"14":14,"15":15,"16":16,"17":17,"18":18,"19":19,"20":20,"21":21,"22":22,"23":23,"24":24,"25":25,"26":26,"27":27,"28":28,"29":29,"30":30,"31":31,"32":32,"33":33,"34":34,"35":35,"36":36,"37":37,"38":38,"39":39,"40":40,"41":41,"42":42,"43":43,"44":44,"45":45,"46":46,"47":47,"48":48,"49":49,"50":50,"51":51,"52":52,"53":53,"54":54,"55":55,"56":56,"57":57,"58":58,"59":59,"60":60,"61":61,"62":62,"63":63,"64":64,"65":65,"66":66,"67":67,"68":68,"69":69,"70":70,"71":71,"72":72,"73":73,"74":74,"75":75,"76":76,"77":77,"78":78,"79":79,"80":80,"81":81,"82":82,"83":83,"84":84,"85":85,"86":86,"87":87,"88":88,"89":89,"90":90,"91":91,"92":92,"93":93,"94":94,"95":95,"96":96,"97":97,"98":98,"99":99},"mean":{"0":0.0307408836,"1":0.049499015,"2":0.0861945947,"3":0.0498585436,"4":0.0308502946,"5":0.0362590551,"6":0.0641845597,"7":0.0576157106,"8":0.0387881928,"9":0.0456198123,"10":0.0423624516,"11":0.0245309605,"12":0.0378714932,"13":0.0520583226,"14":0.0483496057,"15":0.0312379058,"16":0.0418431494,"17":0.0374905202,"18":0.023891045,"19":0.0394059916,"20":0.0414486461,"21":0.0715473228,"22":0.0349475642,"23":0.0426562495,"24":0.027474867,"25":0.0373770926,"26":0.0288905766,"27":0.0366357664,"28":0.0543311172,"29":0.0312763982,"30":0.0397210792,"31":0.0355751879,"32":0.0453154743,"33":0.0459748119,"34":0.0320350495,"35":0.0363188717,"36":0.037436982,"37":0.0308670965,"38":0.0468259851,"39":0.0295649833,"40":0.0314275821,"41":0.0368491809,"42":0.045485066,"43":0.0324710541,"44":0.0255649537,"45":0.0475976302,"46":0.0401203301,"47":0.0333208323,"48":0.0348879496,"49":0.0311163796,"50":0.0309406585,"51":0.0259690192,"52":0.0296434793,"53":0.0259312987,"54":0.0420023865,"55":0.0311341451,"56":0.0369709531,"57":0.0449187424,"58":0.0408372945,"59":0.0330355929,"60":0.0457767215,"61":0.0423995422,"62":0.0355399681,"63":0.0397867428,"64":0.0511992541,"65":0.0829098582,"66":0.0444959634,"67":0.0262759447,"68":0.0412476063,"69":0.0508809321,"70":0.0366162923,"71":0.0706298219,"72":0.0522958934,"73":0.0283060405,"74":0.0312342644,"75":0.0363798009,"76":0.0446587867,"77":0.05594084,"78":0.0441164639,"79":0.0486403207,"80":0.0349151989,"81":0.0312546889,"82":0.042470624,"83":0.0255716145,"84":0.0206216541,"85":0.0285592642,"86":0.0424662564,"87":0.0545364817,"88":0.042103582,"89":0.0467657778,"90":0.064962897,"91":0.0512019595,"92":0.0411672559,"93":0.0619474709,"94":0.0391521388,"95":0.0360450678,"96":0.0384771758,"97":0.0314628085,"98":0.0388009436,"99":0.0714211729},"median":{"0":0.030378662,"1":0.0446066558,"2":0.0878384188,"3":0.0488045141,"4":0.0308477189,"5":0.0358977467,"6":0.0637373179,"7":0.0577383935,"8":0.037356697,"9":0.0467658341,"10":0.0420452803,"11":0.0243633837,"12":0.0389984399,"13":0.0541863553,"14":0.0460353866,"15":0.0311542377,"16":0.0434227586,"17":0.035133794,"18":0.0234558191,"19":0.0391824096,"20":0.042076353,"21":0.0736818388,"22":0.0349027477,"23":0.041919075,"24":0.0269276798,"25":0.0346600153,"26":0.0277173053,"27":0.0327855013,"28":0.0520766526,"29":0.0300658997,"30":0.0416570604,"31":0.0346808471,"32":0.0461140424,"33":0.0428182259,"34":0.0299868416,"35":0.035567496,"36":0.0389528684,"37":0.0306779761,"38":0.0488419235,"39":0.0275153536,"40":0.031672731,"41":0.038276013,"42":0.044582773,"43":0.0320460275,"44":0.0252529494,"45":0.0498351008,"46":0.0396531709,"47":0.0320597403,"48":0.0363059193,"49":0.031232778,"50":0.0305197127,"51":0.02589323,"52":0.0277224239,"53":0.024493536,"54":0.0409158245,"55":0.0296939183,"56":0.0370227322,"57":0.0446875766,"58":0.0420693867,"59":0.0308356881,"60":0.0428024754,"61":0.0435698032,"62":0.0347083509,"63":0.039518293,"64":0.050159324,"65":0.084209986,"66":0.0431138761,"67":0.0232659951,"68":0.0417935215,"69":0.0498394221,"70":0.0355272554,"71":0.0767699406,"72":0.0528397001,"73":0.0275909845,"74":0.0309638195,"75":0.035848517,"76":0.044066254,"77":0.0501532815,"78":0.0433777981,"79":0.0491078347,"80":0.0352019779,"81":0.0301599838,"82":0.0404360592,"83":0.0246497616,"84":0.0204484668,"85":0.0284028742,"86":0.04280065,"87":0.0579859577,"88":0.0428547561,"89":0.0456680693,"90":0.0608275682,"91":0.0502192304,"92":0.0405627489,"93":0.0628543049,"94":0.0362344682,"95":0.0334694833,"96":0.03981594,"97":0.0316800214,"98":0.0402419642,"99":0.0686852783}}