{"cid":{"0":1,"1":1,"2":1,"3":1,"4":1,"5":1,"6":1,"7":1,"8":1,"9":1,"10":1,"11":1,"12":1,"13":1,"14":1,"15":1,"16":1,"17":1,"18":1,"19":1,"20":1,"21":1,"22":1,"23":1,"24":1,"25":1,"26":1,"27":1,"28":1,"29":1,"30":1,"31":1,"32":1,"33":1,"34":1,"35":1,"36":1,"37":1,"38":1,"39":1,"40":1,"41":1,"42":1,"43":1,"44":1,"45":1,"46":1,"47":1,"48":1,"49":1,"50":1,"51":1,"52":1,"53":1,"54":1,"55":1,"56":1,"57":1,"58":1,"59":1,"60":2,"61":2,"62":2,"63":2,"64":2,"65":2,"66":2,"67":2,"68":2,"69":2,"70":2,"71":2,"72":2,"73":2,"74":2,"75":2,"76":2,"77":2,"78":2,"79":2,"80":2,"81":2,"82":2,"83":2,"84":2,"85":2,"86":2,"87":2,"88":2,"89":2,"90":2,"91":2,"92":2,"93":2,"94":2,"95":2,"96":2,"97":2,"98":2,"99":2},"oid":{"0":0,"1":1,"2":2,"3":3,"4":4,"5":5,"6":6,"7":7,"8":8,"9":9,"10":10,"11":11,"12":12,"13":13,"14":14,"15":15,"16":16,"17":17,"18":18,"19":19,"20":20,"21":21,"22":22,"23":23,"24":24,"25":25,"26":26,"27":27,"28":28,"29":29,"30":30,"31":31,"32":32,"33":33,"34":34,"35":35,"36":36,"37":37,"38":38,"39":39,"40":40,"41":41,"42":42,"43":43,"44":44,"45":45,"46":46,"47":47,"48":48,"49":49,"50":50,"51":51,"52":52,"53":53,"54":54,"55":55,"56":56,"57":57,"58":58,"59":59,"60":60,"61":61,"62":62,"63":63,"64":64,"65":65,"66":66,"67":67,"68":68,"69":69,"70":70,"71":71,"72":72,"73":73,"74":74,"75":75,"76":76,"77":77,"78":78,"79":79,"80":80,"81":81,"82":82,"83":83,"84":84,"85":85,"86":86,"87":87,"88":88,"89":89,"90":90,"91":91,"92":92,"93":93,"94":94,"95":95,"96":96,"97":97,"98":98,"99":99},"mean":{"0":0.0362511145,"1":0.0258187519,"2":0.0409129924,"3":0.0279192593,"4":0.0145112111,"5":0.0180154873,"6":0.0164318499,"7":0.026470138,"8":0.0305661956,"9":0.0349706676,"10":0.0303260783,"11":0.0190016131,"12":0.0301971436,"13":0.0219031307,"14":0.0296546982,"15":0.025536282,"16":0.0291728808,"17":0.0433079667,"18":0.0246133424,"19":0.0231453743,"20":0.0320207477,"21":0.0435697999,"22":0.0173403207,"23":0.047774593,"24":0.0183657242,"25":0.0318176879,"26":0.0247458319,"27":0.0374013252,"28":0.0471455124,"29":0.0309722688,"30":0.0244600549,"31":0.0164999002,"32":0.0330408083,"33":0.0302200496,"34":0.0260479169,"35":0.0252479547,"36":0.0234591961,"37":0.0319850379,"38":0.036058469,"39":0.0234149661,"40":0.0250948601,"41":0.0612726079,"42":0.0460782945,"43":0.0219201744,"44":0.0260042548,"45":0.0170066721,"46":0.0227205588,"47":0.0277678668,"48":0.0328295363,"49":0.0189508928,"50":0.029543274,"51":0.0141508989,"52":0.0171098345,"53":0.0451704297,"54":0.0358961092,"55":0.0238913794,"56":0.0271055069,"57":0.0259237124,"58":0.0379195015,"59":0.0426967012,"60":0.0252322687,"61":0.0419065191,"62":0.0318453511,"63":0.0417722497,"64":0.0504338675,"65":0.0350950629,"66":0.031402376,"67":0.0305432349,"68":0.0280040436,"69":0.0404124293,"70":0.0318809681,"71":0.0385329227,"72":0.0352783302,"73":0.0312711994,"74":0.0278422534,"75":0.0369996892,"76":0.0320717196,"77":0.031689571,"78":0.0366805858,"79":0.0356499387,"80":0.0319117506,"81":0.0166643626,"82":0.0300825602,"83":0.0266545504,"84":0.0285589298,"85":0.0307116078,"86":0.0326909953,"87":0.031644437,"88":0.0445859101,"89":0.0248896562,"90":0.0367795361,"91":0.0335758097,"92":0.0292060905,"93":0.0502635002,"94":0.0377506812,"95":0.0393243962,"96":0.0439289941,"97":0.0294710497,"98":0.0240823552,"99":0.0441870458},"median":{"0":0.0347207822,"1":0.0249655005,"2":0.0393361114,"3":0.0261447635,"4":0.0124909915,"5":0.0174506679,"6":0.0154810203,"7":0.0240114536,"8":0.0318781994,"9":0.0353288315,"10":0.0305953566,"11":0.0200082213,"12":0.0309255738,"13":0.021157641,"14":0.0290263016,"15":0.0255136844,"16":0.0276727974,"17":0.0441495888,"18":0.0235345885,"19":0.022438718,"20":0.0324416645,"21":0.0438723229,"22":0.017202707,"23":0.0375826098,"24":0.0182645358,"25":0.0326121375,"26":0.025316285,"27":0.0383931026,"28":0.0499420688,"29":0.0314204916,"30":0.0243062563,"31":0.0163897909,"32":0.0305126179,"33":0.031995099,"34":0.0255744848,"35":0.0250199027,"36":0.0237749312,"37":0.0324905701,"38":0.0353020281,"39":0.0225672461,"40":0.0256122537,"41":0.0643433332,"42":0.0462823883,"43":0.022392286,"44":0.02516721,"45":0.0168372132,"46":0.0226997864,"47":0.0280901436,"48":0.0339427739,"49":0.0167785306,"50":0.0298818443,"51":0.0141540691,"52":0.016334381,"53":0.0429950319,"54":0.0368764177,"55":0.0229130872,"56":0.0269386899,"57":0.0261400845,"58":0.0368984342,"59":0.0424921252,"60":0.0252016801,"61":0.0430555865,"62":0.032461144,"63":0.040329244,"64":0.0520686768,"65":0.0337519534,"66":0.0305571593,"67":0.0277322456,"68":0.0274815802,"69":0.0404675603,"70":0.029625684,"71":0.0361070856,"72":0.0354699753,"73":0.0289801992,"74":0.0269054398,"75":0.037220519,"76":0.032112781,"77":0.0338617265,"78":0.0375537612,"79":0.0347220264,"80":0.0322327949,"81":0.0164751038,"82":0.0274364091,"83":0.0264452808,"84":0.0293582343,"85":0.0318289213,"86":0.0289151184,"87":0.0306605417,"88":0.0436604805,"89":0.0264069121,"90":0.0386920273,"91":0.0321980715,"92":0.0293881744,"93":0.0476957038,"94":0.0368868299,"95":0.0393973216,"96":0.0449233614,"97":0.0283622388,"98":0.0217069425,"99":0.0425528027}}