{"cid":{"0":1,"1":1,"2":1,"3":1,"4":1,"5":1,"6":1,"7":1,"8":1,"9":1,"10":1,"11":1,"12":1,"13":1,"14":1,"15":1,"16":1,"17":1,"18":1,"19":1,"20":1,"21":1,"22":1,"23":1,"24":1,"25":1,"26":1,"27":1,"28":1,"29":1,"30":1,"31":1,"32":1,"33":1,"34":1,"35":1,"36":1,"37":1,"38":1,"39":1,"40":1,"41":1,"42":1,"43":1,"44":1,"45":1,"46":1,"47":1,"48":1,"49":1,"50":1,"51":1,"52":1,"53":1,"54":1,"55":1,"56":1,"57":1,"58":1,"59":1,"60":2,"61":2,"62":2,"63":2,"64":2,"65":2,"66":2,"67":2,"68":2,"69":2,"70":2,"71":2,"72":2,"73":2,"74":2,"75":2,"76":2,"77":2,"78":2,"79":2,"80":2,"81":2,"82":2,"83":2,"84":2,"85":2,"86":2,"87":2,"88":2,"89":2,"90":2,"91":2,"92":2,"93":2,"94":2,"95":2,"96":2,"97":2,"98":2,"99":2},"oid":{"0":0,"1":1,"2":2,"3":3,"4":4,"5":5,"6":6,"7":7,"8":8,"9":9,"10":10,"11":11,"12":12,"13":13,"14":14,"15":15,"16":16,"17":17,"18":18,"19":19,"20":20,"21":21,"22":22,"23":23,"24":24,"25":25,"26":26,"27":27,"28":28,"29":29,"30":30,"31":31,"32":32,"33":33,"34":34,"35":35,"36":36,"37":37,"38":38,"39":39,"40":40,"41":41,"42":42,"43":43,"44":44,"45":45,"46":46,"47":47,"48":48,"49":49,"50":50,"51":51,"52":52,"53":53,"54":54,"55":55,"56":56,"57":57,"58":58,"59":59,"60":60,"61":61,"62":62,"63":63,"64":64,"65":65,"66":66,"67":67,"68":68,"69":69,"70":70,"71":71,"72":72,"73":73,"74":74,"75":75,"76":76,"77":77,"78":78,"79":79,"80":80,"81":81,"82":82,"83":83,"84":84,"85":85,"86":86,"87":87,"88":88,"89":89,"90":90,"91":91,"92":92,"93":93,"94":94,"95":95,"96":96,"97":97,"98":98,"99":99},"mean":{"0":0.0327340894,"1":0.0401556359,"2":0.0386865603,"3":0.0473063257,"4":0.0309098131,"5":0.028033081,"6":0.0444299678,"7":0.0348403586,"8":0.0393429928,"9":0.0434307224,"10":0.0241685675,"11":0.0198552675,"12":0.0382429428,"13":0.0491938591,"14":0.0358756615,"15":0.0306533854,"16":0.0346465641,"17":0.0426429278,"18":0.0276609427,"19":0.0449479851,"20":0.0426555243,"21":0.0566151407,"22":0.0281307764,"23":0.0541678667,"24":0.0218348487,"25":0.0502139661,"26":0.0367436608,"27":0.0243333975,"28":0.0497537719,"29":0.0345602632,"30":0.0255028009,"31":0.0378029015,"32":0.0400108364,"33":0.0309972972,"34":0.0421897504,"35":0.0451595717,"36":0.0285550687,"37":0.0231907699,"38":0.057982756,"39":0.0240256704,"40":0.0408350295,"41":0.0533745951,"42":0.0404129691,"43":0.0396452943,"44":0.0337148607,"45":0.0432196657,"46":0.030911333,"47":0.0264789224,"48":0.0301142799,"49":0.0240339935,"50":0.0443816781,"51":0.0224780943,"52":0.0191350546,"53":0.0320482386,"54":0.0295163227,"55":0.0495249463,"56":0.0350619819,"57":0.0410469969,"58":0.0496793456,"59":0.0359630088,"60":0.0217155582,"61":0.0311621361,"62":0.0407876306,"63":0.0428054565,"64":0.0249847853,"65":0.0428729862,"66":0.0423830019,"67":0.0373108238,"68":0.0374778211,"69":0.0482650465,"70":0.0332819488,"71":0.0395480461,"72":0.0513451695,"73":0.0242669483,"74":0.0412853294,"75":0.0402393507,"76":0.036348674,"77":0.0434828202,"78":0.0434012479,"79":0.0472194652,"80":0.0518037644,"81":0.0317261749,"82":0.0508514444,"83":0.0175348163,"84":0.0183058812,"85":0.0347886019,"86":0.0270569573,"87":0.0430514382,"88":0.0448571112,"89":0.035798755,"90":0.0345044202,"91":0.0366654926,"92":0.0318583449,"93":0.0464162976,"94":0.0432860255,"95":0.0370826622,"96":0.040710075,"97":0.0362033248,"98":0.0303377975,"99":0.0535163548},"median":{"0":0.0310593732,"1":0.0410394631,"2":0.0369005166,"3":0.0510795191,"4":0.0318087265,"5":0.0281994119,"6":0.0469697155,"7":0.0350378454,"8":0.038953349,"9":0.0433759838,"10":0.0236764941,"11":0.0177674256,"12":0.0396524668,"13":0.0492497422,"14":0.0357973985,"15":0.0297386441,"16":0.0373485386,"17":0.0398511998,"18":0.0272779651,"19":0.0451995619,"20":0.0421694666,"21":0.0589509197,"22":0.0281831101,"23":0.0568119362,"24":0.0200613569,"25":0.0498110056,"26":0.036324136,"27":0.0243468005,"28":0.0497052111,"29":0.0336384661,"30":0.0245495923,"31":0.0357273556,"32":0.0363795869,"33":0.0322887972,"34":0.0378072038,"35":0.0436839685,"36":0.0296656322,"37":0.0231482964,"38":0.0585924722,"39":0.021464318,"40":0.0447425507,"41":0.0527909324,"42":0.0380250663,"43":0.0423234478,"44":0.0342878774,"45":0.0419098437,"46":0.0309732314,"47":0.0253465008,"48":0.0271127876,"49":0.0243700091,"50":0.0455376096,"51":0.0231026281,"52":0.0184169542,"53":0.0309748631,"54":0.0288203675,"55":0.0538817607,"56":0.0350673534,"57":0.0403998271,"58":0.0507594123,"59":0.0360999517,"60":0.02124051,"61":0.0307226274,"62":0.0422307476,"63":0.0436990298,"64":0.0257479586,"65":0.0415435918,"66":0.0430260114,"67":0.0360238254,"68":0.0377226397,"69":0.0443508327,"70":0.0331256278,"71":0.0369397588,"72":0.050731618,"73":0.0238571689,"74":0.0400137901,"75":0.0403540879,"76":0.0367180631,"77":0.0417331569,"78":0.0436248593,"79":0.0446208119,"80":0.0517809279,"81":0.0321640708,"82":0.0496171601,"83":0.0174813867,"84":0.0182470996,"85":0.0376316421,"86":0.027896896,"87":0.0425113589,"88":0.0440341868,"89":0.0360845663,"90":0.0337284096,"91":0.0381340645,"92":0.0294957124,"93":0.0470146462,"94":0.0400224775,"95":0.0361370668,"96":0.0378809907,"97":0.0325897299,"98":0.03249944,"99":0.0566324703}}