{"cid":{"0":1,"1":1,"2":1,"3":1,"4":1,"5":1,"6":1,"7":1,"8":1,"9":1,"10":1,"11":1,"12":1,"13":1,"14":1,"15":1,"16":1,"17":1,"18":1,"19":1,"20":1,"21":1,"22":1,"23":1,"24":1,"25":1,"26":1,"27":1,"28":1,"29":1,"30":1,"31":1,"32":1,"33":1,"34":1,"35":1,"36":1,"37":1,"38":1,"39":1,"40":1,"41":1,"42":1,"43":1,"44":1,"45":1,"46":1,"47":1,"48":1,"49":1,"50":1,"51":1,"52":1,"53":1,"54":1,"55":1,"56":1,"57":1,"58":1,"59":1,"60":2,"61":2,"62":2,"63":2,"64":2,"65":2,"66":2,"67":2,"68":2,"69":2,"70":2,"71":2,"72":2,"73":2,"74":2,"75":2,"76":2,"77":2,"78":2,"79":2,"80":2,"81":2,"82":2,"83":2,"84":2,"85":2,"86":2,"87":2,"88":2,"89":2,"90":2,"91":2,"92":2,"93":2,"94":2,"95":2,"96":2,"97":2,"98":2,"99":2},"oid":{"0":0,"1":1,"2":2,"3":3,"4":4,"5":5,"6":6,"7":7,"8":8,"9":9,"10":10,"11":11,"12":12,"13":13,"14":14,"15":15,"16":16,"17":17,"18":18,"19":19,"20":20,"21":21,"22":22,"23":23,"24":24,"25":25,"26":26,"27":27,"28":28,"29":29,"30":30,"31":31,"32":32,"33":33,"34":34,"35":35,"36":36,"37":37,"38":38,"39":39,"40":40,"41":41,"42":42,"43":43,"44":44,"45":45,"46":46,"47":47,"48":48,"49":49,"50":50,"51":51,"52":52,"53":53,"54":54,"55":55,"56":56,"57":57,"58":58,"59":59,"60":60,"61":61,"62":62,"63":63,"64":64,"65":65,"66":66,"67":67,"68":68,"69":69,"70":70,"71":71,"72":72,"73":73,"74":74,"75":75,"76":76,"77":77,"78":78,"79":79,"80":80,"81":81,"82":82,"83":83,"84":84,"85":85,"86":86,"87":87,"88":88,"89":89,"90":90,"91":91,"92":92,"93":93,"94":94,"95":95,"96":96,"97":97,"98":98,"99":99},"mean":{"0":0.0341235201,"1":0.0314610369,"2":0.0375081533,"3":0.0322076546,"4":0.0287578901,"5":0.0281706717,"6":0.0391064584,"7":0.0332737466,"8":0.0390164852,"9":0.0432803896,"10":0.0310665899,"11":0.0253112349,"12":0.0336918036,"13":0.0392779046,"14":0.0374553402,"15":0.0382648222,"16":0.0480016371,"17":0.0314074722,"18":0.0433346166,"19":0.045270337,"20":0.0551216967,"21":0.0346957015,"22":0.0241822965,"23":0.0389544235,"24":0.0210889512,"25":0.0457737843,"26":0.0267566029,"27":0.0383012229,"28":0.034127295,"29":0.0235051513,"30":0.0311880372,"31":0.0374509825,"32":0.0456686285,"33":0.0476192802,"34":0.0472176009,"35":0.0433538854,"36":0.0323730807,"37":0.0330439409,"38":0.0468888879,"39":0.0380294853,"40":0.0397924483,"41":0.0275291751,"42":0.0276136928,"43":0.036990318,"44":0.0353312269,"45":0.0366544326,"46":0.0337210364,"47":0.0346485466,"48":0.0463343528,"49":0.0303012464,"50":0.0470737881,"51":0.0331976712,"52":0.032970041,"53":0.0359866983,"54":0.0404471358,"55":0.0507314702,"56":0.028239823,"57":0.0700770881,"58":0.0634463098,"59":0.0331083768,"60":0.0269995315,"61":0.0431716475,"62":0.0428709421,"63":0.0411329336,"64":0.0270215207,"65":0.0477372646,"66":0.0356413788,"67":0.0431905657,"68":0.0252283977,"69":0.0395101176,"70":0.0393984185,"71":0.045798401,"72":0.0597503649,"73":0.0298473206,"74":0.0328944392,"75":0.0248767071,"76":0.0344904529,"77":0.0486204492,"78":0.0387303962,"79":0.0446294248,"80":0.0526687404,"81":0.0301851895,"82":0.030381355,"83":0.0245317638,"84":0.0288165145,"85":0.0251171324,"86":0.0245829556,"87":0.0504799121,"88":0.0307089686,"89":0.0292810036,"90":0.0522391829,"91":0.0428317123,"92":0.0362731351,"93":0.0600975811,"94":0.0567093756,"95":0.031996217,"96":0.0434661474,"97":0.0380735662,"98":0.0295196641,"99":0.0386370222},"median":{"0":0.0356644429,"1":0.0329717174,"2":0.0377354212,"3":0.0319536813,"4":0.0280070528,"5":0.0269059017,"6":0.0387087055,"7":0.0332276523,"8":0.0387168266,"9":0.0444439165,"10":0.0309385844,"11":0.0236110762,"12":0.033423502,"13":0.039515987,"14":0.0364611112,"15":0.036195308,"16":0.047328718,"17":0.0314230435,"18":0.043751996,"19":0.0454075634,"20":0.0541418009,"21":0.0340155438,"22":0.0232526101,"23":0.0377554186,"24":0.0193801057,"25":0.0460494347,"26":0.0254859645,"27":0.038511537,"28":0.034287829,"29":0.0237629097,"30":0.0308740903,"31":0.0370334983,"32":0.0413553789,"33":0.0478234291,"34":0.0483261347,"35":0.0402205624,"36":0.0346536264,"37":0.0336572155,"38":0.0465902276,"39":0.0363712646,"40":0.0394920222,"41":0.025639277,"42":0.0272157006,"43":0.0390700251,"44":0.0373636782,"45":0.038045384,"46":0.0348036624,"47":0.0346938409,"48":0.0414271504,"49":0.0301851854,"50":0.0460438542,"51":0.0337512009,"52":0.0332077965,"53":0.0358410738,"54":0.0394357629,"55":0.0524520651,"56":0.0275186412,"57":0.071540989,"58":0.0672123581,"59":0.0329419449,"60":0.0272223763,"61":0.0431773886,"62":0.0445707813,"63":0.0390594937,"64":0.0278016087,"65":0.0479364954,"66":0.035980735,"67":0.0416334793,"68":0.0250899084,"69":0.0380050391,"70":0.0371172391,"71":0.0413931869,"72":0.0615506433,"73":0.0278918948,"74":0.0333374552,"75":0.0253798123,"76":0.0318775028,"77":0.047143288,"78":0.0385105275,"79":0.0444984287,"80":0.0538087264,"81":0.0281922426,"82":0.0301020388,"83":0.0243727602,"84":0.0270298403,"85":0.0246667285,"86":0.0246423203,"87":0.0505395122,"88":0.0307996478,"89":0.0292107947,"90":0.0509079099,"91":0.0452203117,"92":0.0358769596,"93":0.0595554076,"94":0.0548746325,"95":0.0316431634,"96":0.0423461385,"97":0.0346237868,"98":0.0308714602,"99":0.0384291485}}