{"cid":{"0":1,"1":1,"2":1,"3":1,"4":1,"5":1,"6":1,"7":1,"8":1,"9":1,"10":1,"11":1,"12":1,"13":1,"14":1,"15":1,"16":1,"17":1,"18":1,"19":1,"20":1,"21":1,"22":1,"23":1,"24":1,"25":1,"26":1,"27":1,"28":1,"29":1,"30":1,"31":1,"32":1,"33":1,"34":1,"35":1,"36":1,"37":1,"38":1,"39":1,"40":1,"41":1,"42":1,"43":1,"44":1,"45":1,"46":1,"47":1,"48":1,"49":1,"50":1,"51":1,"52":1,"53":1,"54":1,"55":1,"56":1,"57":1,"58":1,"59":1,"60":2,"61":2,"62":2,"63":2,"64":2,"65":2,"66":2,"67":2,"68":2,"69":2,"70":2,"71":2,"72":2,"73":2,"74":2,"75":2,"76":2,"77":2,"78":2,"79":2,"80":2,"81":2,"82":2,"83":2,"84":2,"85":2,"86":2,"87":2,"88":2,"89":2,"90":2,"91":2,"92":2,"93":2,"94":2,"95":2,"96":2,"97":2,"98":2,"99":2},"oid":{"0":0,"1":1,"2":2,"3":3,"4":4,"5":5,"6":6,"7":7,"8":8,"9":9,"10":10,"11":11,"12":12,"13":13,"14":14,"15":15,"16":16,"17":17,"18":18,"19":19,"20":20,"21":21,"22":22,"23":23,"24":24,"25":25,"26":26,"27":27,"28":28,"29":29,"30":30,"31":31,"32":32,"33":33,"34":34,"35":35,"36":36,"37":37,"38":38,"39":39,"40":40,"41":41,"42":42,"43":43,"44":44,"45":45,"46":46,"47":47,"48":48,"49":49,"50":50,"51":51,"52":52,"53":53,"54":54,"55":55,"56":56,"57":57,"58":58,"59":59,"60":60,"61":61,"62":62,"63":63,"64":64,"65":65,"66":66,"67":67,"68":68,"69":69,"70":70,"71":71,"72":72,"73":73,"74":74,"75":75,"76":76,"77":77,"78":78,"79":79,"80":80,"81":81,"82":82,"83":83,"84":84,"85":85,"86":86,"87":87,"88":88,"89":89,"90":90,"91":91,"92":92,"93":93,"94":94,"95":95,"96":96,"97":97,"98":98,"99":99},"mean":{"0":0.0314836635,"1":0.037839108,"2":0.0662411981,"3":0.0289251341,"4":0.0321127474,"5":0.0295851794,"6":0.0415834188,"7":0.0515227318,"8":0.0302057068,"9":0.0476967626,"10":0.0240337518,"11":0.0350806117,"12":0.0272979968,"13":0.0710640881,"14":0.0532437695,"15":0.0273322612,"16":0.0460281273,"17":0.0515221258,"18":0.0192643868,"19":0.049032304,"20":0.0385571718,"21":0.0667766862,"22":0.0292542444,"23":0.0547658337,"24":0.0200076418,"25":0.0282924738,"26":0.0388790005,"27":0.0340507097,"28":0.0422240429,"29":0.0405337214,"30":0.0490093082,"31":0.0260593974,"32":0.0373099711,"33":0.0404924989,"34":0.0489688582,"35":0.0299879114,"36":0.0291784472,"37":0.0264966786,"38":0.0344383584,"39":0.0274489042,"40":0.0478589204,"41":0.0517339276,"42":0.0461965568,"43":0.0217265156,"44":0.0273071565,"45":0.0367729266,"46":0.0386367937,"47":0.02509152,"48":0.0399779081,"49":0.0292502907,"50":0.0309493509,"51":0.0265608504,"52":0.0351581507,"53":0.0464396675,"54":0.0354772872,"55":0.0220343255,"56":0.0243510058,"57":0.0662800007,"58":0.0285724998,"59":0.0359917879,"60":0.0402718584,"61":0.0464400318,"62":0.0440336466,"63":0.0358962814,"64":0.0423490471,"65":0.0589739919,"66":0.0595008863,"67":0.0365780056,"68":0.0353954169,"69":0.0418717729,"70":0.0496591727,"71":0.0615065694,"72":0.0286067194,"73":0.0282085273,"74":0.0399644176,"75":0.0292371975,"76":0.0376878811,"77":0.0470388797,"78":0.0534765058,"79":0.0643186635,"80":0.045241442,"81":0.0361741218,"82":0.0443891916,"83":0.0231702149,"84":0.0211150216,"85":0.0353789694,"86":0.0386035906,"87":0.0644446346,"88":0.053905944,"89":0.0335521963,"90":0.0540938311,"91":0.0352580216,"92":0.0378520158,"93":0.0583025217,"94":0.0662668612,"95":0.0452754762,"96":0.0695597066,"97":0.0443461239,"98":0.0274728518,"99":0.0604142348},"median":{"0":0.0283721276,"1":0.0377292223,"2":0.0627753958,"3":0.0269811079,"4":0.0306105446,"5":0.0293211937,"6":0.0413041487,"7":0.0502378196,"8":0.0311892517,"9":0.0479269773,"10":0.0233644899,"11":0.0326897353,"12":0.0258027092,"13":0.071787335,"14":0.0538034774,"15":0.0263207648,"16":0.0477409326,"17":0.0554322749,"18":0.0187145583,"19":0.0501702242,"20":0.0388155766,"21":0.069597885,"22":0.0280227326,"23":0.0578864291,"24":0.0185464919,"25":0.0261385739,"26":0.0376014449,"27":0.0327783711,"28":0.0416044891,"29":0.041128315,"30":0.0499822497,"31":0.0241267253,"32":0.035822019,"33":0.034193255,"34":0.0495048128,"35":0.0299240462,"36":0.0297992863,"37":0.0260968674,"38":0.0329989716,"39":0.0244734604,"40":0.0509102941,"41":0.0503756218,"42":0.0464948788,"43":0.0212932713,"44":0.0248530284,"45":0.0360700786,"46":0.0407923982,"47":0.0244904943,"48":0.0297993533,"49":0.0267825723,"50":0.0308640674,"51":0.0257469881,"52":0.0344054289,"53":0.0460029468,"54":0.0354841426,"55":0.0230104122,"56":0.0228130855,"57":0.063045539,"58":0.0265915729,"59":0.0362133235,"60":0.0389598757,"61":0.046453882,"62":0.0405819565,"63":0.0330707878,"64":0.0405193903,"65":0.0613534451,"66":0.0577625185,"67":0.0361165628,"68":0.0352042615,"69":0.0370731726,"70":0.0510665961,"71":0.0603424944,"72":0.0269686189,"73":0.0280177481,"74":0.0404699147,"75":0.0295612924,"76":0.0362037197,"77":0.0462623946,"78":0.0553035438,"79":0.0675323308,"80":0.0431961007,"81":0.0345919728,"82":0.0418648832,"83":0.0218225159,"84":0.0211924184,"85":0.0349095725,"86":0.0371415354,"87":0.0678362399,"88":0.0524460115,"89":0.0337911583,"90":0.0526770763,"91":0.0343448818,"92":0.0356684811,"93":0.0570800677,"94":0.0662269443,"95":0.0402493216,"96":0.0718477964,"97":0.0418685451,"98":0.0294070803,"99":0.0621882193}}