{"cid":{"0":1,"1":1,"2":1,"3":1,"4":1,"5":1,"6":1,"7":1,"8":1,"9":1,"10":1,"11":1,"12":1,"13":1,"14":1,"15":1,"16":1,"17":1,"18":1,"19":1,"20":1,"21":1,"22":1,"23":1,"24":1,"25":1,"26":1,"27":1,"28":1,"29":1,"30":1,"31":1,"32":1,"33":1,"34":1,"35":1,"36":1,"37":1,"38":1,"39":1,"40":1,"41":1,"42":1,"43":1,"44":1,"45":1,"46":1,"47":1,"48":1,"49":1,"50":1,"51":1,"52":1,"53":1,"54":1,"55":1,"56":1,"57":1,"58":1,"59":1,"60":2,"61":2,"62":2,"63":2,"64":2,"65":2,"66":2,"67":2,"68":2,"69":2,"70":2,"71":2,"72":2,"73":2,"74":2,"75":2,"76":2,"77":2,"78":2,"79":2,"80":2,"81":2,"82":2,"83":2,"84":2,"85":2,"86":2,"87":2,"88":2,"89":2,"90":2,"91":2,"92":2,"93":2,"94":2,"95":2,"96":2,"97":2,"98":2,"99":2},"oid":{"0":0,"1":1,"2":2,"3":3,"4":4,"5":5,"6":6,"7":7,"8":8,"9":9,"10":10,"11":11,"12":12,"13":13,"14":14,"15":15,"16":16,"17":17,"18":18,"19":19,"20":20,"21":21,"22":22,"23":23,"24":24,"25":25,"26":26,"27":27,"28":28,"29":29,"30":30,"31":31,"32":32,"33":33,"34":34,"35":35,"36":36,"37":37,"38":38,"39":39,"40":40,"41":41,"42":42,"43":43,"44":44,"45":45,"46":46,"47":47,"48":48,"49":49,"50":50,"51":51,"52":52,"53":53,"54":54,"55":55,"56":56,"57":57,"58":58,"59":59,"60":60,"61":61,"62":62,"63":63,"64":64,"65":65,"66":66,"67":67,"68":68,"69":69,"70":70,"71":71,"72":72,"73":73,"74":74,"75":75,"76":76,"77":77,"78":78,"79":79,"80":80,"81":81,"82":82,"83":83,"84":84,"85":85,"86":86,"87":87,"88":88,"89":89,"90":90,"91":91,"92":92,"93":93,"94":94,"95":95,"96":96,"97":97,"98":98,"99":99},"mean":{"0":0.0266087006,"1":0.0378137562,"2":0.071254664,"3":0.0423175825,"4":0.0305158363,"5":0.0320101711,"6":0.0528405309,"7":0.0501263837,"8":0.0308587849,"9":0.0499215921,"10":0.0385208196,"11":0.0220988343,"12":0.0419859654,"13":0.0513448649,"14":0.0519039002,"15":0.0293455683,"16":0.0446281996,"17":0.0369805727,"18":0.0392162965,"19":0.0433563623,"20":0.0443854464,"21":0.0686668621,"22":0.0380115377,"23":0.0519982543,"24":0.0243402885,"25":0.0324072374,"26":0.037788954,"27":0.0377482242,"28":0.055130793,"29":0.0294224521,"30":0.0392764211,"31":0.034220467,"32":0.0311668085,"33":0.0331594616,"34":0.0414728158,"35":0.0411864122,"36":0.0291213526,"37":0.0315696928,"38":0.036560403,"39":0.0320231616,"40":0.0304126243,"41":0.0546685722,"42":0.0358896189,"43":0.0237534642,"44":0.0311150309,"45":0.0303263432,"46":0.0339154138,"47":0.034027338,"48":0.039857424,"49":0.0345801247,"50":0.032880846,"51":0.0276376158,"52":0.0201376577,"53":0.0266198582,"54":0.0403795938,"55":0.0365599493,"56":0.0502266354,"57":0.055112448,"58":0.0293336378,"59":0.0314263834,"60":0.040759027,"61":0.0226579325,"62":0.0297560891,"63":0.0586169693,"64":0.0481855174,"65":0.081861186,"66":0.0521853964,"67":0.0295664102,"68":0.0277857913,"69":0.0464826127,"70":0.0328599844,"71":0.0510582924,"72":0.0305413206,"73":0.0414071547,"74":0.0357471837,"75":0.0313583778,"76":0.0639860365,"77":0.0374342899,"78":0.0333901809,"79":0.0640741322,"80":0.0451075004,"81":0.0535864234,"82":0.0432185001,"83":0.0279814541,"84":0.0225611428,"85":0.0309002929,"86":0.0424816608,"87":0.0496478412,"88":0.0354286002,"89":0.0351420972,"90":0.0471501019,"91":0.0470628142,"92":0.0404635403,"93":0.0618618369,"94":0.0352701412,"95":0.031423072,"96":0.0538887713,"97":0.0366479158,"98":0.0379195586,"99":0.0547541645},"median":{"0":0.0266196094,"1":0.0374055803,"2":0.0703582466,"3":0.0418548621,"4":0.0309643373,"5":0.0319601148,"6":0.0501122288,"7":0.0515143871,"8":0.0315503329,"9":0.0516660102,"10":0.039275974,"11":0.0213208068,"12":0.0439461768,"13":0.0504231863,"14":0.0499012731,"15":0.0284321345,"16":0.0440445915,"17":0.0367358364,"18":0.0399169065,"19":0.0441654399,"20":0.0451929048,"21":0.0681443065,"22":0.0364911892,"23":0.051017765,"24":0.0229494218,"25":0.029939834,"26":0.0365939289,"27":0.0392744131,"28":0.0542770885,"29":0.0290759262,"30":0.0400930457,"31":0.0307582412,"32":0.0310025811,"33":0.0309939757,"34":0.0411283113,"35":0.0417242125,"36":0.0279521793,"37":0.0303463098,"38":0.0371929221,"39":0.0315575711,"40":0.0312455967,"41":0.0560290739,"42":0.0362694226,"43":0.0225873627,"44":0.03155756,"45":0.0285917409,"46":0.0321339145,"47":0.0331884772,"48":0.0391601771,"49":0.0347723775,"50":0.0330043398,"51":0.0271821953,"52":0.0190714747,"53":0.0266218223,"54":0.0406421125,"55":0.0349560045,"56":0.0507721156,"57":0.0514317453,"58":0.0279496647,"59":0.0325101577,"60":0.0404074043,"61":0.0220691692,"62":0.0301499404,"63":0.0582236275,"64":0.0492882021,"65":0.0806359649,"66":0.0525826104,"67":0.0276956186,"68":0.0272710938,"69":0.044512134,"70":0.0306528173,"71":0.0507217608,"72":0.0294652171,"73":0.0429286174,"74":0.0359278396,"75":0.0320145302,"76":0.0620662682,"77":0.0348904468,"78":0.0332389846,"79":0.0651429594,"80":0.0464231409,"81":0.0524086393,"82":0.0457662083,"83":0.0277673341,"84":0.0231504012,"85":0.0306547899,"86":0.042668324,"87":0.0461932272,"88":0.0355971381,"89":0.0363907665,"90":0.0454410054,"91":0.047862906,"92":0.0409326255,"93":0.0623277649,"94":0.035225492,"95":0.0306464937,"96":0.0530060902,"97":0.0332946256,"98":0.0383732282,"99":0.0526146889}}