{"cid":{"0":1,"1":1,"2":1,"3":1,"4":1,"5":1,"6":1,"7":1,"8":1,"9":1,"10":1,"11":1,"12":1,"13":1,"14":1,"15":1,"16":1,"17":1,"18":1,"19":1,"20":1,"21":1,"22":1,"23":1,"24":1,"25":1,"26":1,"27":1,"28":1,"29":1,"30":1,"31":1,"32":1,"33":1,"34":1,"35":1,"36":1,"37":1,"38":1,"39":1,"40":1,"41":1,"42":1,"43":1,"44":1,"45":1,"46":1,"47":1,"48":1,"49":1,"50":1,"51":1,"52":1,"53":1,"54":1,"55":1,"56":1,"57":1,"58":1,"59":1,"60":2,"61":2,"62":2,"63":2,"64":2,"65":2,"66":2,"67":2,"68":2,"69":2,"70":2,"71":2,"72":2,"73":2,"74":2,"75":2,"76":2,"77":2,"78":2,"79":2,"80":2,"81":2,"82":2,"83":2,"84":2,"85":2,"86":2,"87":2,"88":2,"89":2,"90":2,"91":2,"92":2,"93":2,"94":2,"95":2,"96":2,"97":2,"98":2,"99":2},"oid":{"0":0,"1":1,"2":2,"3":3,"4":4,"5":5,"6":6,"7":7,"8":8,"9":9,"10":10,"11":11,"12":12,"13":13,"14":14,"15":15,"16":16,"17":17,"18":18,"19":19,"20":20,"21":21,"22":22,"23":23,"24":24,"25":25,"26":26,"27":27,"28":28,"29":29,"30":30,"31":31,"32":32,"33":33,"34":34,"35":35,"36":36,"37":37,"38":38,"39":39,"40":40,"41":41,"42":42,"43":43,"44":44,"45":45,"46":46,"47":47,"48":48,"49":49,"50":50,"51":51,"52":52,"53":53,"54":54,"55":55,"56":56,"57":57,"58":58,"59":59,"60":60,"61":61,"62":62,"63":63,"64":64,"65":65,"66":66,"67":67,"68":68,"69":69,"70":70,"71":71,"72":72,"73":73,"74":74,"75":75,"76":76,"77":77,"78":78,"79":79,"80":80,"81":81,"82":82,"83":83,"84":84,"85":85,"86":86,"87":87,"88":88,"89":89,"90":90,"91":91,"92":92,"93":93,"94":94,"95":95,"96":96,"97":97,"98":98,"99":99},"mean":{"0":0.0247155594,"1":0.03074696,"2":0.0623847577,"3":0.0297253397,"4":0.0270652622,"5":0.0200910717,"6":0.0333776209,"7":0.0634134875,"8":0.0315084855,"9":0.0424455007,"10":0.0294036733,"11":0.0298381183,"12":0.0339702037,"13":0.0684619745,"14":0.0447914898,"15":0.0330309272,"16":0.0356233021,"17":0.0374612808,"18":0.0300862624,"19":0.0469889906,"20":0.0313016011,"21":0.0375006861,"22":0.0319739713,"23":0.0408890578,"24":0.0261949168,"25":0.0247339225,"26":0.04031333,"27":0.0173541208,"28":0.0555567013,"29":0.0281588568,"30":0.0549531877,"31":0.0324689978,"32":0.0320778522,"33":0.0416316986,"34":0.035957853,"35":0.0339650909,"36":0.0337847571,"37":0.0214120713,"38":0.0346415771,"39":0.0249536799,"40":0.0260659125,"41":0.0523274276,"42":0.0283917652,"43":0.0196990023,"44":0.0400698744,"45":0.0268191596,"46":0.033498115,"47":0.0232557476,"48":0.0249460638,"49":0.0244011581,"50":0.0294708047,"51":0.028620163,"52":0.0149010503,"53":0.0171701875,"54":0.0248123043,"55":0.0233092209,"56":0.0183694048,"57":0.0374433266,"58":0.0185895976,"59":0.0302845736,"60":0.0298944645,"61":0.0476956467,"62":0.03060424,"63":0.0314194858,"64":0.0405226979,"65":0.0515334368,"66":0.0365978976,"67":0.026379174,"68":0.0366084178,"69":0.0453131464,"70":0.0512730082,"71":0.0508255197,"72":0.0315074722,"73":0.030341559,"74":0.0312444634,"75":0.0249054597,"76":0.0382250945,"77":0.0419504609,"78":0.0462566614,"79":0.0483853353,"80":0.0312476158,"81":0.0295001898,"82":0.0280977686,"83":0.0249199539,"84":0.0216913819,"85":0.0353797277,"86":0.027531046,"87":0.0515552892,"88":0.0420937008,"89":0.0440994898,"90":0.0369110571,"91":0.033955574,"92":0.0395274096,"93":0.0450886548,"94":0.0453610851,"95":0.0339984099,"96":0.038374424,"97":0.0245191289,"98":0.0252611078,"99":0.0478422542},"median":{"0":0.0232118946,"1":0.031113714,"2":0.0542273559,"3":0.0287464801,"4":0.027575152,"5":0.0204688311,"6":0.0336524434,"7":0.0618457161,"8":0.031564828,"9":0.0455044471,"10":0.0293802619,"11":0.0288920384,"12":0.0322042815,"13":0.0700286627,"14":0.0452559441,"15":0.0273446683,"16":0.0360660404,"17":0.0383429974,"18":0.0300593525,"19":0.0466477871,"20":0.0305104461,"21":0.0391222909,"22":0.0302407015,"23":0.0442165695,"24":0.024421243,"25":0.0238926988,"26":0.0364909507,"27":0.0171345249,"28":0.0557303838,"29":0.0271516256,"30":0.0541619733,"31":0.0308757666,"32":0.0306822881,"33":0.0361250788,"34":0.0378904119,"35":0.0348777734,"36":0.0327809379,"37":0.0208642129,"38":0.0358641781,"39":0.0215551239,"40":0.026613269,"41":0.0506700017,"42":0.0293087754,"43":0.0198535323,"44":0.0407048613,"45":0.0267188009,"46":0.0332766883,"47":0.0223211199,"48":0.0252020136,"49":0.0220049229,"50":0.0287402719,"51":0.0287091788,"52":0.0146914311,"53":0.0166008137,"54":0.0253492109,"55":0.0238640774,"56":0.0173740797,"57":0.0354435332,"58":0.0168449953,"59":0.0311028175,"60":0.0275366306,"61":0.0475178957,"62":0.0300340168,"63":0.0302429926,"64":0.0400613807,"65":0.0509898439,"66":0.0361201987,"67":0.0258136485,"68":0.0370431654,"69":0.0412907414,"70":0.0495314784,"71":0.0493317544,"72":0.0305455383,"73":0.0293230191,"74":0.0309717711,"75":0.0246014055,"76":0.0381481089,"77":0.0441533215,"78":0.0450869389,"79":0.0488830507,"80":0.0305658747,"81":0.0284145102,"82":0.0269813295,"83":0.0248434618,"84":0.0222050492,"85":0.0364477262,"86":0.0262172446,"87":0.051149454,"88":0.04208735,"89":0.0420495421,"90":0.0352354199,"91":0.0335646532,"92":0.0397033319,"93":0.0453289263,"94":0.0459264889,"95":0.0330840796,"96":0.0391851775,"97":0.0215767864,"98":0.0270475,"99":0.0498764999}}