{"cid":{"0":1,"1":1,"2":1,"3":1,"4":1,"5":1,"6":1,"7":1,"8":1,"9":1,"10":1,"11":1,"12":1,"13":1,"14":1,"15":1,"16":1,"17":1,"18":1,"19":1,"20":1,"21":1,"22":1,"23":1,"24":1,"25":1,"26":1,"27":1,"28":1,"29":1,"30":1,"31":1,"32":1,"33":1,"34":1,"35":1,"36":1,"37":1,"38":1,"39":1,"40":1,"41":1,"42":1,"43":1,"44":1,"45":1,"46":1,"47":1,"48":1,"49":1,"50":1,"51":1,"52":1,"53":1,"54":1,"55":1,"56":1,"57":1,"58":1,"59":1,"60":2,"61":2,"62":2,"63":2,"64":2,"65":2,"66":2,"67":2,"68":2,"69":2,"70":2,"71":2,"72":2,"73":2,"74":2,"75":2,"76":2,"77":2,"78":2,"79":2,"80":2,"81":2,"82":2,"83":2,"84":2,"85":2,"86":2,"87":2,"88":2,"89":2,"90":2,"91":2,"92":2,"93":2,"94":2,"95":2,"96":2,"97":2,"98":2,"99":2},"oid":{"0":0,"1":1,"2":2,"3":3,"4":4,"5":5,"6":6,"7":7,"8":8,"9":9,"10":10,"11":11,"12":12,"13":13,"14":14,"15":15,"16":16,"17":17,"18":18,"19":19,"20":20,"21":21,"22":22,"23":23,"24":24,"25":25,"26":26,"27":27,"28":28,"29":29,"30":30,"31":31,"32":32,"33":33,"34":34,"35":35,"36":36,"37":37,"38":38,"39":39,"40":40,"41":41,"42":42,"43":43,"44":44,"45":45,"46":46,"47":47,"48":48,"49":49,"50":50,"51":51,"52":52,"53":53,"54":54,"55":55,"56":56,"57":57,"58":58,"59":59,"60":60,"61":61,"62":62,"63":63,"64":64,"65":65,"66":66,"67":67,"68":68,"69":69,"70":70,"71":71,"72":72,"73":73,"74":74,"75":75,"76":76,"77":77,"78":78,"79":79,"80":80,"81":81,"82":82,"83":83,"84":84,"85":85,"86":86,"87":87,"88":88,"89":89,"90":90,"91":91,"92":92,"93":93,"94":94,"95":95,"96":96,"97":97,"98":98,"99":99},"mean":{"0":0.0260870771,"1":0.0300704969,"2":0.0476441648,"3":0.0266822543,"4":0.0317818986,"5":0.0276739796,"6":0.0314586461,"7":0.0243394706,"8":0.0462769402,"9":0.0349537333,"10":0.0197312666,"11":0.0237608535,"12":0.0501181351,"13":0.0343993704,"14":0.0566816794,"15":0.0408595204,"16":0.0327042507,"17":0.0328971611,"18":0.0312552717,"19":0.0442372527,"20":0.0371774435,"21":0.0396468507,"22":0.0327293012,"23":0.0420307451,"24":0.0286972026,"25":0.0413640141,"26":0.0290638142,"27":0.0293434792,"28":0.0345005227,"29":0.0330834753,"30":0.0455727167,"31":0.0328740676,"32":0.0405474504,"33":0.028858006,"34":0.0346039633,"35":0.0313343373,"36":0.0334297087,"37":0.0264281366,"38":0.0451010863,"39":0.0286022789,"40":0.0356407033,"41":0.0338252982,"42":0.0381893516,"43":0.0254882806,"44":0.0356919356,"45":0.0327030354,"46":0.0449533297,"47":0.0337479115,"48":0.0302102698,"49":0.0454890463,"50":0.0410977337,"51":0.0379801169,"52":0.0311750604,"53":0.0367472768,"54":0.0469553901,"55":0.0300160613,"56":0.0329687595,"57":0.0484457844,"58":0.0605021848,"59":0.0271347,"60":0.0298993323,"61":0.0360470878,"62":0.0433157086,"63":0.0352374613,"64":0.0417811804,"65":0.0430912137,"66":0.0323708057,"67":0.0310674369,"68":0.0336252219,"69":0.0506007671,"70":0.0327252381,"71":0.0724417501,"72":0.0574223532,"73":0.0338864757,"74":0.0322885513,"75":0.0249395122,"76":0.0436178015,"77":0.0531155235,"78":0.0362693336,"79":0.0673035118,"80":0.0565501849,"81":0.0354434583,"82":0.0290735927,"83":0.0328543216,"84":0.0265909152,"85":0.0405036906,"86":0.0251601206,"87":0.0465251936,"88":0.0589750806,"89":0.0390132666,"90":0.0757949154,"91":0.0412370165,"92":0.0404562089,"93":0.0708465457,"94":0.0704960558,"95":0.0305478474,"96":0.0753818485,"97":0.0360877812,"98":0.0392529592,"99":0.0493832628},"median":{"0":0.0254110321,"1":0.0291679595,"2":0.0471004099,"3":0.0253114086,"4":0.0307053719,"5":0.0276097395,"6":0.0314627774,"7":0.024556933,"8":0.046068456,"9":0.0354663655,"10":0.0200263839,"11":0.0236326214,"12":0.0514907427,"13":0.0332615189,"14":0.0505409054,"15":0.0394999497,"16":0.0328884199,"17":0.0315482654,"18":0.0310918372,"19":0.042793639,"20":0.0360705145,"21":0.0410172753,"22":0.0325587466,"23":0.0440540165,"24":0.0285227019,"25":0.0416634083,"26":0.0286902152,"27":0.0286496654,"28":0.0327543877,"29":0.033267796,"30":0.0421816893,"31":0.0320630372,"32":0.0389228463,"33":0.0285446215,"34":0.0338242836,"35":0.032953538,"36":0.0319257081,"37":0.0265842471,"38":0.0450274572,"39":0.0258847084,"40":0.0359581038,"41":0.0323191769,"42":0.0387772061,"43":0.0251225457,"44":0.0363038033,"45":0.0302279014,"46":0.0461753868,"47":0.0311928745,"48":0.0292523019,"49":0.0477202013,"50":0.0406453535,"51":0.0389790386,"52":0.0317946747,"53":0.0359739736,"54":0.0476128608,"55":0.0293196291,"56":0.032800369,"57":0.0479694605,"58":0.0623260364,"59":0.0276568159,"60":0.0290486496,"61":0.0353895873,"62":0.043328777,"63":0.0344384238,"64":0.0429054871,"65":0.0413914174,"66":0.0341140032,"67":0.0291938335,"68":0.0334854163,"69":0.0465646945,"70":0.032529559,"71":0.0763236284,"72":0.0525302626,"73":0.0318904519,"74":0.0300313327,"75":0.0249599777,"76":0.0447546169,"77":0.0509192869,"78":0.0354007669,"79":0.0658129528,"80":0.053482458,"81":0.0352541879,"82":0.0265147742,"83":0.0327303782,"84":0.0266174208,"85":0.0394156761,"86":0.0246381089,"87":0.0447971076,"88":0.058261089,"89":0.0393796079,"90":0.078447707,"91":0.0395236462,"92":0.040501263,"93":0.070765771,"94":0.0685829744,"95":0.0312190708,"96":0.075604938,"97":0.0321369357,"98":0.0395152047,"99":0.0471553244}}