{"cid":{"0":1,"1":1,"2":1,"3":1,"4":1,"5":1,"6":1,"7":1,"8":1,"9":1,"10":1,"11":1,"12":1,"13":1,"14":1,"15":1,"16":1,"17":1,"18":1,"19":1,"20":1,"21":1,"22":1,"23":1,"24":1,"25":1,"26":1,"27":1,"28":1,"29":1,"30":1,"31":1,"32":1,"33":1,"34":1,"35":1,"36":1,"37":1,"38":1,"39":1,"40":1,"41":1,"42":1,"43":1,"44":1,"45":1,"46":1,"47":1,"48":1,"49":1,"50":1,"51":1,"52":1,"53":1,"54":1,"55":1,"56":1,"57":1,"58":1,"59":1,"60":2,"61":2,"62":2,"63":2,"64":2,"65":2,"66":2,"67":2,"68":2,"69":2,"70":2,"71":2,"72":2,"73":2,"74":2,"75":2,"76":2,"77":2,"78":2,"79":2,"80":2,"81":2,"82":2,"83":2,"84":2,"85":2,"86":2,"87":2,"88":2,"89":2,"90":2,"91":2,"92":2,"93":2,"94":2,"95":2,"96":2,"97":2,"98":2,"99":2},"oid":{"0":0,"1":1,"2":2,"3":3,"4":4,"5":5,"6":6,"7":7,"8":8,"9":9,"10":10,"11":11,"12":12,"13":13,"14":14,"15":15,"16":16,"17":17,"18":18,"19":19,"20":20,"21":21,"22":22,"23":23,"24":24,"25":25,"26":26,"27":27,"28":28,"29":29,"30":30,"31":31,"32":32,"33":33,"34":34,"35":35,"36":36,"37":37,"38":38,"39":39,"40":40,"41":41,"42":42,"43":43,"44":44,"45":45,"46":46,"47":47,"48":48,"49":49,"50":50,"51":51,"52":52,"53":53,"54":54,"55":55,"56":56,"57":57,"58":58,"59":59,"60":60,"61":61,"62":62,"63":63,"64":64,"65":65,"66":66,"67":67,"68":68,"69":69,"70":70,"71":71,"72":72,"73":73,"74":74,"75":75,"76":76,"77":77,"78":78,"79":79,"80":80,"81":81,"82":82,"83":83,"84":84,"85":85,"86":86,"87":87,"88":88,"89":89,"90":90,"91":91,"92":92,"93":93,"94":94,"95":95,"96":96,"97":97,"98":98,"99":99},"mean":{"0":0.0341610048,"1":0.0448108779,"2":0.0344713363,"3":0.043792963,"4":0.032877071,"5":0.0315600965,"6":0.0447218021,"7":0.0362426904,"8":0.0310497681,"9":0.0355322758,"10":0.0375757118,"11":0.0296633078,"12":0.0371522771,"13":0.040849732,"14":0.0318287611,"15":0.0387875587,"16":0.0353479551,"17":0.0330928829,"18":0.0304861532,"19":0.034748935,"20":0.0354617337,"21":0.1073668202,"22":0.0374885201,"23":0.0566537844,"24":0.0198471364,"25":0.0511948003,"26":0.0424922837,"27":0.0296189123,"28":0.0328721835,"29":0.0476891266,"30":0.0295766387,"31":0.0260570414,"32":0.0352283186,"33":0.0437561512,"34":0.0337904228,"35":0.0332665443,"36":0.0266156743,"37":0.0395286977,"38":0.0428569615,"39":0.0359846254,"40":0.0694360137,"41":0.051808099,"42":0.0512075093,"43":0.0424617728,"44":0.0266940519,"45":0.0447893805,"46":0.042817884,"47":0.0340406239,"48":0.0284146799,"49":0.0311228368,"50":0.0289369623,"51":0.0305935927,"52":0.0240740826,"53":0.0446887811,"54":0.0457849966,"55":0.0621396899,"56":0.0346515311,"57":0.041001704,"58":0.056782643,"59":0.0543229646,"60":0.0296092166,"61":0.0452193717,"62":0.0436787009,"63":0.0483410988,"64":0.0589632591,"65":0.0644554198,"66":0.0433741874,"67":0.0340153039,"68":0.0404771633,"69":0.0442508923,"70":0.0546439025,"71":0.05602979,"72":0.0416074958,"73":0.0346335206,"74":0.0355892811,"75":0.0410542621,"76":0.0451401704,"77":0.0545903875,"78":0.0453042752,"79":0.0484217935,"80":0.0473498437,"81":0.0311639176,"82":0.0359978312,"83":0.0307863683,"84":0.0325112078,"85":0.0283353097,"86":0.0293765664,"87":0.0540316701,"88":0.0469469792,"89":0.0289965471,"90":0.0503654248,"91":0.0405840609,"92":0.0254096422,"93":0.0663207412,"94":0.0470560425,"95":0.0336530473,"96":0.0436949035,"97":0.03834839,"98":0.0423928797,"99":0.0583846172},"median":{"0":0.0336393081,"1":0.0418520086,"2":0.0329018272,"3":0.0457077585,"4":0.033662919,"5":0.0316296518,"6":0.0468665436,"7":0.037390653,"8":0.0294778645,"9":0.03532134,"10":0.0365419611,"11":0.0271490738,"12":0.040445812,"13":0.0416542664,"14":0.0321524851,"15":0.0401376188,"16":0.0353838652,"17":0.0335529223,"18":0.0284613874,"19":0.033432439,"20":0.0343509652,"21":0.1036900356,"22":0.0358851291,"23":0.0577946454,"24":0.0194958951,"25":0.0512708724,"26":0.0430136584,"27":0.0291277114,"28":0.0329016596,"29":0.0441079251,"30":0.0274240859,"31":0.0261351168,"32":0.0341833755,"33":0.0448315367,"34":0.0302457754,"35":0.0321957059,"36":0.0257752314,"37":0.0406891108,"38":0.0391614698,"39":0.0329566449,"40":0.0676772147,"41":0.0501881801,"42":0.0501682311,"43":0.0443514921,"44":0.0271143168,"45":0.0442864895,"46":0.044257205,"47":0.0344680548,"48":0.0286016725,"49":0.0311466418,"50":0.0265190993,"51":0.0308851711,"52":0.0237487759,"53":0.0455503874,"54":0.0444218814,"55":0.0600585304,"56":0.0345251486,"57":0.0406494401,"58":0.0595729128,"59":0.055876188,"60":0.0304215383,"61":0.0452315323,"62":0.0469793156,"63":0.0470890254,"64":0.0600696728,"65":0.0617963821,"66":0.0439411625,"67":0.0331200734,"68":0.039759852,"69":0.0438529402,"70":0.0521210991,"71":0.0505693518,"72":0.040540304,"73":0.0301626418,"74":0.0355504304,"75":0.0416975878,"76":0.0440239534,"77":0.0509775952,"78":0.0439849868,"79":0.049127169,"80":0.046666313,"81":0.0302415323,"82":0.0357151777,"83":0.0311424732,"84":0.0322177894,"85":0.0286915973,"86":0.0293425415,"87":0.055112347,"88":0.0445689857,"89":0.0286350381,"90":0.0482495241,"91":0.0409590602,"92":0.0221797377,"93":0.063660197,"94":0.0470475256,"95":0.0330711119,"96":0.04144549,"97":0.034321662,"98":0.0452385545,"99":0.0572311692}}