{"cid":{"0":1,"1":1,"2":1,"3":1,"4":1,"5":1,"6":1,"7":1,"8":1,"9":1,"10":1,"11":1,"12":1,"13":1,"14":1,"15":1,"16":1,"17":1,"18":1,"19":1,"20":1,"21":1,"22":1,"23":1,"24":1,"25":1,"26":1,"27":1,"28":1,"29":1,"30":1,"31":1,"32":1,"33":1,"34":1,"35":1,"36":1,"37":1,"38":1,"39":1,"40":1,"41":1,"42":1,"43":1,"44":1,"45":1,"46":1,"47":1,"48":1,"49":1,"50":1,"51":1,"52":1,"53":1,"54":1,"55":1,"56":1,"57":1,"58":1,"59":1,"60":2,"61":2,"62":2,"63":2,"64":2,"65":2,"66":2,"67":2,"68":2,"69":2,"70":2,"71":2,"72":2,"73":2,"74":2,"75":2,"76":2,"77":2,"78":2,"79":2,"80":2,"81":2,"82":2,"83":2,"84":2,"85":2,"86":2,"87":2,"88":2,"89":2,"90":2,"91":2,"92":2,"93":2,"94":2,"95":2,"96":2,"97":2,"98":2,"99":2},"oid":{"0":0,"1":1,"2":2,"3":3,"4":4,"5":5,"6":6,"7":7,"8":8,"9":9,"10":10,"11":11,"12":12,"13":13,"14":14,"15":15,"16":16,"17":17,"18":18,"19":19,"20":20,"21":21,"22":22,"23":23,"24":24,"25":25,"26":26,"27":27,"28":28,"29":29,"30":30,"31":31,"32":32,"33":33,"34":34,"35":35,"36":36,"37":37,"38":38,"39":39,"40":40,"41":41,"42":42,"43":43,"44":44,"45":45,"46":46,"47":47,"48":48,"49":49,"50":50,"51":51,"52":52,"53":53,"54":54,"55":55,"56":56,"57":57,"58":58,"59":59,"60":60,"61":61,"62":62,"63":63,"64":64,"65":65,"66":66,"67":67,"68":68,"69":69,"70":70,"71":71,"72":72,"73":73,"74":74,"75":75,"76":76,"77":77,"78":78,"79":79,"80":80,"81":81,"82":82,"83":83,"84":84,"85":85,"86":86,"87":87,"88":88,"89":89,"90":90,"91":91,"92":92,"93":93,"94":94,"95":95,"96":96,"97":97,"98":98,"99":99},"mean":{"0":0.0400750107,"1":0.0543286602,"2":0.0668680337,"3":0.0423565474,"4":0.0485345258,"5":0.0379956762,"6":0.0456286867,"7":0.0362818638,"8":0.0514055027,"9":0.0497742858,"10":0.0421684815,"11":0.0274120387,"12":0.0397755702,"13":0.0374724534,"14":0.0478949249,"15":0.0410314724,"16":0.046566844,"17":0.0412991312,"18":0.0405436291,"19":0.0377665129,"20":0.0416494509,"21":0.047808061,"22":0.03284758,"23":0.0539032221,"24":0.0330257482,"25":0.0459147394,"26":0.0232970367,"27":0.0363877085,"28":0.0420446992,"29":0.0519111885,"30":0.0193126425,"31":0.0365084012,"32":0.0291836196,"33":0.0397226125,"34":0.0414437122,"35":0.0285972721,"36":0.0400406222,"37":0.0251086685,"38":0.0281481014,"39":0.0399699277,"40":0.0283875532,"41":0.0396634407,"42":0.0300626225,"43":0.0459674564,"44":0.0458672196,"45":0.0343786312,"46":0.0403614077,"47":0.0324097574,"48":0.0310916901,"49":0.0533239179,"50":0.0372953812,"51":0.0394296087,"52":0.0304542184,"53":0.0369659629,"54":0.0330128206,"55":0.0542825626,"56":0.042534358,"57":0.0531749162,"58":0.0446347131,"59":0.0378931695,"60":0.0351733698,"61":0.0469428533,"62":0.0591893593,"63":0.0536630717,"64":0.0312214659,"65":0.0375658274,"66":0.06313722,"67":0.032621485,"68":0.0455589957,"69":0.0460603535,"70":0.0357258585,"71":0.0575679806,"72":0.0522618956,"73":0.0273885479,"74":0.0346864065,"75":0.0413573451,"76":0.0528513458,"77":0.0497721036,"78":0.0456183155,"79":0.0541362961,"80":0.0339818994,"81":0.0416087972,"82":0.0510237482,"83":0.0369071364,"84":0.0252048208,"85":0.0363797181,"86":0.0414135655,"87":0.0442817277,"88":0.0468827718,"89":0.0309562319,"90":0.0493654542,"91":0.0434572399,"92":0.0408988264,"93":0.0773757875,"94":0.0630730192,"95":0.0558531483,"96":0.0722353458,"97":0.0409340262,"98":0.0291152559,"99":0.0560709437},"median":{"0":0.0383464061,"1":0.0519081764,"2":0.058333572,"3":0.0434260964,"4":0.0471604392,"5":0.0367803983,"6":0.0422618389,"7":0.0371313691,"8":0.0512156039,"9":0.0502262525,"10":0.0411955938,"11":0.0270637292,"12":0.039590545,"13":0.0357619338,"14":0.0480471626,"15":0.0389310084,"16":0.0476345085,"17":0.0428108759,"18":0.0425569415,"19":0.0391182527,"20":0.039050322,"21":0.0467369407,"22":0.0290978961,"23":0.0546285957,"24":0.0322405286,"25":0.0451418981,"26":0.021709349,"27":0.0360968076,"28":0.0388351232,"29":0.0527680926,"30":0.0191051252,"31":0.0322325788,"32":0.0302079841,"33":0.0391517542,"34":0.0408210903,"35":0.0280029792,"36":0.0398960896,"37":0.0234793983,"38":0.0277768169,"39":0.040938437,"40":0.0270962454,"41":0.0402550288,"42":0.0305717699,"43":0.0481487811,"44":0.0451788642,"45":0.0352079794,"46":0.0403032228,"47":0.0327924863,"48":0.0313449688,"49":0.0528107472,"50":0.0372527428,"51":0.0395608433,"52":0.0304451305,"53":0.0361242443,"54":0.0331381857,"55":0.0514184907,"56":0.0423985645,"57":0.0541704372,"58":0.0429650545,"59":0.0379326418,"60":0.0341941714,"61":0.047237087,"62":0.0561900362,"63":0.0531970598,"64":0.0308299065,"65":0.0384956934,"66":0.0602934435,"67":0.0310806669,"68":0.0461684354,"69":0.0453162417,"70":0.0334394723,"71":0.062244188,"72":0.0449706987,"73":0.0280701648,"74":0.0349382795,"75":0.0417325199,"76":0.0497179292,"77":0.0494733527,"78":0.0472205058,"79":0.0525480695,"80":0.0354182795,"81":0.0423467644,"82":0.0513867699,"83":0.0366958529,"84":0.0233947746,"85":0.0361816771,"86":0.0392794609,"87":0.0441594571,"88":0.0458359346,"89":0.0295957271,"90":0.0478046462,"91":0.0453325361,"92":0.0402552038,"93":0.0792677999,"94":0.0646920949,"95":0.048433546,"96":0.072157532,"97":0.0348513909,"98":0.0307370313,"99":0.0565236323}}