{"cid":{"0":1,"1":1,"2":1,"3":1,"4":1,"5":1,"6":1,"7":1,"8":1,"9":1,"10":1,"11":1,"12":1,"13":1,"14":1,"15":1,"16":1,"17":1,"18":1,"19":1,"20":1,"21":1,"22":1,"23":1,"24":1,"25":1,"26":1,"27":1,"28":1,"29":1,"30":1,"31":1,"32":1,"33":1,"34":1,"35":1,"36":1,"37":1,"38":1,"39":1,"40":1,"41":1,"42":1,"43":1,"44":1,"45":1,"46":1,"47":1,"48":1,"49":1,"50":1,"51":1,"52":1,"53":1,"54":1,"55":1,"56":1,"57":1,"58":1,"59":1,"60":2,"61":2,"62":2,"63":2,"64":2,"65":2,"66":2,"67":2,"68":2,"69":2,"70":2,"71":2,"72":2,"73":2,"74":2,"75":2,"76":2,"77":2,"78":2,"79":2,"80":2,"81":2,"82":2,"83":2,"84":2,"85":2,"86":2,"87":2,"88":2,"89":2,"90":2,"91":2,"92":2,"93":2,"94":2,"95":2,"96":2,"97":2,"98":2,"99":2},"oid":{"0":0,"1":1,"2":2,"3":3,"4":4,"5":5,"6":6,"7":7,"8":8,"9":9,"10":10,"11":11,"12":12,"13":13,"14":14,"15":15,"16":16,"17":17,"18":18,"19":19,"20":20,"21":21,"22":22,"23":23,"24":24,"25":25,"26":26,"27":27,"28":28,"29":29,"30":30,"31":31,"32":32,"33":33,"34":34,"35":35,"36":36,"37":37,"38":38,"39":39,"40":40,"41":41,"42":42,"43":43,"44":44,"45":45,"46":46,"47":47,"48":48,"49":49,"50":50,"51":51,"52":52,"53":53,"54":54,"55":55,"56":56,"57":57,"58":58,"59":59,"60":60,"61":61,"62":62,"63":63,"64":64,"65":65,"66":66,"67":67,"68":68,"69":69,"70":70,"71":71,"72":72,"73":73,"74":74,"75":75,"76":76,"77":77,"78":78,"79":79,"80":80,"81":81,"82":82,"83":83,"84":84,"85":85,"86":86,"87":87,"88":88,"89":89,"90":90,"91":91,"92":92,"93":93,"94":94,"95":95,"96":96,"97":97,"98":98,"99":99},"mean":{"0":0.052103834,"1":0.0379944974,"2":0.0410604609,"3":0.0441292458,"4":0.032039086,"5":0.033562435,"6":0.0382438699,"7":0.0332948334,"8":0.0460504625,"9":0.0308760934,"10":0.0269722773,"11":0.0221565829,"12":0.0355223748,"13":0.0420814951,"14":0.0452354749,"15":0.0470352396,"16":0.0278521478,"17":0.059234639,"18":0.0349666278,"19":0.0366778572,"20":0.0375632909,"21":0.0771806704,"22":0.0304685103,"23":0.0402366519,"24":0.0358691745,"25":0.0415900979,"26":0.047926012,"27":0.0296920803,"28":0.0801896122,"29":0.039978981,"30":0.0315543823,"31":0.0307502084,"32":0.0348857145,"33":0.0340429187,"34":0.0387316015,"35":0.0317267246,"36":0.0256213711,"37":0.0325821903,"38":0.0608890719,"39":0.0454013613,"40":0.0619402925,"41":0.047697213,"42":0.0625034571,"43":0.0503678421,"44":0.0333775915,"45":0.0313072039,"46":0.021263904,"47":0.0365549117,"48":0.0359013478,"49":0.0329108536,"50":0.0555820001,"51":0.0345350504,"52":0.0173913108,"53":0.0342448288,"54":0.0374436908,"55":0.0521063606,"56":0.0481824014,"57":0.0333067079,"58":0.0321573483,"59":0.0424615079,"60":0.0482368569,"61":0.0400207208,"62":0.0394316547,"63":0.0511155625,"64":0.0460190409,"65":0.0512324512,"66":0.0574707786,"67":0.0232108772,"68":0.0335553951,"69":0.0623761084,"70":0.0400167108,"71":0.0454754962,"72":0.0458216733,"73":0.0445922282,"74":0.034388774,"75":0.0523098575,"76":0.0531209177,"77":0.053716037,"78":0.0505681568,"79":0.0466897819,"80":0.0557710992,"81":0.0339507924,"82":0.0330264767,"83":0.0240241989,"84":0.0335800383,"85":0.0299317837,"86":0.0324492984,"87":0.050348911,"88":0.0502209796,"89":0.0314536161,"90":0.0341499746,"91":0.0316538281,"92":0.0365086065,"93":0.0536192179,"94":0.0526369711,"95":0.0407257941,"96":0.0497547024,"97":0.0506983399,"98":0.0470960103,"99":0.0434273548},"median":{"0":0.0518104434,"1":0.0397006124,"2":0.0378434286,"3":0.0444175452,"4":0.0318239741,"5":0.0370652117,"6":0.0372021422,"7":0.032767985,"8":0.0432437919,"9":0.0317456871,"10":0.0255047437,"11":0.0208477397,"12":0.0334642082,"13":0.0407907292,"14":0.0458683893,"15":0.0483657569,"16":0.0276252981,"17":0.0612775199,"18":0.0357464552,"19":0.0363461263,"20":0.0364059471,"21":0.0792010427,"22":0.0277642291,"23":0.0392821133,"24":0.0378636532,"25":0.041493021,"26":0.0504225232,"27":0.029791899,"28":0.0809005648,"29":0.0400311127,"30":0.0320304856,"31":0.0298081972,"32":0.0326352939,"33":0.0345469192,"34":0.038759958,"35":0.0313572325,"36":0.0247281641,"37":0.0333625041,"38":0.0584230088,"39":0.0438763574,"40":0.0599187389,"41":0.048832614,"42":0.0589010343,"43":0.0488648564,"44":0.032285627,"45":0.0310639329,"46":0.0211740527,"47":0.0364887714,"48":0.0364721417,"49":0.0335880667,"50":0.0534979515,"51":0.0341865942,"52":0.0160633121,"53":0.0341898166,"54":0.0371677317,"55":0.0496693775,"56":0.0492495373,"57":0.0346741676,"58":0.0317824148,"59":0.0448128507,"60":0.0513663776,"61":0.0422486328,"62":0.0381340608,"63":0.0514654852,"64":0.0479797386,"65":0.0506841168,"66":0.0577235147,"67":0.0227456763,"68":0.0337790698,"69":0.0596319512,"70":0.0374903753,"71":0.0438078418,"72":0.0496838875,"73":0.0472622253,"74":0.0370338038,"75":0.0553766936,"76":0.0537681393,"77":0.0520128123,"78":0.0481636226,"79":0.0448939241,"80":0.0579298697,"81":0.0352664627,"82":0.0334881172,"83":0.021123793,"84":0.033511851,"85":0.0310372151,"86":0.0309813842,"87":0.0529334508,"88":0.0481405519,"89":0.0316300839,"90":0.0356703587,"91":0.0319369324,"92":0.0341425277,"93":0.0548002943,"94":0.0581571236,"95":0.0395558365,"96":0.0547566749,"97":0.0492572524,"98":0.0466002226,"99":0.044927936}}