{"cid":{"0":1,"1":1,"2":1,"3":1,"4":1,"5":1,"6":1,"7":1,"8":1,"9":1,"10":1,"11":1,"12":1,"13":1,"14":1,"15":1,"16":1,"17":1,"18":1,"19":1,"20":1,"21":1,"22":1,"23":1,"24":1,"25":1,"26":1,"27":1,"28":1,"29":1,"30":1,"31":1,"32":1,"33":1,"34":1,"35":1,"36":1,"37":1,"38":1,"39":1,"40":1,"41":1,"42":1,"43":1,"44":1,"45":1,"46":1,"47":1,"48":1,"49":1,"50":1,"51":1,"52":1,"53":1,"54":1,"55":1,"56":1,"57":1,"58":1,"59":1,"60":2,"61":2,"62":2,"63":2,"64":2,"65":2,"66":2,"67":2,"68":2,"69":2,"70":2,"71":2,"72":2,"73":2,"74":2,"75":2,"76":2,"77":2,"78":2,"79":2,"80":2,"81":2,"82":2,"83":2,"84":2,"85":2,"86":2,"87":2,"88":2,"89":2,"90":2,"91":2,"92":2,"93":2,"94":2,"95":2,"96":2,"97":2,"98":2,"99":2},"oid":{"0":0,"1":1,"2":2,"3":3,"4":4,"5":5,"6":6,"7":7,"8":8,"9":9,"10":10,"11":11,"12":12,"13":13,"14":14,"15":15,"16":16,"17":17,"18":18,"19":19,"20":20,"21":21,"22":22,"23":23,"24":24,"25":25,"26":26,"27":27,"28":28,"29":29,"30":30,"31":31,"32":32,"33":33,"34":34,"35":35,"36":36,"37":37,"38":38,"39":39,"40":40,"41":41,"42":42,"43":43,"44":44,"45":45,"46":46,"47":47,"48":48,"49":49,"50":50,"51":51,"52":52,"53":53,"54":54,"55":55,"56":56,"57":57,"58":58,"59":59,"60":60,"61":61,"62":62,"63":63,"64":64,"65":65,"66":66,"67":67,"68":68,"69":69,"70":70,"71":71,"72":72,"73":73,"74":74,"75":75,"76":76,"77":77,"78":78,"79":79,"80":80,"81":81,"82":82,"83":83,"84":84,"85":85,"86":86,"87":87,"88":88,"89":89,"90":90,"91":91,"92":92,"93":93,"94":94,"95":95,"96":96,"97":97,"98":98,"99":99},"mean":{"0":0.0343272222,"1":0.0337129666,"2":0.0763607621,"3":0.0307416618,"4":0.0343390041,"5":0.0158618655,"6":0.0397489501,"7":0.0476684935,"8":0.0356568495,"9":0.0558595525,"10":0.0243604514,"11":0.0360095435,"12":0.0284896857,"13":0.0578993426,"14":0.0602453483,"15":0.0291930214,"16":0.0196503633,"17":0.0327357286,"18":0.0267088877,"19":0.0441770587,"20":0.0304742654,"21":0.0361806055,"22":0.0241253492,"23":0.0433705913,"24":0.0219903688,"25":0.0267906156,"26":0.0319031676,"27":0.0212639968,"28":0.0426123805,"29":0.0334822602,"30":0.0446478799,"31":0.0273761849,"32":0.0295615958,"33":0.0358547747,"34":0.0247626338,"35":0.0264114075,"36":0.0277614958,"37":0.0266626428,"38":0.0358198086,"39":0.0244703806,"40":0.0291182531,"41":0.0375833842,"42":0.0303574602,"43":0.0251938022,"44":0.0311132688,"45":0.0398330225,"46":0.0347892013,"47":0.027556318,"48":0.0442561772,"49":0.0237512671,"50":0.0303680632,"51":0.0238846336,"52":0.0238771207,"53":0.0356552435,"54":0.0308508343,"55":0.021698854,"56":0.0190269185,"57":0.0645293196,"58":0.0243196521,"59":0.0278267165,"60":0.019317319,"61":0.0391496883,"62":0.0269462731,"63":0.0439801017,"64":0.0359165768,"65":0.0582587183,"66":0.0460901128,"67":0.0296442211,"68":0.0351738963,"69":0.037310448,"70":0.0474297802,"71":0.0524628957,"72":0.0242082675,"73":0.024665258,"74":0.0134721721,"75":0.0357185139,"76":0.0362855792,"77":0.0342600346,"78":0.0461776223,"79":0.0556210942,"80":0.042583459,"81":0.0380921596,"82":0.0276726915,"83":0.0146341816,"84":0.0200331211,"85":0.0240365648,"86":0.03764332,"87":0.0472292834,"88":0.0424399773,"89":0.0450999803,"90":0.056261354,"91":0.0278035369,"92":0.0431012379,"93":0.057572341,"94":0.0735649798,"95":0.0356090466,"96":0.0591956443,"97":0.0326411658,"98":0.0292315893,"99":0.0481456055},"median":{"0":0.0341877602,"1":0.0312938094,"2":0.0718135759,"3":0.0275833495,"4":0.0330800153,"5":0.0152608864,"6":0.041532252,"7":0.0460190512,"8":0.0363254175,"9":0.060813535,"10":0.0229319073,"11":0.0350353308,"12":0.0268255696,"13":0.0586002991,"14":0.0574006364,"15":0.0260178447,"16":0.0188098513,"17":0.0339685082,"18":0.0273401476,"19":0.0435033441,"20":0.0291409642,"21":0.0354608186,"22":0.0245722234,"23":0.0439874493,"24":0.021294063,"25":0.0235488694,"26":0.0291588847,"27":0.021150006,"28":0.0412147865,"29":0.0337849669,"30":0.0430548564,"31":0.0262547433,"32":0.0300672725,"33":0.030307075,"34":0.0242387354,"35":0.0259169526,"36":0.0271518677,"37":0.0262009092,"38":0.0363892242,"39":0.0214465372,"40":0.0297321491,"41":0.0364385061,"42":0.030040089,"43":0.0250300057,"44":0.0300314017,"45":0.0422750674,"46":0.0345267206,"47":0.0256552584,"48":0.035497766,"49":0.0235961117,"50":0.0289441906,"51":0.0237714238,"52":0.0252673645,"53":0.0356231742,"54":0.0314034112,"55":0.0216515567,"56":0.0170093141,"57":0.0622756667,"58":0.0215421263,"59":0.0282601044,"60":0.0178193264,"61":0.03905534,"62":0.0263261497,"63":0.0412960611,"64":0.0354425311,"65":0.0603824556,"66":0.044748947,"67":0.0292148851,"68":0.0350697227,"69":0.0327719375,"70":0.0475602485,"71":0.0514521711,"72":0.0245179385,"73":0.0210082848,"74":0.0119986301,"75":0.0368683822,"76":0.0363326892,"77":0.0353029147,"78":0.0463445708,"79":0.0569443665,"80":0.0411840342,"81":0.0354443565,"82":0.0281593222,"83":0.0139947198,"84":0.0192705765,"85":0.0247330237,"86":0.0390818566,"87":0.0455873497,"88":0.0405543596,"89":0.0436148606,"90":0.0546457022,"91":0.0271871816,"92":0.0427827537,"93":0.0569395572,"94":0.0711512938,"95":0.0338140167,"96":0.0612838864,"97":0.0290434621,"98":0.0300452393,"99":0.0477985926}}