{"cid":{"0":1,"1":1,"2":1,"3":1,"4":1,"5":1,"6":1,"7":1,"8":1,"9":1,"10":1,"11":1,"12":1,"13":1,"14":1,"15":1,"16":1,"17":1,"18":1,"19":1,"20":1,"21":1,"22":1,"23":1,"24":1,"25":1,"26":1,"27":1,"28":1,"29":1,"30":1,"31":1,"32":1,"33":1,"34":1,"35":1,"36":1,"37":1,"38":1,"39":1,"40":1,"41":1,"42":1,"43":1,"44":1,"45":1,"46":1,"47":1,"48":1,"49":1,"50":1,"51":1,"52":1,"53":1,"54":1,"55":1,"56":1,"57":1,"58":1,"59":1,"60":2,"61":2,"62":2,"63":2,"64":2,"65":2,"66":2,"67":2,"68":2,"69":2,"70":2,"71":2,"72":2,"73":2,"74":2,"75":2,"76":2,"77":2,"78":2,"79":2,"80":2,"81":2,"82":2,"83":2,"84":2,"85":2,"86":2,"87":2,"88":2,"89":2,"90":2,"91":2,"92":2,"93":2,"94":2,"95":2,"96":2,"97":2,"98":2,"99":2},"oid":{"0":0,"1":1,"2":2,"3":3,"4":4,"5":5,"6":6,"7":7,"8":8,"9":9,"10":10,"11":11,"12":12,"13":13,"14":14,"15":15,"16":16,"17":17,"18":18,"19":19,"20":20,"21":21,"22":22,"23":23,"24":24,"25":25,"26":26,"27":27,"28":28,"29":29,"30":30,"31":31,"32":32,"33":33,"34":34,"35":35,"36":36,"37":37,"38":38,"39":39,"40":40,"41":41,"42":42,"43":43,"44":44,"45":45,"46":46,"47":47,"48":48,"49":49,"50":50,"51":51,"52":52,"53":53,"54":54,"55":55,"56":56,"57":57,"58":58,"59":59,"60":60,"61":61,"62":62,"63":63,"64":64,"65":65,"66":66,"67":67,"68":68,"69":69,"70":70,"71":71,"72":72,"73":73,"74":74,"75":75,"76":76,"77":77,"78":78,"79":79,"80":80,"81":81,"82":82,"83":83,"84":84,"85":85,"86":86,"87":87,"88":88,"89":89,"90":90,"91":91,"92":92,"93":93,"94":94,"95":95,"96":96,"97":97,"98":98,"99":99},"mean":{"0":0.044539286,"1":0.0301166409,"2":0.0366675887,"3":0.0353578462,"4":0.0200073239,"5":0.0232067688,"6":0.039317992,"7":0.0307464037,"8":0.0279543665,"9":0.040829483,"10":0.0342978007,"11":0.0251734157,"12":0.0301494069,"13":0.0311167339,"14":0.040485349,"15":0.0421058722,"16":0.0372502075,"17":0.0445264313,"18":0.0274454902,"19":0.0305562516,"20":0.0631644726,"21":0.0534198284,"22":0.0337266657,"23":0.0366582738,"24":0.0274583631,"25":0.0483318998,"26":0.0377667348,"27":0.0342388054,"28":0.0482017861,"29":0.0418116682,"30":0.0344240814,"31":0.0341164867,"32":0.0360327396,"33":0.0283858895,"34":0.0357878606,"35":0.0377993186,"36":0.0288995405,"37":0.0215444995,"38":0.0472705861,"39":0.0304557549,"40":0.0407670008,"41":0.0574896667,"42":0.0510759817,"43":0.027538427,"44":0.0281387996,"45":0.028542512,"46":0.0403730008,"47":0.0341868907,"48":0.034122328,"49":0.0259811216,"50":0.0402401222,"51":0.0310135018,"52":0.0278829998,"53":0.034235643,"54":0.0442802111,"55":0.0485080878,"56":0.0340460406,"57":0.0449152092,"58":0.0310843819,"59":0.0492880378,"60":0.026132072,"61":0.0460252961,"62":0.0412267182,"63":0.0447873837,"64":0.0408416523,"65":0.0388876081,"66":0.0546189944,"67":0.0332847476,"68":0.0244146503,"69":0.031931238,"70":0.0345286296,"71":0.0488342047,"72":0.0778594613,"73":0.0478412112,"74":0.0376780596,"75":0.034925037,"76":0.0407066478,"77":0.0324410399,"78":0.0573099189,"79":0.0466961761,"80":0.0554768211,"81":0.0227036277,"82":0.0316622621,"83":0.0181374475,"84":0.0191227661,"85":0.0317574541,"86":0.0256254507,"87":0.0415947537,"88":0.0473783016,"89":0.0268153548,"90":0.0468798776,"91":0.0185579691,"92":0.0312759777,"93":0.0448445082,"94":0.0328041414,"95":0.0333157778,"96":0.0339363681,"97":0.0332090292,"98":0.030970294,"99":0.0508649084},"median":{"0":0.0482009873,"1":0.0296353847,"2":0.0363809019,"3":0.0332387649,"4":0.0194104034,"5":0.024376519,"6":0.0373528413,"7":0.0304052867,"8":0.0273034107,"9":0.0408567153,"10":0.0325247459,"11":0.0244613662,"12":0.0313811041,"13":0.0313779041,"14":0.0423989519,"15":0.0426680148,"16":0.0372528061,"17":0.0456684828,"18":0.0286770053,"19":0.0286118649,"20":0.0649759024,"21":0.0536054559,"22":0.0346857607,"23":0.035731215,"24":0.028698219,"25":0.0499130636,"26":0.0396243706,"27":0.0337119214,"28":0.0482098609,"29":0.0393207595,"30":0.0344918147,"31":0.0334101878,"32":0.031605348,"33":0.0278008468,"34":0.0356684476,"35":0.0366002843,"36":0.031337034,"37":0.0212395936,"38":0.0443982482,"39":0.0287445001,"40":0.0418480411,"41":0.0581393875,"42":0.051561635,"43":0.0263988674,"44":0.0285087191,"45":0.0282380432,"46":0.0431472622,"47":0.0339405015,"48":0.0337612741,"49":0.0247753169,"50":0.040426109,"51":0.0305243842,"52":0.0271576419,"53":0.0361388773,"54":0.0417322889,"55":0.0475686863,"56":0.0339239277,"57":0.0452601351,"58":0.0298737735,"59":0.0515634529,"60":0.0268134326,"61":0.0454571433,"62":0.0396755822,"63":0.0442584716,"64":0.0405536033,"65":0.0375351757,"66":0.0572014973,"67":0.0344530791,"68":0.0250233319,"69":0.0329060033,"70":0.0314673372,"71":0.0478923693,"72":0.0791368484,"73":0.0473019034,"74":0.0375909135,"75":0.0344011076,"76":0.0407688953,"77":0.0317639895,"78":0.0562273562,"79":0.0459405035,"80":0.0557386428,"81":0.022208428,"82":0.0328582041,"83":0.0183886457,"84":0.0176724754,"85":0.0323509313,"86":0.02562139,"87":0.0380675942,"88":0.0446370989,"89":0.0276512206,"90":0.0457629226,"91":0.0174374804,"92":0.0300335214,"93":0.0423320606,"94":0.0321039632,"95":0.0333398245,"96":0.0339806974,"97":0.0315406993,"98":0.0330589488,"99":0.0524695218}}