{"cid":{"0":1,"1":1,"2":1,"3":1,"4":1,"5":1,"6":1,"7":1,"8":1,"9":1,"10":1,"11":1,"12":1,"13":1,"14":1,"15":1,"16":1,"17":1,"18":1,"19":1,"20":1,"21":1,"22":1,"23":1,"24":1,"25":1,"26":1,"27":1,"28":1,"29":1,"30":1,"31":1,"32":1,"33":1,"34":1,"35":1,"36":1,"37":1,"38":1,"39":1,"40":1,"41":1,"42":1,"43":1,"44":1,"45":1,"46":1,"47":1,"48":1,"49":1,"50":1,"51":1,"52":1,"53":1,"54":1,"55":1,"56":1,"57":1,"58":1,"59":1,"60":2,"61":2,"62":2,"63":2,"64":2,"65":2,"66":2,"67":2,"68":2,"69":2,"70":2,"71":2,"72":2,"73":2,"74":2,"75":2,"76":2,"77":2,"78":2,"79":2,"80":2,"81":2,"82":2,"83":2,"84":2,"85":2,"86":2,"87":2,"88":2,"89":2,"90":2,"91":2,"92":2,"93":2,"94":2,"95":2,"96":2,"97":2,"98":2,"99":2},"oid":{"0":0,"1":1,"2":2,"3":3,"4":4,"5":5,"6":6,"7":7,"8":8,"9":9,"10":10,"11":11,"12":12,"13":13,"14":14,"15":15,"16":16,"17":17,"18":18,"19":19,"20":20,"21":21,"22":22,"23":23,"24":24,"25":25,"26":26,"27":27,"28":28,"29":29,"30":30,"31":31,"32":32,"33":33,"34":34,"35":35,"36":36,"37":37,"38":38,"39":39,"40":40,"41":41,"42":42,"43":43,"44":44,"45":45,"46":46,"47":47,"48":48,"49":49,"50":50,"51":51,"52":52,"53":53,"54":54,"55":55,"56":56,"57":57,"58":58,"59":59,"60":60,"61":61,"62":62,"63":63,"64":64,"65":65,"66":66,"67":67,"68":68,"69":69,"70":70,"71":71,"72":72,"73":73,"74":74,"75":75,"76":76,"77":77,"78":78,"79":79,"80":80,"81":81,"82":82,"83":83,"84":84,"85":85,"86":86,"87":87,"88":88,"89":89,"90":90,"91":91,"92":92,"93":93,"94":94,"95":95,"96":96,"97":97,"98":98,"99":99},"mean":{"0":0.0360034704,"1":0.0277212428,"2":0.054414067,"3":0.0357638001,"4":0.0298151407,"5":0.0274553696,"6":0.0383990076,"7":0.0454989109,"8":0.0290919012,"9":0.0589769748,"10":0.0361351106,"11":0.020534873,"12":0.0325534973,"13":0.0660259061,"14":0.1013015774,"15":0.0297483336,"16":0.0338577032,"17":0.0436528789,"18":0.0311416652,"19":0.0432437725,"20":0.0626668268,"21":0.0470735133,"22":0.032528864,"23":0.0301479465,"24":0.0324314369,"25":0.0234558185,"26":0.0425849722,"27":0.0244821045,"28":0.0277260426,"29":0.0340954728,"30":0.0392453596,"31":0.0437115497,"32":0.0332399077,"33":0.0304985046,"34":0.0284147561,"35":0.0504892866,"36":0.0317999886,"37":0.0360003114,"38":0.030889233,"39":0.0418609977,"40":0.0379718509,"41":0.0265353107,"42":0.0237442619,"43":0.0250805053,"44":0.0403215513,"45":0.0374049412,"46":0.0515798198,"47":0.0312998176,"48":0.0446876221,"49":0.0284857286,"50":0.0539133681,"51":0.0347874388,"52":0.0165864031,"53":0.0331539909,"54":0.0426245862,"55":0.032347454,"56":0.0250471201,"57":0.0482388834,"58":0.0470988883,"59":0.0391870009,"60":0.0273452202,"61":0.0443522698,"62":0.0314641926,"63":0.0426905586,"64":0.0327269634,"65":0.0690047264,"66":0.0390077631,"67":0.0429029346,"68":0.0267118778,"69":0.0524279045,"70":0.0323975219,"71":0.0576225122,"72":0.0502757894,"73":0.0299652947,"74":0.0296623376,"75":0.0350716379,"76":0.0787427425,"77":0.0493342413,"78":0.0342667169,"79":0.048126883,"80":0.0430187649,"81":0.0422317386,"82":0.0373882055,"83":0.0284986138,"84":0.0265167736,"85":0.03004892,"86":0.0292705165,"87":0.0481637617,"88":0.0577836831,"89":0.0353094935,"90":0.0464259254,"91":0.0342738893,"92":0.0356507599,"93":0.0626653731,"94":0.0697491169,"95":0.0519935257,"96":0.0684186485,"97":0.0317776402,"98":0.0260363668,"99":0.0581345426},"median":{"0":0.0390687548,"1":0.0264851041,"2":0.0544000641,"3":0.0333260037,"4":0.0298452526,"5":0.0257802922,"6":0.0397191793,"7":0.0445225202,"8":0.0279780161,"9":0.0614900254,"10":0.0357159823,"11":0.0200723223,"12":0.0329934619,"13":0.0630720109,"14":0.0842344239,"15":0.0293763354,"16":0.0341003425,"17":0.0425028317,"18":0.0308794342,"19":0.0438037887,"20":0.0544946492,"21":0.0485585853,"22":0.0307714678,"23":0.02988353,"24":0.0327727869,"25":0.0241434406,"26":0.0425305516,"27":0.0246004462,"28":0.0264212023,"29":0.0361165516,"30":0.040132504,"31":0.0431132726,"32":0.0325069837,"33":0.0305244215,"34":0.0273465924,"35":0.0535283126,"36":0.0317276344,"37":0.0356727242,"38":0.0297910273,"39":0.0392512977,"40":0.0383809507,"41":0.0258362535,"42":0.023138959,"43":0.0255382098,"44":0.0406028107,"45":0.0383467674,"46":0.0542125069,"47":0.0299922265,"48":0.0441081449,"49":0.0276001841,"50":0.0551086776,"51":0.0357501097,"52":0.0170331225,"53":0.0319613367,"54":0.0401835404,"55":0.0323956273,"56":0.024620112,"57":0.0498634651,"58":0.0506990813,"59":0.0403973758,"60":0.0273098983,"61":0.0452732369,"62":0.0328482501,"63":0.0438539796,"64":0.0314351134,"65":0.0647905022,"66":0.0421893671,"67":0.0432335883,"68":0.0273859818,"69":0.0500525534,"70":0.032477539,"71":0.0580098331,"72":0.0483650565,"73":0.02838552,"74":0.0284107197,"75":0.0346419998,"76":0.0788586512,"77":0.0503676273,"78":0.031285461,"79":0.0480591729,"80":0.0426991396,"81":0.0401992425,"82":0.0383689776,"83":0.0278257169,"84":0.0260295216,"85":0.0298156813,"86":0.0287294574,"87":0.0481716394,"88":0.059267059,"89":0.0309894979,"90":0.0451389067,"91":0.0358390622,"92":0.0332311355,"93":0.0641996413,"94":0.0711193308,"95":0.0517636687,"96":0.0656251535,"97":0.0316564515,"98":0.026313547,"99":0.0585989542}}