{"cid":{"0":1,"1":1,"2":1,"3":1,"4":1,"5":1,"6":1,"7":1,"8":1,"9":1,"10":1,"11":1,"12":1,"13":1,"14":1,"15":1,"16":1,"17":1,"18":1,"19":1,"20":1,"21":1,"22":1,"23":1,"24":1,"25":1,"26":1,"27":1,"28":1,"29":1,"30":1,"31":1,"32":1,"33":1,"34":1,"35":1,"36":1,"37":1,"38":1,"39":1,"40":1,"41":1,"42":1,"43":1,"44":1,"45":1,"46":1,"47":1,"48":1,"49":1,"50":1,"51":1,"52":1,"53":1,"54":1,"55":1,"56":1,"57":1,"58":1,"59":1,"60":2,"61":2,"62":2,"63":2,"64":2,"65":2,"66":2,"67":2,"68":2,"69":2,"70":2,"71":2,"72":2,"73":2,"74":2,"75":2,"76":2,"77":2,"78":2,"79":2,"80":2,"81":2,"82":2,"83":2,"84":2,"85":2,"86":2,"87":2,"88":2,"89":2,"90":2,"91":2,"92":2,"93":2,"94":2,"95":2,"96":2,"97":2,"98":2,"99":2},"oid":{"0":0,"1":1,"2":2,"3":3,"4":4,"5":5,"6":6,"7":7,"8":8,"9":9,"10":10,"11":11,"12":12,"13":13,"14":14,"15":15,"16":16,"17":17,"18":18,"19":19,"20":20,"21":21,"22":22,"23":23,"24":24,"25":25,"26":26,"27":27,"28":28,"29":29,"30":30,"31":31,"32":32,"33":33,"34":34,"35":35,"36":36,"37":37,"38":38,"39":39,"40":40,"41":41,"42":42,"43":43,"44":44,"45":45,"46":46,"47":47,"48":48,"49":49,"50":50,"51":51,"52":52,"53":53,"54":54,"55":55,"56":56,"57":57,"58":58,"59":59,"60":60,"61":61,"62":62,"63":63,"64":64,"65":65,"66":66,"67":67,"68":68,"69":69,"70":70,"71":71,"72":72,"73":73,"74":74,"75":75,"76":76,"77":77,"78":78,"79":79,"80":80,"81":81,"82":82,"83":83,"84":84,"85":85,"86":86,"87":87,"88":88,"89":89,"90":90,"91":91,"92":92,"93":93,"94":94,"95":95,"96":96,"97":97,"98":98,"99":99},"mean":{"0":0.022674236,"1":0.026152278,"2":0.036256267,"3":0.0222825971,"4":0.0257484499,"5":0.0227057172,"6":0.0244555523,"7":0.0248800351,"8":0.0201480422,"9":0.0336338348,"10":0.0274954951,"11":0.0208004018,"12":0.0120864635,"13":0.0371993879,"14":0.0409184032,"15":0.0358435586,"16":0.0229231682,"17":0.0319129162,"18":0.0299916996,"19":0.0269358655,"20":0.0263598727,"21":0.0302610662,"22":0.0134364342,"23":0.0242584066,"24":0.0242299388,"25":0.0236213638,"26":0.0231686532,"27":0.0166294608,"28":0.0447384616,"29":0.0332896312,"30":0.0175467338,"31":0.0194025106,"32":0.0343965557,"33":0.0216716021,"34":0.0213772092,"35":0.0233660986,"36":0.0275772495,"37":0.0281014509,"38":0.0440882908,"39":0.0285560621,"40":0.0215394596,"41":0.032133268,"42":0.0290630394,"43":0.0179665552,"44":0.0197625216,"45":0.0218983293,"46":0.0248077313,"47":0.0174793184,"48":0.0294158128,"49":0.0123740203,"50":0.0406939023,"51":0.0251747947,"52":0.0118197542,"53":0.0338754124,"54":0.0382971797,"55":0.0228422483,"56":0.0144469672,"57":0.0314438211,"58":0.0174871369,"59":0.0333054231,"60":0.0262338221,"61":0.027028751,"62":0.035692258,"63":0.0313841701,"64":0.0346824527,"65":0.0448052436,"66":0.0283624464,"67":0.0305168808,"68":0.0287818445,"69":0.0444893638,"70":0.0344164934,"71":0.0397685236,"72":0.018006242,"73":0.0218489534,"74":0.0205106818,"75":0.017292728,"76":0.0412877136,"77":0.0277254846,"78":0.0311562088,"79":0.033636868,"80":0.037329942,"81":0.0259844048,"82":0.0274253852,"83":0.017893824,"84":0.0210696956,"85":0.0218884763,"86":0.0274933858,"87":0.0386959944,"88":0.0324812002,"89":0.0362091594,"90":0.0263332824,"91":0.0308875773,"92":0.037646585,"93":0.0517525911,"94":0.0424144434,"95":0.0391039252,"96":0.0275346935,"97":0.0308669772,"98":0.0211537778,"99":0.0445277426},"median":{"0":0.0213093981,"1":0.0256535709,"2":0.0335549749,"3":0.0226118155,"4":0.0268713571,"5":0.0226993971,"6":0.0252430867,"7":0.0248520114,"8":0.0195641182,"9":0.0330899023,"10":0.0284081846,"11":0.0192447733,"12":0.0119345784,"13":0.0360032171,"14":0.0400736555,"15":0.0354117267,"16":0.022206679,"17":0.032447461,"18":0.0304778349,"19":0.0261631105,"20":0.0259157643,"21":0.0304863937,"22":0.0124992235,"23":0.0243059043,"24":0.0225743484,"25":0.0245635007,"26":0.0242233966,"27":0.01637684,"28":0.0445052795,"29":0.0344782807,"30":0.0176167376,"31":0.0192976668,"32":0.033915069,"33":0.0213194452,"34":0.0206584409,"35":0.0243860614,"36":0.0267824046,"37":0.0285725296,"38":0.0430984087,"39":0.0252533685,"40":0.0217116456,"41":0.0319920257,"42":0.0297566336,"43":0.0180460103,"44":0.0202619098,"45":0.0222295728,"46":0.023221584,"47":0.0165596902,"48":0.0292221047,"49":0.011440821,"50":0.0399465039,"51":0.0248979945,"52":0.0108257476,"53":0.0337427557,"54":0.0356989764,"55":0.0222953409,"56":0.0151586607,"57":0.0330625176,"58":0.0174048301,"59":0.0322451144,"60":0.0252983812,"61":0.0267327484,"62":0.0373772979,"63":0.030649744,"64":0.0323612541,"65":0.0446609072,"66":0.0293446705,"67":0.0321392268,"68":0.0287505109,"69":0.0436787009,"70":0.032628499,"71":0.0391882099,"72":0.0162109565,"73":0.0223648623,"74":0.0204279628,"75":0.0168025773,"76":0.0417944789,"77":0.0254320987,"78":0.0315449387,"79":0.0320529975,"80":0.0386895351,"81":0.0266073123,"82":0.0275845416,"83":0.0174801536,"84":0.0209671129,"85":0.0216975845,"86":0.0288796462,"87":0.0385405868,"88":0.0332106091,"89":0.0357243977,"90":0.0260825511,"91":0.0297624897,"92":0.0397378951,"93":0.0530377328,"94":0.0378259234,"95":0.0392905921,"96":0.0259957314,"97":0.0265577007,"98":0.0210529268,"99":0.0448067673}}