{"cid":{"0":1,"1":1,"2":1,"3":1,"4":1,"5":1,"6":1,"7":1,"8":1,"9":1,"10":1,"11":1,"12":1,"13":1,"14":1,"15":1,"16":1,"17":1,"18":1,"19":1,"20":1,"21":1,"22":1,"23":1,"24":1,"25":1,"26":1,"27":1,"28":1,"29":1,"30":1,"31":1,"32":1,"33":1,"34":1,"35":1,"36":1,"37":1,"38":1,"39":1,"40":1,"41":1,"42":1,"43":1,"44":1,"45":1,"46":1,"47":1,"48":1,"49":1,"50":1,"51":1,"52":1,"53":1,"54":1,"55":1,"56":1,"57":1,"58":1,"59":1,"60":2,"61":2,"62":2,"63":2,"64":2,"65":2,"66":2,"67":2,"68":2,"69":2,"70":2,"71":2,"72":2,"73":2,"74":2,"75":2,"76":2,"77":2,"78":2,"79":2,"80":2,"81":2,"82":2,"83":2,"84":2,"85":2,"86":2,"87":2,"88":2,"89":2,"90":2,"91":2,"92":2,"93":2,"94":2,"95":2,"96":2,"97":2,"98":2,"99":2},"oid":{"0":0,"1":1,"2":2,"3":3,"4":4,"5":5,"6":6,"7":7,"8":8,"9":9,"10":10,"11":11,"12":12,"13":13,"14":14,"15":15,"16":16,"17":17,"18":18,"19":19,"20":20,"21":21,"22":22,"23":23,"24":24,"25":25,"26":26,"27":27,"28":28,"29":29,"30":30,"31":31,"32":32,"33":33,"34":34,"35":35,"36":36,"37":37,"38":38,"39":39,"40":40,"41":41,"42":42,"43":43,"44":44,"45":45,"46":46,"47":47,"48":48,"49":49,"50":50,"51":51,"52":52,"53":53,"54":54,"55":55,"56":56,"57":57,"58":58,"59":59,"60":60,"61":61,"62":62,"63":63,"64":64,"65":65,"66":66,"67":67,"68":68,"69":69,"70":70,"71":71,"72":72,"73":73,"74":74,"75":75,"76":76,"77":77,"78":78,"79":79,"80":80,"81":81,"82":82,"83":83,"84":84,"85":85,"86":86,"87":87,"88":88,"89":89,"90":90,"91":91,"92":92,"93":93,"94":94,"95":95,"96":96,"97":97,"98":98,"99":99},"mean":{"0":0.0327161815,"1":0.0287858711,"2":0.0466491116,"3":0.029162301,"4":0.0181157755,"5":0.024603198,"6":0.0271495233,"7":0.0322768887,"8":0.0234046347,"9":0.0359586477,"10":0.0385057992,"11":0.0185491244,"12":0.0274104973,"13":0.0236798194,"14":0.0385427078,"15":0.0288467538,"16":0.030961891,"17":0.0455080469,"18":0.0216285719,"19":0.0311966803,"20":0.0386721392,"21":0.0417003234,"22":0.0276130372,"23":0.0397237606,"24":0.0225093282,"25":0.0405369269,"26":0.0393776728,"27":0.0449279447,"28":0.079783731,"29":0.0560735597,"30":0.0352829136,"31":0.0200361245,"32":0.023287697,"33":0.0290431798,"34":0.0192934159,"35":0.0216307839,"36":0.0232484059,"37":0.0390690731,"38":0.0616483755,"39":0.0272792545,"40":0.0382229553,"41":0.0450428824,"42":0.0552397536,"43":0.0292576287,"44":0.0322797149,"45":0.0234650307,"46":0.0225999521,"47":0.0257584333,"48":0.0255860421,"49":0.0229822314,"50":0.047900733,"51":0.0237219092,"52":0.0214759376,"53":0.041301012,"54":0.0326206552,"55":0.0306948688,"56":0.022914711,"57":0.0508936445,"58":0.0410445465,"59":0.0331167314,"60":0.0326225691,"61":0.0261118578,"62":0.0264593032,"63":0.027503704,"64":0.0232541412,"65":0.0367655635,"66":0.0489049852,"67":0.0193750858,"68":0.028554625,"69":0.0303277307,"70":0.0320596629,"71":0.0368460053,"72":0.0549973912,"73":0.0302477611,"74":0.0221877197,"75":0.027011724,"76":0.0438380341,"77":0.0415811572,"78":0.0315530764,"79":0.0357896388,"80":0.0296096404,"81":0.0251676175,"82":0.0338311129,"83":0.0313644141,"84":0.0195725378,"85":0.0433098045,"86":0.0217168563,"87":0.0365554889,"88":0.0446376999,"89":0.0357139905,"90":0.0636134081,"91":0.0274359418,"92":0.0259315007,"93":0.0493656516,"94":0.0382938517,"95":0.0397613843,"96":0.0474371049,"97":0.0395942463,"98":0.0358568579,"99":0.0622716745},"median":{"0":0.0303158239,"1":0.028370887,"2":0.0497343391,"3":0.027977325,"4":0.015969215,"5":0.02380988,"6":0.0260603968,"7":0.0305574927,"8":0.0239671487,"9":0.0354617722,"10":0.0372786932,"11":0.0188262295,"12":0.0276523791,"13":0.022160409,"14":0.0375872068,"15":0.0312570855,"16":0.0299173612,"17":0.0402353257,"18":0.021230774,"19":0.0315279551,"20":0.0389140584,"21":0.0431303158,"22":0.0242697131,"23":0.0390390418,"24":0.0226105843,"25":0.0414737463,"26":0.0388493054,"27":0.046124097,"28":0.0730876923,"29":0.0547132157,"30":0.0347575098,"31":0.0200123638,"32":0.023570342,"33":0.0298129357,"34":0.0187369939,"35":0.0223986246,"36":0.0231318083,"37":0.0403853133,"38":0.0594362095,"39":0.0274974294,"40":0.0375192389,"41":0.0465382673,"42":0.0545227788,"43":0.029815793,"44":0.0310720596,"45":0.0240514819,"46":0.0227764696,"47":0.0247446951,"48":0.0258902088,"49":0.0205503944,"50":0.0499803126,"51":0.0240458734,"52":0.0204539318,"53":0.0425478071,"54":0.0328184962,"55":0.0320058949,"56":0.0226495713,"57":0.0447583236,"58":0.0405249968,"59":0.0331820585,"60":0.0329490229,"61":0.0256328806,"62":0.0274380147,"63":0.0270322692,"64":0.0244207494,"65":0.0381765552,"66":0.0506814383,"67":0.019609889,"68":0.027143633,"69":0.0298399273,"70":0.0308443289,"71":0.039550107,"72":0.0499931425,"73":0.0272991806,"74":0.0203524735,"75":0.0263724029,"76":0.0434971191,"77":0.0417234749,"78":0.0311053023,"79":0.0352281444,"80":0.0285287984,"81":0.0242646392,"82":0.0335266367,"83":0.0306274276,"84":0.0190407,"85":0.0438705124,"86":0.0213254131,"87":0.0353191569,"88":0.0453743972,"89":0.0390614048,"90":0.06220676,"91":0.0264019035,"92":0.0260898247,"93":0.0500092767,"94":0.0349075794,"95":0.0392304063,"96":0.0484635048,"97":0.0379850753,"98":0.0367663354,"99":0.0617700256}}