{"cid":{"0":1,"1":1,"2":1,"3":1,"4":1,"5":1,"6":1,"7":1,"8":1,"9":1,"10":1,"11":1,"12":1,"13":1,"14":1,"15":1,"16":1,"17":1,"18":1,"19":1,"20":1,"21":1,"22":1,"23":1,"24":1,"25":1,"26":1,"27":1,"28":1,"29":1,"30":1,"31":1,"32":1,"33":1,"34":1,"35":1,"36":1,"37":1,"38":1,"39":1,"40":1,"41":1,"42":1,"43":1,"44":1,"45":1,"46":1,"47":1,"48":1,"49":1,"50":1,"51":1,"52":1,"53":1,"54":1,"55":1,"56":1,"57":1,"58":1,"59":1,"60":2,"61":2,"62":2,"63":2,"64":2,"65":2,"66":2,"67":2,"68":2,"69":2,"70":2,"71":2,"72":2,"73":2,"74":2,"75":2,"76":2,"77":2,"78":2,"79":2,"80":2,"81":2,"82":2,"83":2,"84":2,"85":2,"86":2,"87":2,"88":2,"89":2,"90":2,"91":2,"92":2,"93":2,"94":2,"95":2,"96":2,"97":2,"98":2,"99":2},"oid":{"0":0,"1":1,"2":2,"3":3,"4":4,"5":5,"6":6,"7":7,"8":8,"9":9,"10":10,"11":11,"12":12,"13":13,"14":14,"15":15,"16":16,"17":17,"18":18,"19":19,"20":20,"21":21,"22":22,"23":23,"24":24,"25":25,"26":26,"27":27,"28":28,"29":29,"30":30,"31":31,"32":32,"33":33,"34":34,"35":35,"36":36,"37":37,"38":38,"39":39,"40":40,"41":41,"42":42,"43":43,"44":44,"45":45,"46":46,"47":47,"48":48,"49":49,"50":50,"51":51,"52":52,"53":53,"54":54,"55":55,"56":56,"57":57,"58":58,"59":59,"60":60,"61":61,"62":62,"63":63,"64":64,"65":65,"66":66,"67":67,"68":68,"69":69,"70":70,"71":71,"72":72,"73":73,"74":74,"75":75,"76":76,"77":77,"78":78,"79":79,"80":80,"81":81,"82":82,"83":83,"84":84,"85":85,"86":86,"87":87,"88":88,"89":89,"90":90,"91":91,"92":92,"93":93,"94":94,"95":95,"96":96,"97":97,"98":98,"99":99},"mean":{"0":0.0356512103,"1":0.0278534591,"2":0.0723719862,"3":0.0490863721,"4":0.0397731927,"5":0.0393084685,"6":0.0383514067,"7":0.0515599317,"8":0.0340251128,"9":0.0588088036,"10":0.0319535401,"11":0.0285667181,"12":0.0332315962,"13":0.060765326,"14":0.0535908375,"15":0.062016502,"16":0.050622546,"17":0.0345663031,"18":0.0395048459,"19":0.0330755181,"20":0.0342638824,"21":0.0473871032,"22":0.0312801798,"23":0.0264654424,"24":0.038078381,"25":0.0398177538,"26":0.0388363997,"27":0.0336312718,"28":0.0304050148,"29":0.0306448804,"30":0.0482872501,"31":0.0447640485,"32":0.0325700343,"33":0.0428734273,"34":0.0284666485,"35":0.03214101,"36":0.0370428297,"37":0.0296751029,"38":0.0342623823,"39":0.038010776,"40":0.0333365864,"41":0.0346764127,"42":0.0383215745,"43":0.0270720969,"44":0.0438253619,"45":0.0446525415,"46":0.0331999163,"47":0.0470542371,"48":0.0383428931,"49":0.0271052006,"50":0.0419768857,"51":0.0341601148,"52":0.0315989554,"53":0.042540239,"54":0.0495696995,"55":0.0469821758,"56":0.0362978445,"57":0.0448832578,"58":0.0426861842,"59":0.0251704504,"60":0.0322737926,"61":0.0429489745,"62":0.0419796076,"63":0.0363826089,"64":0.0458284451,"65":0.0717782378,"66":0.0567595826,"67":0.0401896,"68":0.0268878175,"69":0.0464577311,"70":0.0565934579,"71":0.0570051538,"72":0.0400015646,"73":0.0460080637,"74":0.0343100627,"75":0.0465185013,"76":0.0552728971,"77":0.0428883731,"78":0.0526606043,"79":0.0672252774,"80":0.0410550303,"81":0.0383122497,"82":0.0414268076,"83":0.0275773257,"84":0.0384135644,"85":0.0436428322,"86":0.0295535127,"87":0.0625769695,"88":0.0510810481,"89":0.0348902179,"90":0.061191082,"91":0.0330603785,"92":0.0273274812,"93":0.0768111348,"94":0.049685763,"95":0.0360194246,"96":0.0676338143,"97":0.0547631118,"98":0.031398356,"99":0.0449957417},"median":{"0":0.0336124822,"1":0.0279701352,"2":0.0667760819,"3":0.0484425016,"4":0.0383267663,"5":0.0397693701,"6":0.038077306,"7":0.0514883138,"8":0.0340059325,"9":0.0584088117,"10":0.0312686525,"11":0.027408801,"12":0.0342950113,"13":0.0647372156,"14":0.0541364476,"15":0.0611963868,"16":0.0485085137,"17":0.0358056352,"18":0.0398074165,"19":0.0327109396,"20":0.0319053866,"21":0.047196392,"22":0.0315740854,"23":0.0269877911,"24":0.0396988317,"25":0.0389542729,"26":0.0350542963,"27":0.0322526619,"28":0.0301965028,"29":0.0271425452,"30":0.0493267104,"31":0.0425916202,"32":0.0325668901,"33":0.0408114828,"34":0.0284464322,"35":0.0307600219,"36":0.0374983475,"37":0.0298463143,"38":0.0351360328,"39":0.0373138264,"40":0.0332106836,"41":0.0327714011,"42":0.0386326537,"43":0.0268948674,"44":0.0431654714,"45":0.0406285301,"46":0.0327435322,"47":0.0476939753,"48":0.0383582227,"49":0.0273265187,"50":0.0419187434,"51":0.03399878,"52":0.0304637719,"53":0.0432516783,"54":0.0491991937,"55":0.0495425537,"56":0.0382303894,"57":0.0450989492,"58":0.0411689542,"59":0.0263536386,"60":0.0286888517,"61":0.043809142,"62":0.0404849835,"63":0.0347229019,"64":0.0497192964,"65":0.0703864247,"66":0.0536050946,"67":0.0392619297,"68":0.0260921065,"69":0.0448262095,"70":0.0552453808,"71":0.0592407919,"72":0.0401508994,"73":0.0451236628,"74":0.0353173763,"75":0.0474090464,"76":0.0543620512,"77":0.0409257561,"78":0.0501479432,"79":0.0666861609,"80":0.0410769992,"81":0.0365934633,"82":0.0398645662,"83":0.028187396,"84":0.0388018377,"85":0.0440345295,"86":0.0285597984,"87":0.059971489,"88":0.0518833622,"89":0.0363799818,"90":0.0614825264,"91":0.0317238756,"92":0.0267955549,"93":0.0774174854,"94":0.048842106,"95":0.0346333012,"96":0.063409403,"97":0.0511891246,"98":0.030383233,"99":0.0430693552}}