{"cid":{"0":1,"1":1,"2":1,"3":1,"4":1,"5":1,"6":1,"7":1,"8":1,"9":1,"10":1,"11":1,"12":1,"13":1,"14":1,"15":1,"16":1,"17":1,"18":1,"19":1,"20":1,"21":1,"22":1,"23":1,"24":1,"25":1,"26":1,"27":1,"28":1,"29":1,"30":1,"31":1,"32":1,"33":1,"34":1,"35":1,"36":1,"37":1,"38":1,"39":1,"40":1,"41":1,"42":1,"43":1,"44":1,"45":1,"46":1,"47":1,"48":1,"49":1,"50":1,"51":1,"52":1,"53":1,"54":1,"55":1,"56":1,"57":1,"58":1,"59":1,"60":2,"61":2,"62":2,"63":2,"64":2,"65":2,"66":2,"67":2,"68":2,"69":2,"70":2,"71":2,"72":2,"73":2,"74":2,"75":2,"76":2,"77":2,"78":2,"79":2,"80":2,"81":2,"82":2,"83":2,"84":2,"85":2,"86":2,"87":2,"88":2,"89":2,"90":2,"91":2,"92":2,"93":2,"94":2,"95":2,"96":2,"97":2,"98":2,"99":2},"oid":{"0":0,"1":1,"2":2,"3":3,"4":4,"5":5,"6":6,"7":7,"8":8,"9":9,"10":10,"11":11,"12":12,"13":13,"14":14,"15":15,"16":16,"17":17,"18":18,"19":19,"20":20,"21":21,"22":22,"23":23,"24":24,"25":25,"26":26,"27":27,"28":28,"29":29,"30":30,"31":31,"32":32,"33":33,"34":34,"35":35,"36":36,"37":37,"38":38,"39":39,"40":40,"41":41,"42":42,"43":43,"44":44,"45":45,"46":46,"47":47,"48":48,"49":49,"50":50,"51":51,"52":52,"53":53,"54":54,"55":55,"56":56,"57":57,"58":58,"59":59,"60":60,"61":61,"62":62,"63":63,"64":64,"65":65,"66":66,"67":67,"68":68,"69":69,"70":70,"71":71,"72":72,"73":73,"74":74,"75":75,"76":76,"77":77,"78":78,"79":79,"80":80,"81":81,"82":82,"83":83,"84":84,"85":85,"86":86,"87":87,"88":88,"89":89,"90":90,"91":91,"92":92,"93":93,"94":94,"95":95,"96":96,"97":97,"98":98,"99":99},"mean":{"0":0.0359957814,"1":0.0263529254,"2":0.0661536654,"3":0.0427235663,"4":0.0315709776,"5":0.0285876658,"6":0.037004653,"7":0.0564881431,"8":0.0332440502,"9":0.0413135423,"10":0.0283564428,"11":0.0283281273,"12":0.0411508547,"13":0.0637383925,"14":0.0508728458,"15":0.0296349414,"16":0.0373467935,"17":0.0526197718,"18":0.0352274477,"19":0.0435952147,"20":0.0409882565,"21":0.0498933925,"22":0.0348921186,"23":0.0386618508,"24":0.0187748985,"25":0.0357647737,"26":0.0401137074,"27":0.0198583355,"28":0.0493585401,"29":0.0346044699,"30":0.0463553891,"31":0.0376835532,"32":0.0419039428,"33":0.04182823,"34":0.0436727504,"35":0.0269988775,"36":0.0343352225,"37":0.0230128715,"38":0.0433073044,"39":0.0336892307,"40":0.0326713887,"41":0.0401994189,"42":0.0486168895,"43":0.0261105928,"44":0.0284115747,"45":0.025493953,"46":0.0417126152,"47":0.0236845642,"48":0.0262101558,"49":0.0298784375,"50":0.0268204411,"51":0.0229599923,"52":0.0218508806,"53":0.0351774693,"54":0.0291835765,"55":0.0257864495,"56":0.0286354224,"57":0.0460947686,"58":0.0244733658,"59":0.0350814131,"60":0.0298145612,"61":0.0462487406,"62":0.0262090398,"63":0.0257930987,"64":0.0324882368,"65":0.0389527559,"66":0.038746208,"67":0.0286458969,"68":0.0357467665,"69":0.0451912946,"70":0.0446459585,"71":0.0654360188,"72":0.0354299678,"73":0.0388355056,"74":0.0353043742,"75":0.0275916739,"76":0.0552234848,"77":0.0412120952,"78":0.0454434355,"79":0.0470083521,"80":0.0468725761,"81":0.02859156,"82":0.0315097041,"83":0.0293667197,"84":0.0382854442,"85":0.0288782451,"86":0.0356711215,"87":0.0460433496,"88":0.0321675407,"89":0.0370782216,"90":0.0521726509,"91":0.0388847325,"92":0.02661054,"93":0.0693006396,"94":0.0567580064,"95":0.0401378738,"96":0.0482439167,"97":0.0349742538,"98":0.039779909,"99":0.0440449384},"median":{"0":0.035840027,"1":0.0264045931,"2":0.0593808517,"3":0.0376865305,"4":0.0302046929,"5":0.0301580038,"6":0.0350894444,"7":0.0540198162,"8":0.0354485102,"9":0.0438967682,"10":0.0263774898,"11":0.0272750128,"12":0.0397079736,"13":0.063939184,"14":0.0441564955,"15":0.0243409351,"16":0.0355713442,"17":0.0535053909,"18":0.0339852683,"19":0.0432071574,"20":0.0405122153,"21":0.0513874404,"22":0.033018209,"23":0.0374344438,"24":0.0180010423,"25":0.0337864235,"26":0.0361238196,"27":0.0200703889,"28":0.0478750542,"29":0.0347756892,"30":0.0471801832,"31":0.0371472538,"32":0.0391044468,"33":0.0377517045,"34":0.0447750576,"35":0.0266893953,"36":0.0331047922,"37":0.0217416324,"38":0.043096289,"39":0.0284150336,"40":0.0333722234,"41":0.0390032493,"42":0.048701629,"43":0.026587991,"44":0.0260780565,"45":0.0256271232,"46":0.0441723354,"47":0.0234033,"48":0.0251386315,"49":0.0298678558,"50":0.0249183346,"51":0.0233321823,"52":0.0218842123,"53":0.0349771343,"54":0.0280157067,"55":0.0265601426,"56":0.0292454734,"57":0.045943778,"58":0.0221876707,"59":0.0352952816,"60":0.0302066188,"61":0.0469937362,"62":0.0260138009,"63":0.0252388325,"64":0.0320171975,"65":0.0397230759,"66":0.0380928554,"67":0.0286725275,"68":0.0355051868,"69":0.044568453,"70":0.0452140979,"71":0.0606528148,"72":0.0351176597,"73":0.0374217257,"74":0.0347738713,"75":0.0268599521,"76":0.056424506,"77":0.0421745852,"78":0.045150388,"79":0.0459723808,"80":0.0456114635,"81":0.0275712125,"82":0.0314167254,"83":0.0299338847,"84":0.0383226797,"85":0.0302028246,"86":0.0352914184,"87":0.0454496257,"88":0.0325356722,"89":0.0378921069,"90":0.0494909808,"91":0.0383977257,"92":0.0274168905,"93":0.068708688,"94":0.0584486201,"95":0.0365030505,"96":0.0475844406,"97":0.0323806219,"98":0.0414200686,"99":0.0427103229}}