{"cid":{"0":1,"1":1,"2":1,"3":1,"4":1,"5":1,"6":1,"7":1,"8":1,"9":1,"10":1,"11":1,"12":1,"13":1,"14":1,"15":1,"16":1,"17":1,"18":1,"19":1,"20":1,"21":1,"22":1,"23":1,"24":1,"25":1,"26":1,"27":1,"28":1,"29":1,"30":1,"31":1,"32":1,"33":1,"34":1,"35":1,"36":1,"37":1,"38":1,"39":1,"40":1,"41":1,"42":1,"43":1,"44":1,"45":1,"46":1,"47":1,"48":1,"49":1,"50":1,"51":1,"52":1,"53":1,"54":1,"55":1,"56":1,"57":1,"58":1,"59":1,"60":2,"61":2,"62":2,"63":2,"64":2,"65":2,"66":2,"67":2,"68":2,"69":2,"70":2,"71":2,"72":2,"73":2,"74":2,"75":2,"76":2,"77":2,"78":2,"79":2,"80":2,"81":2,"82":2,"83":2,"84":2,"85":2,"86":2,"87":2,"88":2,"89":2,"90":2,"91":2,"92":2,"93":2,"94":2,"95":2,"96":2,"97":2,"98":2,"99":2},"oid":{"0":0,"1":1,"2":2,"3":3,"4":4,"5":5,"6":6,"7":7,"8":8,"9":9,"10":10,"11":11,"12":12,"13":13,"14":14,"15":15,"16":16,"17":17,"18":18,"19":19,"20":20,"21":21,"22":22,"23":23,"24":24,"25":25,"26":26,"27":27,"28":28,"29":29,"30":30,"31":31,"32":32,"33":33,"34":34,"35":35,"36":36,"37":37,"38":38,"39":39,"40":40,"41":41,"42":42,"43":43,"44":44,"45":45,"46":46,"47":47,"48":48,"49":49,"50":50,"51":51,"52":52,"53":53,"54":54,"55":55,"56":56,"57":57,"58":58,"59":59,"60":60,"61":61,"62":62,"63":63,"64":64,"65":65,"66":66,"67":67,"68":68,"69":69,"70":70,"71":71,"72":72,"73":73,"74":74,"75":75,"76":76,"77":77,"78":78,"79":79,"80":80,"81":81,"82":82,"83":83,"84":84,"85":85,"86":86,"87":87,"88":88,"89":89,"90":90,"91":91,"92":92,"93":93,"94":94,"95":95,"96":96,"97":97,"98":98,"99":99},"mean":{"0":0.0270681414,"1":0.0297305915,"2":0.03792424,"3":0.0265892595,"4":0.0194821639,"5":0.0182912217,"6":0.0265926321,"7":0.0332677232,"8":0.0280360083,"9":0.035968754,"10":0.019534611,"11":0.0235598865,"12":0.0258226494,"13":0.0229449173,"14":0.0451159444,"15":0.0301431064,"16":0.0281671253,"17":0.0302289459,"18":0.0251280434,"19":0.0286198457,"20":0.0290165444,"21":0.0396901932,"22":0.0292243063,"23":0.0365692046,"24":0.019691411,"25":0.0292988916,"26":0.0271855891,"27":0.0378831625,"28":0.0529162453,"29":0.0480279757,"30":0.030307997,"31":0.0207084997,"32":0.0382682979,"33":0.0332622111,"34":0.02162383,"35":0.0272918642,"36":0.0264239179,"37":0.0210170216,"38":0.0526548194,"39":0.0259947396,"40":0.020259127,"41":0.0295690762,"42":0.0429250631,"43":0.0258875026,"44":0.0254627913,"45":0.0186460912,"46":0.0231924156,"47":0.0280250758,"48":0.0355705188,"49":0.0240533186,"50":0.0282678538,"51":0.0196507107,"52":0.0160605345,"53":0.0430821445,"54":0.0407082107,"55":0.0216196726,"56":0.0182468063,"57":0.0369570322,"58":0.0365054674,"59":0.0274591893,"60":0.0289206902,"61":0.047372573,"62":0.0399888092,"63":0.0406585866,"64":0.0356792377,"65":0.0234091669,"66":0.0457650721,"67":0.0234746084,"68":0.026596725,"69":0.0375428034,"70":0.0457507869,"71":0.0352840324,"72":0.0348730551,"73":0.0352795853,"74":0.040951709,"75":0.0268292758,"76":0.0413430134,"77":0.0320883062,"78":0.0277420878,"79":0.0358982517,"80":0.0313656992,"81":0.0156041036,"82":0.0229541841,"83":0.0233028993,"84":0.026676726,"85":0.033822861,"86":0.0291136503,"87":0.0316358507,"88":0.0305784245,"89":0.0384400686,"90":0.0392905308,"91":0.0373061862,"92":0.0234506594,"93":0.0340180904,"94":0.0368989176,"95":0.0298276974,"96":0.0359769132,"97":0.0318199429,"98":0.0294751357,"99":0.0503921972},"median":{"0":0.0274735838,"1":0.0283302069,"2":0.0360723101,"3":0.0246114694,"4":0.0189676583,"5":0.0176645722,"6":0.0259262305,"7":0.0340281501,"8":0.0280915443,"9":0.0349784456,"10":0.0201053377,"11":0.0235780645,"12":0.0265995748,"13":0.0227646921,"14":0.0462625995,"15":0.0312918089,"16":0.0273287948,"17":0.0285680573,"18":0.0233547632,"19":0.0268213525,"20":0.0297449585,"21":0.0399716459,"22":0.0293296576,"23":0.0322631523,"24":0.0209203158,"25":0.029007202,"26":0.0260959845,"27":0.0382010527,"28":0.053430371,"29":0.0465288721,"30":0.0301220212,"31":0.0204153545,"32":0.03581753,"33":0.0326155834,"34":0.0206799209,"35":0.0270326454,"36":0.025544975,"37":0.0213237815,"38":0.0537622683,"39":0.0253661759,"40":0.0201547276,"41":0.030163059,"42":0.042323824,"43":0.0256123189,"44":0.0242193323,"45":0.0191622302,"46":0.0231449828,"47":0.0283506215,"48":0.034966372,"49":0.0208642334,"50":0.0277804714,"51":0.0187258758,"52":0.0156996772,"53":0.0419976637,"54":0.0416832753,"55":0.0211721845,"56":0.0177790951,"57":0.0348267481,"58":0.0348934457,"59":0.0267126653,"60":0.0303344801,"61":0.0465471633,"62":0.0407225564,"63":0.0400022641,"64":0.0371941961,"65":0.0230342448,"66":0.0463369898,"67":0.0204156898,"68":0.0254436657,"69":0.0366833955,"70":0.0465090312,"71":0.0340908915,"72":0.0355303399,"73":0.0360660218,"74":0.0405081883,"75":0.0246792249,"76":0.0409349799,"77":0.0320347399,"78":0.0272356998,"79":0.0337763093,"80":0.0312776007,"81":0.0155597832,"82":0.0215579793,"83":0.0230102837,"84":0.0275296532,"85":0.0349288359,"86":0.0273110177,"87":0.0314195789,"88":0.0295827631,"89":0.041895926,"90":0.0408947952,"91":0.0368344598,"92":0.0234152246,"93":0.0346737988,"94":0.0352855697,"95":0.0298315026,"96":0.035700541,"97":0.0297997352,"98":0.0283820555,"99":0.0484405868}}