{"cid":{"0":1,"1":1,"2":1,"3":1,"4":1,"5":1,"6":1,"7":1,"8":1,"9":1,"10":1,"11":1,"12":1,"13":1,"14":1,"15":1,"16":1,"17":1,"18":1,"19":1,"20":1,"21":1,"22":1,"23":1,"24":1,"25":1,"26":1,"27":1,"28":1,"29":1,"30":1,"31":1,"32":1,"33":1,"34":1,"35":1,"36":1,"37":1,"38":1,"39":1,"40":1,"41":1,"42":1,"43":1,"44":1,"45":1,"46":1,"47":1,"48":1,"49":1,"50":1,"51":1,"52":1,"53":1,"54":1,"55":1,"56":1,"57":1,"58":1,"59":1,"60":2,"61":2,"62":2,"63":2,"64":2,"65":2,"66":2,"67":2,"68":2,"69":2,"70":2,"71":2,"72":2,"73":2,"74":2,"75":2,"76":2,"77":2,"78":2,"79":2,"80":2,"81":2,"82":2,"83":2,"84":2,"85":2,"86":2,"87":2,"88":2,"89":2,"90":2,"91":2,"92":2,"93":2,"94":2,"95":2,"96":2,"97":2,"98":2,"99":2},"oid":{"0":0,"1":1,"2":2,"3":3,"4":4,"5":5,"6":6,"7":7,"8":8,"9":9,"10":10,"11":11,"12":12,"13":13,"14":14,"15":15,"16":16,"17":17,"18":18,"19":19,"20":20,"21":21,"22":22,"23":23,"24":24,"25":25,"26":26,"27":27,"28":28,"29":29,"30":30,"31":31,"32":32,"33":33,"34":34,"35":35,"36":36,"37":37,"38":38,"39":39,"40":40,"41":41,"42":42,"43":43,"44":44,"45":45,"46":46,"47":47,"48":48,"49":49,"50":50,"51":51,"52":52,"53":53,"54":54,"55":55,"56":56,"57":57,"58":58,"59":59,"60":60,"61":61,"62":62,"63":63,"64":64,"65":65,"66":66,"67":67,"68":68,"69":69,"70":70,"71":71,"72":72,"73":73,"74":74,"75":75,"76":76,"77":77,"78":78,"79":79,"80":80,"81":81,"82":82,"83":83,"84":84,"85":85,"86":86,"87":87,"88":88,"89":89,"90":90,"91":91,"92":92,"93":93,"94":94,"95":95,"96":96,"97":97,"98":98,"99":99},"mean":{"0":0.0317252278,"1":0.0329488847,"2":0.0831479232,"3":0.0464356078,"4":0.0285450386,"5":0.027215254,"6":0.0445959502,"7":0.0340066453,"8":0.039561265,"9":0.0586637391,"10":0.0390080048,"11":0.0268731316,"12":0.0513399111,"13":0.0550489492,"14":0.0791248613,"15":0.0419962481,"16":0.0362024572,"17":0.0340503057,"18":0.0266061806,"19":0.0412527257,"20":0.0346337027,"21":0.0562851164,"22":0.0289577047,"23":0.0346278614,"24":0.038388196,"25":0.0309177637,"26":0.0491039952,"27":0.0261183298,"28":0.0432556106,"29":0.0336996814,"30":0.0305873249,"31":0.0357165337,"32":0.0331063469,"33":0.0364979714,"34":0.0309804612,"35":0.0506797334,"36":0.0446047783,"37":0.0354112817,"38":0.0367758208,"39":0.0299598078,"40":0.0546618501,"41":0.0391732819,"42":0.0406141612,"43":0.0303036438,"44":0.035702426,"45":0.0306632155,"46":0.0370885034,"47":0.0349216491,"48":0.0354853074,"49":0.0315654642,"50":0.0584598647,"51":0.0404617712,"52":0.0183268802,"53":0.0543170439,"54":0.0562297371,"55":0.0369717677,"56":0.0289870501,"57":0.0315129161,"58":0.0670317147,"59":0.0438313749,"60":0.0443439815,"61":0.0390081538,"62":0.0515749521,"63":0.0425981647,"64":0.049950795,"65":0.0588243008,"66":0.0415109595,"67":0.0312138587,"68":0.0228667011,"69":0.0681680904,"70":0.0383668145,"71":0.0582534406,"72":0.0575559669,"73":0.0388343069,"74":0.0387266245,"75":0.0272658683,"76":0.0770543483,"77":0.0386125147,"78":0.0629791419,"79":0.0513395667,"80":0.031490369,"81":0.0333446231,"82":0.0370346904,"83":0.0256161183,"84":0.0366605719,"85":0.0402213103,"86":0.0317727493,"87":0.0364065601,"88":0.0469397042,"89":0.0387091173,"90":0.0628170106,"91":0.0310563313,"92":0.0452101893,"93":0.0508291364,"94":0.0550808973,"95":0.0319199529,"96":0.053618239,"97":0.03650407,"98":0.0369992852,"99":0.0566642947},"median":{"0":0.0309087131,"1":0.0323868468,"2":0.0842688456,"3":0.0462976135,"4":0.0299088247,"5":0.0273806583,"6":0.0468941443,"7":0.0346098281,"8":0.0398833975,"9":0.0592166521,"10":0.0386386812,"11":0.0265494008,"12":0.0504143871,"13":0.0519651398,"14":0.0685777888,"15":0.0413808748,"16":0.0365015119,"17":0.0321009904,"18":0.0269717593,"19":0.0389289446,"20":0.0343058407,"21":0.0553916804,"22":0.0288881473,"23":0.0347788744,"24":0.0356709845,"25":0.0303311255,"26":0.0499639772,"27":0.0260972176,"28":0.0413253643,"29":0.0322413892,"30":0.0305508785,"31":0.0341895781,"32":0.0325832032,"33":0.0355040208,"34":0.0294195935,"35":0.0547289103,"36":0.0468467288,"37":0.0349036753,"38":0.036268495,"39":0.0266804732,"40":0.0553847477,"41":0.0387174599,"42":0.0405828878,"43":0.0285302773,"44":0.0353589766,"45":0.0279224962,"46":0.0371736735,"47":0.034460742,"48":0.035676863,"49":0.0302088037,"50":0.0590623915,"51":0.0426157042,"52":0.0181128643,"53":0.0529706851,"54":0.0549096502,"55":0.034785904,"56":0.0283515323,"57":0.0315295458,"58":0.0667532682,"59":0.0434367098,"60":0.0444855876,"61":0.0379225798,"62":0.0535354167,"63":0.0409393087,"64":0.050504826,"65":0.0592371225,"66":0.0387946367,"67":0.0299628526,"68":0.0223167408,"69":0.0671920106,"70":0.0346635506,"71":0.0576158427,"72":0.0603121258,"73":0.0377846844,"74":0.0360964499,"75":0.0266238544,"76":0.0762093663,"77":0.0388479345,"78":0.063357152,"79":0.0501346551,"80":0.0309889391,"81":0.0334520936,"82":0.038475249,"83":0.0236200299,"84":0.0365832858,"85":0.0396964625,"86":0.030956259,"87":0.0352299064,"88":0.0466842167,"89":0.0372041427,"90":0.0640136451,"91":0.0319785215,"92":0.0425159447,"93":0.0505047701,"94":0.055721432,"95":0.0283310302,"96":0.0544390082,"97":0.0341505408,"98":0.0376243964,"99":0.0547431149}}