{"cid":{"0":1,"1":1,"2":1,"3":1,"4":1,"5":1,"6":1,"7":1,"8":1,"9":1,"10":1,"11":1,"12":1,"13":1,"14":1,"15":1,"16":1,"17":1,"18":1,"19":1,"20":1,"21":1,"22":1,"23":1,"24":1,"25":1,"26":1,"27":1,"28":1,"29":1,"30":1,"31":1,"32":1,"33":1,"34":1,"35":1,"36":1,"37":1,"38":1,"39":1,"40":1,"41":1,"42":1,"43":1,"44":1,"45":1,"46":1,"47":1,"48":1,"49":1,"50":1,"51":1,"52":1,"53":1,"54":1,"55":1,"56":1,"57":1,"58":1,"59":1,"60":2,"61":2,"62":2,"63":2,"64":2,"65":2,"66":2,"67":2,"68":2,"69":2,"70":2,"71":2,"72":2,"73":2,"74":2,"75":2,"76":2,"77":2,"78":2,"79":2,"80":2,"81":2,"82":2,"83":2,"84":2,"85":2,"86":2,"87":2,"88":2,"89":2,"90":2,"91":2,"92":2,"93":2,"94":2,"95":2,"96":2,"97":2,"98":2,"99":2},"oid":{"0":0,"1":1,"2":2,"3":3,"4":4,"5":5,"6":6,"7":7,"8":8,"9":9,"10":10,"11":11,"12":12,"13":13,"14":14,"15":15,"16":16,"17":17,"18":18,"19":19,"20":20,"21":21,"22":22,"23":23,"24":24,"25":25,"26":26,"27":27,"28":28,"29":29,"30":30,"31":31,"32":32,"33":33,"34":34,"35":35,"36":36,"37":37,"38":38,"39":39,"40":40,"41":41,"42":42,"43":43,"44":44,"45":45,"46":46,"47":47,"48":48,"49":49,"50":50,"51":51,"52":52,"53":53,"54":54,"55":55,"56":56,"57":57,"58":58,"59":59,"60":60,"61":61,"62":62,"63":63,"64":64,"65":65,"66":66,"67":67,"68":68,"69":69,"70":70,"71":71,"72":72,"73":73,"74":74,"75":75,"76":76,"77":77,"78":78,"79":79,"80":80,"81":81,"82":82,"83":83,"84":84,"85":85,"86":86,"87":87,"88":88,"89":89,"90":90,"91":91,"92":92,"93":93,"94":94,"95":95,"96":96,"97":97,"98":98,"99":99},"mean":{"0":0.036598285,"1":0.0342193577,"2":0.0789174106,"3":0.0465261903,"4":0.0293528007,"5":0.0290239453,"6":0.0455388361,"7":0.0376347966,"8":0.0416948663,"9":0.058575511,"10":0.0327568286,"11":0.0253866315,"12":0.0528818005,"13":0.0521687567,"14":0.0871843961,"15":0.0337671712,"16":0.0383234885,"17":0.0343068242,"18":0.0322820346,"19":0.0479214191,"20":0.0411392881,"21":0.0574343867,"22":0.0272882349,"23":0.0375548369,"24":0.0368681153,"25":0.0296344327,"26":0.0423217416,"27":0.0373043021,"28":0.0399573843,"29":0.0467073189,"30":0.0446448289,"31":0.0337473551,"32":0.0261155582,"33":0.0287044823,"34":0.0245783461,"35":0.0519231889,"36":0.0263339844,"37":0.0313453542,"38":0.0436846813,"39":0.0424543189,"40":0.0370173256,"41":0.0486217969,"42":0.055624028,"43":0.0373819338,"44":0.0299846511,"45":0.0309924947,"46":0.0597820944,"47":0.0372155458,"48":0.0418971148,"49":0.0276544392,"50":0.0401337213,"51":0.030671116,"52":0.0314041674,"53":0.0340065691,"54":0.0322697096,"55":0.0331935386,"56":0.0236893329,"57":0.0529453191,"58":0.0501516793,"59":0.0345692138,"60":0.021466328,"61":0.0284226338,"62":0.0403465827,"63":0.0445049074,"64":0.0476732088,"65":0.0678773284,"66":0.0349456569,"67":0.0337733209,"68":0.0434420407,"69":0.044953429,"70":0.0464768476,"71":0.0559874376,"72":0.0461043119,"73":0.0318080849,"74":0.0333623158,"75":0.0275642342,"76":0.0564404792,"77":0.0574151278,"78":0.0468818612,"79":0.0560628772,"80":0.0372713539,"81":0.0408170554,"82":0.0417263707,"83":0.0241954327,"84":0.0345158113,"85":0.0367355181,"86":0.0527017216,"87":0.0317771799,"88":0.0533563296,"89":0.0389092399,"90":0.0498543216,"91":0.0348358783,"92":0.0288311541,"93":0.0672810376,"94":0.0752830903,"95":0.0510802203,"96":0.0370776024,"97":0.0316990846,"98":0.0258544423,"99":0.0609716442},"median":{"0":0.0356353745,"1":0.0327973813,"2":0.0787123367,"3":0.0468107909,"4":0.0276956465,"5":0.0268033147,"6":0.0496467687,"7":0.0387972854,"8":0.0399383456,"9":0.0604365878,"10":0.0342540666,"11":0.0246035568,"12":0.0553646535,"13":0.0470770895,"14":0.0697511807,"15":0.0344805568,"16":0.037574172,"17":0.0329827555,"18":0.0337515399,"19":0.0487670079,"20":0.0377985984,"21":0.0571956635,"22":0.0272269771,"23":0.0378403887,"24":0.0361811295,"25":0.0287006889,"26":0.0430074409,"27":0.0369736999,"28":0.0402139872,"29":0.0478259139,"30":0.0449190065,"31":0.0330863744,"32":0.0261508208,"33":0.0276013445,"34":0.0243881084,"35":0.0553990267,"36":0.0264125634,"37":0.0311850179,"38":0.0429024249,"39":0.0379162095,"40":0.0363824889,"41":0.0498192087,"42":0.0548267029,"43":0.0362608582,"44":0.0287564285,"45":0.0313510075,"46":0.0590905622,"47":0.0365714729,"48":0.0403012782,"49":0.0268030725,"50":0.0380739905,"51":0.0312727205,"52":0.033353921,"53":0.0322338715,"54":0.0306882337,"55":0.0332820229,"56":0.0216980055,"57":0.0523929112,"58":0.0498633981,"59":0.0337423012,"60":0.0202897117,"61":0.0295073818,"62":0.0398595147,"63":0.0403050631,"64":0.0453869812,"65":0.0660911649,"66":0.0340179875,"67":0.0318290554,"68":0.0430180281,"69":0.0415091366,"70":0.0485869199,"71":0.0576588102,"72":0.0484131575,"73":0.0330281742,"74":0.0334795788,"75":0.0276072249,"76":0.0564500056,"77":0.0571283884,"78":0.0456654653,"79":0.0585716218,"80":0.0355414301,"81":0.0422988683,"82":0.0402237475,"83":0.0230991542,"84":0.0335360207,"85":0.0356504694,"86":0.0523522273,"87":0.0307646599,"88":0.0552306287,"89":0.0380782858,"90":0.0507409647,"91":0.034884464,"92":0.028247932,"93":0.06218981,"94":0.0778632164,"95":0.0453132205,"96":0.0356149375,"97":0.0306524467,"98":0.0263154153,"99":0.0602463819}}