{"cid":{"0":1,"1":1,"2":1,"3":1,"4":1,"5":1,"6":1,"7":1,"8":1,"9":1,"10":1,"11":1,"12":1,"13":1,"14":1,"15":1,"16":1,"17":1,"18":1,"19":1,"20":1,"21":1,"22":1,"23":1,"24":1,"25":1,"26":1,"27":1,"28":1,"29":1,"30":1,"31":1,"32":1,"33":1,"34":1,"35":1,"36":1,"37":1,"38":1,"39":1,"40":1,"41":1,"42":1,"43":1,"44":1,"45":1,"46":1,"47":1,"48":1,"49":1,"50":1,"51":1,"52":1,"53":1,"54":1,"55":1,"56":1,"57":1,"58":1,"59":1,"60":2,"61":2,"62":2,"63":2,"64":2,"65":2,"66":2,"67":2,"68":2,"69":2,"70":2,"71":2,"72":2,"73":2,"74":2,"75":2,"76":2,"77":2,"78":2,"79":2,"80":2,"81":2,"82":2,"83":2,"84":2,"85":2,"86":2,"87":2,"88":2,"89":2,"90":2,"91":2,"92":2,"93":2,"94":2,"95":2,"96":2,"97":2,"98":2,"99":2},"oid":{"0":0,"1":1,"2":2,"3":3,"4":4,"5":5,"6":6,"7":7,"8":8,"9":9,"10":10,"11":11,"12":12,"13":13,"14":14,"15":15,"16":16,"17":17,"18":18,"19":19,"20":20,"21":21,"22":22,"23":23,"24":24,"25":25,"26":26,"27":27,"28":28,"29":29,"30":30,"31":31,"32":32,"33":33,"34":34,"35":35,"36":36,"37":37,"38":38,"39":39,"40":40,"41":41,"42":42,"43":43,"44":44,"45":45,"46":46,"47":47,"48":48,"49":49,"50":50,"51":51,"52":52,"53":53,"54":54,"55":55,"56":56,"57":57,"58":58,"59":59,"60":60,"61":61,"62":62,"63":63,"64":64,"65":65,"66":66,"67":67,"68":68,"69":69,"70":70,"71":71,"72":72,"73":73,"74":74,"75":75,"76":76,"77":77,"78":78,"79":79,"80":80,"81":81,"82":82,"83":83,"84":84,"85":85,"86":86,"87":87,"88":88,"89":89,"90":90,"91":91,"92":92,"93":93,"94":94,"95":95,"96":96,"97":97,"98":98,"99":99},"mean":{"0":0.0393024484,"1":0.0401572122,"2":0.070149223,"3":0.0393374297,"4":0.0217539685,"5":0.0340323978,"6":0.0394408537,"7":0.0342535641,"8":0.0289630029,"9":0.0512909624,"10":0.022557747,"11":0.021323315,"12":0.0395768517,"13":0.0366284781,"14":0.0331867072,"15":0.027466543,"16":0.0282428794,"17":0.0399502284,"18":0.0446667075,"19":0.0304295884,"20":0.0270396339,"21":0.0528898305,"22":0.0271146993,"23":0.0475801296,"24":0.0255605264,"25":0.039811684,"26":0.0478983853,"27":0.0360299249,"28":0.0330155426,"29":0.0497599741,"30":0.0271143597,"31":0.0398145583,"32":0.0328459541,"33":0.034181118,"34":0.0209001634,"35":0.0387515161,"36":0.0363935994,"37":0.0439722273,"38":0.0275540286,"39":0.0382306642,"40":0.0349174076,"41":0.0380267368,"42":0.0432185762,"43":0.0318850742,"44":0.0358155854,"45":0.0276976062,"46":0.0290571716,"47":0.0446398288,"48":0.0311445793,"49":0.0255893237,"50":0.033846173,"51":0.0430736765,"52":0.0257712917,"53":0.0559242169,"54":0.044640998,"55":0.0321272744,"56":0.0346918735,"57":0.0597173505,"58":0.0452366405,"59":0.0433344775,"60":0.0221948408,"61":0.0475461384,"62":0.040427559,"63":0.0442174938,"64":0.0340160628,"65":0.0530177176,"66":0.054296328,"67":0.028303355,"68":0.0328281654,"69":0.071509507,"70":0.0252002875,"71":0.0522942609,"72":0.0347532961,"73":0.0294834872,"74":0.0217462149,"75":0.0320693851,"76":0.0452873905,"77":0.0412045121,"78":0.0446900196,"79":0.045113494,"80":0.036297222,"81":0.0348817011,"82":0.0342655049,"83":0.0216798156,"84":0.0193685161,"85":0.0307645069,"86":0.0330161452,"87":0.0418476065,"88":0.0374860664,"89":0.0304899348,"90":0.0564195911,"91":0.0445607437,"92":0.0351871385,"93":0.0651972771,"94":0.041905976,"95":0.0338412689,"96":0.0631721152,"97":0.038397087,"98":0.0418189503,"99":0.052039769},"median":{"0":0.0390755534,"1":0.0375216715,"2":0.0678507388,"3":0.0392474048,"4":0.0201046951,"5":0.0332372561,"6":0.0396476686,"7":0.0373366736,"8":0.0296276789,"9":0.0509733185,"10":0.0201875195,"11":0.0209563859,"12":0.0410303213,"13":0.0341269337,"14":0.0330550596,"15":0.0271541849,"16":0.0267232284,"17":0.0397410803,"18":0.0485724546,"19":0.0292778518,"20":0.0273477361,"21":0.0535163507,"22":0.0265929066,"23":0.0455885977,"24":0.0254000649,"25":0.0384299979,"26":0.0461780466,"27":0.0362025499,"28":0.0329708122,"29":0.0504058674,"30":0.0267065242,"31":0.0395763554,"32":0.0313680805,"33":0.0346325412,"34":0.0196580477,"35":0.0392541476,"36":0.0382186249,"37":0.042815119,"38":0.0279421005,"39":0.0368980989,"40":0.0354378112,"41":0.0369555131,"42":0.0454638414,"43":0.0318110064,"44":0.0340971053,"45":0.0279619563,"46":0.0273905825,"47":0.0455908142,"48":0.0289763957,"49":0.0244294535,"50":0.031741377,"51":0.0439945608,"52":0.0243390538,"53":0.0536076017,"54":0.0455857664,"55":0.0320561193,"56":0.0338374376,"57":0.0626343638,"58":0.0460378304,"59":0.0408042148,"60":0.021918295,"61":0.048020944,"62":0.0426621735,"63":0.0443958119,"64":0.0312810913,"65":0.0525314994,"66":0.0530022457,"67":0.0276595913,"68":0.0333167836,"69":0.0741094053,"70":0.0225845668,"71":0.0547045879,"72":0.0309179649,"73":0.0274066869,"74":0.0201379396,"75":0.0317581668,"76":0.041721601,"77":0.0422107466,"78":0.0454987586,"79":0.0442667902,"80":0.0352812111,"81":0.0363211483,"82":0.0299818311,"83":0.0215267465,"84":0.0182294324,"85":0.031078551,"86":0.0353579819,"87":0.0398747362,"88":0.0376167484,"89":0.0273897946,"90":0.0569738559,"91":0.044951003,"92":0.03476917,"93":0.0652647465,"94":0.04242469,"95":0.0353182182,"96":0.0641243607,"97":0.0383325405,"98":0.045350492,"99":0.0504618473}}