{"cid":{"0":1,"1":1,"2":1,"3":1,"4":1,"5":1,"6":1,"7":1,"8":1,"9":1,"10":1,"11":1,"12":1,"13":1,"14":1,"15":1,"16":1,"17":1,"18":1,"19":1,"20":1,"21":1,"22":1,"23":1,"24":1,"25":1,"26":1,"27":1,"28":1,"29":1,"30":1,"31":1,"32":1,"33":1,"34":1,"35":1,"36":1,"37":1,"38":1,"39":1,"40":1,"41":1,"42":1,"43":1,"44":1,"45":1,"46":1,"47":1,"48":1,"49":1,"50":1,"51":1,"52":1,"53":1,"54":1,"55":1,"56":1,"57":1,"58":1,"59":1,"60":2,"61":2,"62":2,"63":2,"64":2,"65":2,"66":2,"67":2,"68":2,"69":2,"70":2,"71":2,"72":2,"73":2,"74":2,"75":2,"76":2,"77":2,"78":2,"79":2,"80":2,"81":2,"82":2,"83":2,"84":2,"85":2,"86":2,"87":2,"88":2,"89":2,"90":2,"91":2,"92":2,"93":2,"94":2,"95":2,"96":2,"97":2,"98":2,"99":2},"oid":{"0":0,"1":1,"2":2,"3":3,"4":4,"5":5,"6":6,"7":7,"8":8,"9":9,"10":10,"11":11,"12":12,"13":13,"14":14,"15":15,"16":16,"17":17,"18":18,"19":19,"20":20,"21":21,"22":22,"23":23,"24":24,"25":25,"26":26,"27":27,"28":28,"29":29,"30":30,"31":31,"32":32,"33":33,"34":34,"35":35,"36":36,"37":37,"38":38,"39":39,"40":40,"41":41,"42":42,"43":43,"44":44,"45":45,"46":46,"47":47,"48":48,"49":49,"50":50,"51":51,"52":52,"53":53,"54":54,"55":55,"56":56,"57":57,"58":58,"59":59,"60":60,"61":61,"62":62,"63":63,"64":64,"65":65,"66":66,"67":67,"68":68,"69":69,"70":70,"71":71,"72":72,"73":73,"74":74,"75":75,"76":76,"77":77,"78":78,"79":79,"80":80,"81":81,"82":82,"83":83,"84":84,"85":85,"86":86,"87":87,"88":88,"89":89,"90":90,"91":91,"92":92,"93":93,"94":94,"95":95,"96":96,"97":97,"98":98,"99":99},"mean":{"0":0.0374336772,"1":0.039729317,"2":0.0516337123,"3":0.0382387108,"4":0.0365657277,"5":0.0292349259,"6":0.0258268747,"7":0.0413080553,"8":0.0297794011,"9":0.0413335992,"10":0.0246014612,"11":0.0250381231,"12":0.0391568674,"13":0.0380496283,"14":0.0492198467,"15":0.0351301208,"16":0.0266257723,"17":0.043666025,"18":0.0290997757,"19":0.0272434735,"20":0.0294137498,"21":0.0610653957,"22":0.0327932106,"23":0.0332278576,"24":0.0388541619,"25":0.0374906096,"26":0.0387208859,"27":0.0268541508,"28":0.0323791802,"29":0.0451602009,"30":0.0391674973,"31":0.0283031629,"32":0.0373514195,"33":0.0503047466,"34":0.0370843311,"35":0.0255790104,"36":0.0422101352,"37":0.0370307664,"38":0.0403879186,"39":0.0304756429,"40":0.0469964378,"41":0.0475024184,"42":0.0390582085,"43":0.0270939353,"44":0.0362974554,"45":0.02896746,"46":0.026011962,"47":0.0261461049,"48":0.0363743537,"49":0.0387183362,"50":0.0330324703,"51":0.0269506983,"52":0.035819802,"53":0.0251249274,"54":0.0319900579,"55":0.042274846,"56":0.0355445743,"57":0.0457403163,"58":0.0377043287,"59":0.0349483225,"60":0.0445238617,"61":0.0380352471,"62":0.0512493385,"63":0.0413135555,"64":0.0446353654,"65":0.0931124687,"66":0.0713202092,"67":0.0250803947,"68":0.031753444,"69":0.0482040114,"70":0.0416207711,"71":0.0450959603,"72":0.0391777489,"73":0.0363088449,"74":0.0294712484,"75":0.0288724071,"76":0.0542084177,"77":0.0585548282,"78":0.0421083503,"79":0.0683376723,"80":0.0346491867,"81":0.0317355394,"82":0.0374779635,"83":0.0358291388,"84":0.0243083338,"85":0.0260247952,"86":0.0288548436,"87":0.0673837927,"88":0.0474775069,"89":0.043212278,"90":0.0450863043,"91":0.0383279721,"92":0.0408383409,"93":0.0762416482,"94":0.0721230308,"95":0.0311762293,"96":0.0565360453,"97":0.0522559947,"98":0.0385869034,"99":0.0522725715},"median":{"0":0.036948923,"1":0.0358958133,"2":0.0525210164,"3":0.0379699729,"4":0.035607554,"5":0.0300010517,"6":0.0255431477,"7":0.0428334288,"8":0.0269399453,"9":0.0421668068,"10":0.0249272846,"11":0.0251711402,"12":0.0391657725,"13":0.0378370695,"14":0.0492098965,"15":0.0345801152,"16":0.0278407298,"17":0.0446079783,"18":0.030187482,"19":0.0268676728,"20":0.0287062768,"21":0.0596699566,"22":0.0331207961,"23":0.0333125591,"24":0.0399251878,"25":0.0393866822,"26":0.0337871164,"27":0.0261321906,"28":0.0310091972,"29":0.0430556424,"30":0.0411393605,"31":0.0283801816,"32":0.0371717699,"33":0.0480990112,"34":0.0360355303,"35":0.0257654283,"36":0.0390225239,"37":0.0364161916,"38":0.0401121378,"39":0.0304429233,"40":0.0467408933,"41":0.0471307822,"42":0.0377476551,"43":0.0268166531,"44":0.0363202356,"45":0.0295314491,"46":0.0260555279,"47":0.0259260163,"48":0.0384095199,"49":0.0384420939,"50":0.0331407227,"51":0.0249542259,"52":0.0356175341,"53":0.0260677263,"54":0.0308837481,"55":0.0434054844,"56":0.0360276625,"57":0.0461685732,"58":0.0363574214,"59":0.0348840691,"60":0.044673644,"61":0.0362430513,"62":0.0508859642,"63":0.0407228358,"64":0.0446677953,"65":0.0925737545,"66":0.0677258149,"67":0.0239303168,"68":0.0314510241,"69":0.0456322245,"70":0.0412141234,"71":0.042120479,"72":0.0398464501,"73":0.035593424,"74":0.0286320187,"75":0.028001124,"76":0.0524764992,"77":0.0551877916,"78":0.041364789,"79":0.0643473342,"80":0.0346067995,"81":0.0318410546,"82":0.0365242735,"83":0.0363035798,"84":0.0235295966,"85":0.0258877613,"86":0.028355943,"87":0.0652708858,"88":0.0470183603,"89":0.0427732542,"90":0.0445027128,"91":0.0354325883,"92":0.0394740254,"93":0.0779000297,"94":0.068118386,"95":0.0323506184,"96":0.0575302169,"97":0.0509601571,"98":0.0370701142,"99":0.0528457724}}