{"cid":{"0":1,"1":1,"2":1,"3":1,"4":1,"5":1,"6":1,"7":1,"8":1,"9":1,"10":1,"11":1,"12":1,"13":1,"14":1,"15":1,"16":1,"17":1,"18":1,"19":1,"20":1,"21":1,"22":1,"23":1,"24":1,"25":1,"26":1,"27":1,"28":1,"29":1,"30":1,"31":1,"32":1,"33":1,"34":1,"35":1,"36":1,"37":1,"38":1,"39":1,"40":1,"41":1,"42":1,"43":1,"44":1,"45":1,"46":1,"47":1,"48":1,"49":1,"50":1,"51":1,"52":1,"53":1,"54":1,"55":1,"56":1,"57":1,"58":1,"59":1,"60":2,"61":2,"62":2,"63":2,"64":2,"65":2,"66":2,"67":2,"68":2,"69":2,"70":2,"71":2,"72":2,"73":2,"74":2,"75":2,"76":2,"77":2,"78":2,"79":2,"80":2,"81":2,"82":2,"83":2,"84":2,"85":2,"86":2,"87":2,"88":2,"89":2,"90":2,"91":2,"92":2,"93":2,"94":2,"95":2,"96":2,"97":2,"98":2,"99":2},"oid":{"0":0,"1":1,"2":2,"3":3,"4":4,"5":5,"6":6,"7":7,"8":8,"9":9,"10":10,"11":11,"12":12,"13":13,"14":14,"15":15,"16":16,"17":17,"18":18,"19":19,"20":20,"21":21,"22":22,"23":23,"24":24,"25":25,"26":26,"27":27,"28":28,"29":29,"30":30,"31":31,"32":32,"33":33,"34":34,"35":35,"36":36,"37":37,"38":38,"39":39,"40":40,"41":41,"42":42,"43":43,"44":44,"45":45,"46":46,"47":47,"48":48,"49":49,"50":50,"51":51,"52":52,"53":53,"54":54,"55":55,"56":56,"57":57,"58":58,"59":59,"60":60,"61":61,"62":62,"63":63,"64":64,"65":65,"66":66,"67":67,"68":68,"69":69,"70":70,"71":71,"72":72,"73":73,"74":74,"75":75,"76":76,"77":77,"78":78,"79":79,"80":80,"81":81,"82":82,"83":83,"84":84,"85":85,"86":86,"87":87,"88":88,"89":89,"90":90,"91":91,"92":92,"93":93,"94":94,"95":95,"96":96,"97":97,"98":98,"99":99},"mean":{"0":0.0317554441,"1":0.0345478422,"2":0.0479651756,"3":0.0297008687,"4":0.0340848466,"5":0.0254354113,"6":0.0251291891,"7":0.0308394829,"8":0.0255336662,"9":0.0461237166,"10":0.0285549561,"11":0.0210629023,"12":0.0322330793,"13":0.0377900269,"14":0.018178266,"15":0.0260801576,"16":0.0333326525,"17":0.027662307,"18":0.0316244993,"19":0.0321151945,"20":0.0340116719,"21":0.0533316731,"22":0.0358437465,"23":0.0630819665,"24":0.0266595185,"25":0.0411604444,"26":0.0367425548,"27":0.0297273861,"28":0.0759772592,"29":0.0575551589,"30":0.0170832127,"31":0.0281247563,"32":0.0272545285,"33":0.0321732044,"34":0.0199624697,"35":0.0267521126,"36":0.0415420499,"37":0.0277189927,"38":0.0335470902,"39":0.0434554617,"40":0.0466807319,"41":0.0396370557,"42":0.0437425011,"43":0.0366924736,"44":0.0292578265,"45":0.026589142,"46":0.0323659447,"47":0.036855036,"48":0.0419148637,"49":0.0268623912,"50":0.035657641,"51":0.0302959755,"52":0.0241386775,"53":0.0439711975,"54":0.038107617,"55":0.0393775536,"56":0.0240812153,"57":0.052444309,"58":0.0276447799,"59":0.0318200588,"60":0.0280664696,"61":0.0615060859,"62":0.0517272552,"63":0.0510652728,"64":0.0336378647,"65":0.0368956506,"66":0.0457783076,"67":0.029000479,"68":0.0238375614,"69":0.0434532497,"70":0.0326389836,"71":0.0572658777,"72":0.0361813704,"73":0.026667729,"74":0.0245730927,"75":0.032160951,"76":0.0357479155,"77":0.0351644754,"78":0.0300359892,"79":0.0309736994,"80":0.0478506088,"81":0.026651702,"82":0.0313919385,"83":0.0233406797,"84":0.0251674122,"85":0.0279353162,"86":0.0260036455,"87":0.0567374097,"88":0.0375652048,"89":0.02854683,"90":0.0461677876,"91":0.0415142775,"92":0.0292933948,"93":0.0505368769,"94":0.0399577551,"95":0.0288984444,"96":0.0424114896,"97":0.0431374907,"98":0.0295088738,"99":0.0481569038},"median":{"0":0.0313655399,"1":0.0299952552,"2":0.044105731,"3":0.0297580604,"4":0.0321682468,"5":0.0258361977,"6":0.0251634438,"7":0.0304480046,"8":0.0260794107,"9":0.0456680432,"10":0.0289283153,"11":0.0211443249,"12":0.0317940004,"13":0.0388645865,"14":0.0176830944,"15":0.0260057431,"16":0.0329804085,"17":0.0275292359,"18":0.0325517952,"19":0.0313888788,"20":0.0342127532,"21":0.0545162782,"22":0.0335125253,"23":0.0635342896,"24":0.0261810869,"25":0.0415778458,"26":0.0345497318,"27":0.0300803669,"28":0.0769860372,"29":0.0561313145,"30":0.0173467547,"31":0.0279137734,"32":0.0251389407,"33":0.0315051824,"34":0.0187684335,"35":0.0271824412,"36":0.0415590405,"37":0.0261818394,"38":0.0311753321,"39":0.0417876393,"40":0.0455000736,"41":0.039722126,"42":0.044611413,"43":0.0380770378,"44":0.0298535991,"45":0.0254067481,"46":0.0331861265,"47":0.0361425281,"48":0.0418710858,"49":0.0240275208,"50":0.033341039,"51":0.0296964981,"52":0.0236489549,"53":0.0452209525,"54":0.0355039388,"55":0.0389531665,"56":0.0232197754,"57":0.0551029034,"58":0.0272628069,"59":0.0294387452,"60":0.028052425,"61":0.0655154064,"62":0.051520247,"63":0.0504305772,"64":0.0325605869,"65":0.0361495353,"66":0.0443232805,"67":0.0272537693,"68":0.0224209037,"69":0.0425032564,"70":0.0325881392,"71":0.0574352778,"72":0.0370953009,"73":0.0249834433,"74":0.0256691724,"75":0.0339302756,"76":0.033490032,"77":0.0351603515,"78":0.0298182368,"79":0.0308777187,"80":0.0454341248,"81":0.0244981553,"82":0.0288789924,"83":0.0230812449,"84":0.0238725338,"85":0.0286529213,"86":0.0281458274,"87":0.0584986806,"88":0.0391100198,"89":0.0293195192,"90":0.0462450534,"91":0.0399313159,"92":0.0295434743,"93":0.0519128479,"94":0.0421614908,"95":0.0279886052,"96":0.0441881493,"97":0.0380142741,"98":0.0316406637,"99":0.0475244708}}