{"cid":{"0":1,"1":1,"2":1,"3":1,"4":1,"5":1,"6":1,"7":1,"8":1,"9":1,"10":1,"11":1,"12":1,"13":1,"14":1,"15":1,"16":1,"17":1,"18":1,"19":1,"20":1,"21":1,"22":1,"23":1,"24":1,"25":1,"26":1,"27":1,"28":1,"29":1,"30":1,"31":1,"32":1,"33":1,"34":1,"35":1,"36":1,"37":1,"38":1,"39":1,"40":1,"41":1,"42":1,"43":1,"44":1,"45":1,"46":1,"47":1,"48":1,"49":1,"50":1,"51":1,"52":1,"53":1,"54":1,"55":1,"56":1,"57":1,"58":1,"59":1,"60":2,"61":2,"62":2,"63":2,"64":2,"65":2,"66":2,"67":2,"68":2,"69":2,"70":2,"71":2,"72":2,"73":2,"74":2,"75":2,"76":2,"77":2,"78":2,"79":2,"80":2,"81":2,"82":2,"83":2,"84":2,"85":2,"86":2,"87":2,"88":2,"89":2,"90":2,"91":2,"92":2,"93":2,"94":2,"95":2,"96":2,"97":2,"98":2,"99":2},"oid":{"0":0,"1":1,"2":2,"3":3,"4":4,"5":5,"6":6,"7":7,"8":8,"9":9,"10":10,"11":11,"12":12,"13":13,"14":14,"15":15,"16":16,"17":17,"18":18,"19":19,"20":20,"21":21,"22":22,"23":23,"24":24,"25":25,"26":26,"27":27,"28":28,"29":29,"30":30,"31":31,"32":32,"33":33,"34":34,"35":35,"36":36,"37":37,"38":38,"39":39,"40":40,"41":41,"42":42,"43":43,"44":44,"45":45,"46":46,"47":47,"48":48,"49":49,"50":50,"51":51,"52":52,"53":53,"54":54,"55":55,"56":56,"57":57,"58":58,"59":59,"60":60,"61":61,"62":62,"63":63,"64":64,"65":65,"66":66,"67":67,"68":68,"69":69,"70":70,"71":71,"72":72,"73":73,"74":74,"75":75,"76":76,"77":77,"78":78,"79":79,"80":80,"81":81,"82":82,"83":83,"84":84,"85":85,"86":86,"87":87,"88":88,"89":89,"90":90,"91":91,"92":92,"93":93,"94":94,"95":95,"96":96,"97":97,"98":98,"99":99},"mean":{"0":0.0245037774,"1":0.0322915051,"2":0.0316146347,"3":0.0265002847,"4":0.016530628,"5":0.0142376903,"6":0.0176801069,"7":0.0255451567,"8":0.0292491184,"9":0.0261735221,"10":0.0308943325,"11":0.0186440017,"12":0.0214786761,"13":0.0288562907,"14":0.0395862394,"15":0.027437184,"16":0.0207077497,"17":0.0346945392,"18":0.0186315642,"19":0.0239916179,"20":0.0281975667,"21":0.0247383614,"22":0.0189459357,"23":0.0441505743,"24":0.0168315818,"25":0.0388088557,"26":0.0257565048,"27":0.0195446097,"28":0.0578243732,"29":0.0362419784,"30":0.0159992799,"31":0.0234315362,"32":0.026535059,"33":0.0240403906,"34":0.0272200008,"35":0.027875993,"36":0.026579241,"37":0.0302155217,"38":0.0371628073,"39":0.0235224946,"40":0.0230952071,"41":0.0391244524,"42":0.030119535,"43":0.0170019733,"44":0.0241505019,"45":0.0255649785,"46":0.0242993765,"47":0.0280162096,"48":0.0213412444,"49":0.0139556213,"50":0.0364534987,"51":0.0202952847,"52":0.0217565695,"53":0.0368903279,"54":0.0499520567,"55":0.0243087461,"56":0.0211330238,"57":0.0374312666,"58":0.0232868161,"59":0.0243118621,"60":0.0243318544,"61":0.0335335599,"62":0.0376431412,"63":0.035581602,"64":0.033546259,"65":0.0369276106,"66":0.0313139856,"67":0.0247703046,"68":0.0315378341,"69":0.0553709202,"70":0.0261429085,"71":0.0331792831,"72":0.0332307153,"73":0.0277560502,"74":0.0216253565,"75":0.0220937,"76":0.044855343,"77":0.030013952,"78":0.0278825098,"79":0.0329608487,"80":0.0320217444,"81":0.0263888207,"82":0.0281912022,"83":0.0185123041,"84":0.0200407505,"85":0.0235740542,"86":0.0280382898,"87":0.0489544438,"88":0.0438528889,"89":0.0375726024,"90":0.040754656,"91":0.0309461421,"92":0.0265782972,"93":0.0415642023,"94":0.0374036431,"95":0.0272299879,"96":0.0279632641,"97":0.0316994985,"98":0.0336456187,"99":0.0327563153},"median":{"0":0.0226557218,"1":0.0321573801,"2":0.0317086205,"3":0.0258409381,"4":0.0162869338,"5":0.0135184471,"6":0.0167271383,"7":0.0253953803,"8":0.0281047598,"9":0.025975015,"10":0.0294068959,"11":0.0188475605,"12":0.0222316477,"13":0.028371118,"14":0.0394082367,"15":0.028062297,"16":0.0198560189,"17":0.0349410102,"18":0.0180780925,"19":0.0232045017,"20":0.0296497066,"21":0.0236270111,"22":0.0187078454,"23":0.0479867272,"24":0.0150137236,"25":0.0387256518,"26":0.0252427179,"27":0.0181230754,"28":0.0585291088,"29":0.0380417816,"30":0.015556775,"31":0.0236043707,"32":0.0265805218,"33":0.0239003431,"34":0.0247773565,"35":0.0272599477,"36":0.0255357139,"37":0.028881086,"38":0.0374192409,"39":0.0217698552,"40":0.0215435121,"41":0.0392594412,"42":0.0302146468,"43":0.0170171075,"44":0.0245185513,"45":0.0276253931,"46":0.0239295531,"47":0.0269587301,"48":0.0220148079,"49":0.0124168489,"50":0.0374669805,"51":0.0198644325,"52":0.0225234609,"53":0.0380596444,"54":0.0499155186,"55":0.023651883,"56":0.0207290817,"57":0.0389632359,"58":0.0225239247,"59":0.0235918257,"60":0.0241292194,"61":0.0348431654,"62":0.0376483761,"63":0.0360195637,"64":0.0291948784,"65":0.0363597646,"66":0.0321141966,"67":0.0235763714,"68":0.0309182741,"69":0.0554975793,"70":0.0251824521,"71":0.0323521346,"72":0.0347114243,"73":0.026869012,"74":0.0215842724,"75":0.0211696792,"76":0.0452498943,"77":0.0304025281,"78":0.0284489244,"79":0.0309511181,"80":0.0321779139,"81":0.0249842051,"82":0.0285496246,"83":0.0184360482,"84":0.0199938267,"85":0.0231758021,"86":0.0275429171,"87":0.0485820994,"88":0.0433768965,"89":0.0388944335,"90":0.0427864641,"91":0.0302808955,"92":0.0247775204,"93":0.0404470563,"94":0.0377474613,"95":0.0278376024,"96":0.026304625,"97":0.0308792945,"98":0.0332224444,"99":0.033386685}}