{"cid":{"0":1,"1":1,"2":1,"3":1,"4":1,"5":1,"6":1,"7":1,"8":1,"9":1,"10":1,"11":1,"12":1,"13":1,"14":1,"15":1,"16":1,"17":1,"18":1,"19":1,"20":1,"21":1,"22":1,"23":1,"24":1,"25":1,"26":1,"27":1,"28":1,"29":1,"30":1,"31":1,"32":1,"33":1,"34":1,"35":1,"36":1,"37":1,"38":1,"39":1,"40":1,"41":1,"42":1,"43":1,"44":1,"45":1,"46":1,"47":1,"48":1,"49":1,"50":1,"51":1,"52":1,"53":1,"54":1,"55":1,"56":1,"57":1,"58":1,"59":1,"60":2,"61":2,"62":2,"63":2,"64":2,"65":2,"66":2,"67":2,"68":2,"69":2,"70":2,"71":2,"72":2,"73":2,"74":2,"75":2,"76":2,"77":2,"78":2,"79":2,"80":2,"81":2,"82":2,"83":2,"84":2,"85":2,"86":2,"87":2,"88":2,"89":2,"90":2,"91":2,"92":2,"93":2,"94":2,"95":2,"96":2,"97":2,"98":2,"99":2},"oid":{"0":0,"1":1,"2":2,"3":3,"4":4,"5":5,"6":6,"7":7,"8":8,"9":9,"10":10,"11":11,"12":12,"13":13,"14":14,"15":15,"16":16,"17":17,"18":18,"19":19,"20":20,"21":21,"22":22,"23":23,"24":24,"25":25,"26":26,"27":27,"28":28,"29":29,"30":30,"31":31,"32":32,"33":33,"34":34,"35":35,"36":36,"37":37,"38":38,"39":39,"40":40,"41":41,"42":42,"43":43,"44":44,"45":45,"46":46,"47":47,"48":48,"49":49,"50":50,"51":51,"52":52,"53":53,"54":54,"55":55,"56":56,"57":57,"58":58,"59":59,"60":60,"61":61,"62":62,"63":63,"64":64,"65":65,"66":66,"67":67,"68":68,"69":69,"70":70,"71":71,"72":72,"73":73,"74":74,"75":75,"76":76,"77":77,"78":78,"79":79,"80":80,"81":81,"82":82,"83":83,"84":84,"85":85,"86":86,"87":87,"88":88,"89":89,"90":90,"91":91,"92":92,"93":93,"94":94,"95":95,"96":96,"97":97,"98":98,"99":99},"mean":{"0":0.0333521631,"1":0.0323096315,"2":0.0591219134,"3":0.0387583408,"4":0.034449829,"5":0.0271926588,"6":0.0321352051,"7":0.0337097777,"8":0.0339063605,"9":0.0293927458,"10":0.038520813,"11":0.0306783981,"12":0.0295784341,"13":0.0351834165,"14":0.0296465192,"15":0.0335769877,"16":0.0450557934,"17":0.0369076961,"18":0.0454509722,"19":0.0267701265,"20":0.0323496925,"21":0.0588670505,"22":0.0366765459,"23":0.0361295541,"24":0.0258693844,"25":0.0384040342,"26":0.0366848376,"27":0.027775036,"28":0.0387488537,"29":0.0536444452,"30":0.0257530492,"31":0.0387721062,"32":0.033514897,"33":0.0347921789,"34":0.0246591982,"35":0.0338134766,"36":0.0386211342,"37":0.031665206,"38":0.0292881297,"39":0.0287298693,"40":0.0282778409,"41":0.0309632421,"42":0.0420838793,"43":0.0326658388,"44":0.0380752049,"45":0.0349723895,"46":0.0388820436,"47":0.0517300129,"48":0.0401856237,"49":0.0206093275,"50":0.0371447735,"51":0.026457632,"52":0.025922113,"53":0.0241785083,"54":0.0250358052,"55":0.0236876243,"56":0.0262435012,"57":0.0398342477,"58":0.0218658,"59":0.0325217015,"60":0.024129851,"61":0.032336043,"62":0.0422470172,"63":0.0519100295,"64":0.0617931088,"65":0.0341015458,"66":0.0468598207,"67":0.0289843827,"68":0.0324996644,"69":0.0450239446,"70":0.027687091,"71":0.0304753648,"72":0.0361298058,"73":0.0289414856,"74":0.023414135,"75":0.0267155601,"76":0.0601019594,"77":0.0282150441,"78":0.0373852352,"79":0.036930263,"80":0.0406369269,"81":0.0392428239,"82":0.0520942079,"83":0.0299976975,"84":0.0260922462,"85":0.0263474418,"86":0.0422470272,"87":0.0469986929,"88":0.0324614512,"89":0.0234316455,"90":0.0438560281,"91":0.0314354532,"92":0.033891807,"93":0.0442358106,"94":0.0546546578,"95":0.0393869612,"96":0.035589887,"97":0.0378927224,"98":0.0241290387,"99":0.0541492965},"median":{"0":0.0351540633,"1":0.0322727188,"2":0.059153419,"3":0.0383688658,"4":0.0367205143,"5":0.0262142196,"6":0.0323313102,"7":0.0323785879,"8":0.0332568251,"9":0.0300992597,"10":0.0386314206,"11":0.030263029,"12":0.0290297903,"13":0.0321240462,"14":0.0287802387,"15":0.0336087719,"16":0.046747379,"17":0.0356247835,"18":0.0474530272,"19":0.0269769188,"20":0.0332347378,"21":0.0582239553,"22":0.0363360569,"23":0.0347504169,"24":0.0264109448,"25":0.0365408994,"26":0.0349293463,"27":0.0287207365,"28":0.0396094061,"29":0.0540584773,"30":0.0254918896,"31":0.0393840708,"32":0.0306102186,"33":0.0355561338,"34":0.0244483259,"35":0.0335010402,"36":0.0400968865,"37":0.0299756583,"38":0.0288690086,"39":0.0277274847,"40":0.0290815067,"41":0.0306403562,"42":0.042438589,"43":0.0327491052,"44":0.0375359207,"45":0.0319926888,"46":0.0412443727,"47":0.0494904742,"48":0.038942866,"49":0.0183569416,"50":0.0360662639,"51":0.0267638601,"52":0.024891641,"53":0.0239599794,"54":0.0247662999,"55":0.0225593206,"56":0.0255374033,"57":0.0397144966,"58":0.0210785009,"59":0.0332149193,"60":0.0234616697,"61":0.0312023312,"62":0.0415485427,"63":0.0536260828,"64":0.0620273426,"65":0.0331746414,"66":0.0478630587,"67":0.0290323161,"68":0.0317809954,"69":0.045415882,"70":0.0301778521,"71":0.0302891694,"72":0.038049031,"73":0.0311967228,"74":0.0232876167,"75":0.0262756832,"76":0.0565707609,"77":0.0288751088,"78":0.038203638,"79":0.0366425067,"80":0.0382195637,"81":0.0371165425,"82":0.0524908155,"83":0.0292719267,"84":0.023756925,"85":0.0270857792,"86":0.0400512926,"87":0.0454308204,"88":0.0325738452,"89":0.0221527051,"90":0.0426913761,"91":0.0313089415,"92":0.0337695442,"93":0.0440987572,"94":0.0581148081,"95":0.0374223366,"96":0.0343520939,"97":0.0379387625,"98":0.0252233539,"99":0.0550509952}}