{"cid":{"0":1,"1":1,"2":1,"3":1,"4":1,"5":1,"6":1,"7":1,"8":1,"9":1,"10":1,"11":1,"12":1,"13":1,"14":1,"15":1,"16":1,"17":1,"18":1,"19":1,"20":1,"21":1,"22":1,"23":1,"24":1,"25":1,"26":1,"27":1,"28":1,"29":1,"30":1,"31":1,"32":1,"33":1,"34":1,"35":1,"36":1,"37":1,"38":1,"39":1,"40":1,"41":1,"42":1,"43":1,"44":1,"45":1,"46":1,"47":1,"48":1,"49":1,"50":1,"51":1,"52":1,"53":1,"54":1,"55":1,"56":1,"57":1,"58":1,"59":1,"60":2,"61":2,"62":2,"63":2,"64":2,"65":2,"66":2,"67":2,"68":2,"69":2,"70":2,"71":2,"72":2,"73":2,"74":2,"75":2,"76":2,"77":2,"78":2,"79":2,"80":2,"81":2,"82":2,"83":2,"84":2,"85":2,"86":2,"87":2,"88":2,"89":2,"90":2,"91":2,"92":2,"93":2,"94":2,"95":2,"96":2,"97":2,"98":2,"99":2},"oid":{"0":0,"1":1,"2":2,"3":3,"4":4,"5":5,"6":6,"7":7,"8":8,"9":9,"10":10,"11":11,"12":12,"13":13,"14":14,"15":15,"16":16,"17":17,"18":18,"19":19,"20":20,"21":21,"22":22,"23":23,"24":24,"25":25,"26":26,"27":27,"28":28,"29":29,"30":30,"31":31,"32":32,"33":33,"34":34,"35":35,"36":36,"37":37,"38":38,"39":39,"40":40,"41":41,"42":42,"43":43,"44":44,"45":45,"46":46,"47":47,"48":48,"49":49,"50":50,"51":51,"52":52,"53":53,"54":54,"55":55,"56":56,"57":57,"58":58,"59":59,"60":60,"61":61,"62":62,"63":63,"64":64,"65":65,"66":66,"67":67,"68":68,"69":69,"70":70,"71":71,"72":72,"73":73,"74":74,"75":75,"76":76,"77":77,"78":78,"79":79,"80":80,"81":81,"82":82,"83":83,"84":84,"85":85,"86":86,"87":87,"88":88,"89":89,"90":90,"91":91,"92":92,"93":93,"94":94,"95":95,"96":96,"97":97,"98":98,"99":99},"mean":{"0":0.0299246709,"1":0.038256781,"2":0.0328048103,"3":0.0348427395,"4":0.0362281899,"5":0.0360081626,"6":0.0352434913,"7":0.0432239903,"8":0.0434564816,"9":0.0384703146,"10":0.0441344712,"11":0.0333381825,"12":0.0599345101,"13":0.0319463246,"14":0.048732635,"15":0.0368209034,"16":0.0381658177,"17":0.0533546574,"18":0.0442795952,"19":0.0596962505,"20":0.0376705627,"21":0.0508715908,"22":0.0364428427,"23":0.0541417334,"24":0.0291329225,"25":0.0468584233,"26":0.0310002698,"27":0.0283115705,"28":0.0424440834,"29":0.0337875982,"30":0.0380366072,"31":0.0371115009,"32":0.0444512135,"33":0.0391924858,"34":0.0436364479,"35":0.0327915814,"36":0.0323875844,"37":0.0471442938,"38":0.0500134958,"39":0.0393444995,"40":0.0416110655,"41":0.0372922056,"42":0.0341018372,"43":0.0473086238,"44":0.0253521055,"45":0.0442388356,"46":0.0346418089,"47":0.0416998088,"48":0.0422818826,"49":0.0327849388,"50":0.0423418813,"51":0.0459674373,"52":0.0329018533,"53":0.038318038,"54":0.0397480296,"55":0.0495759447,"56":0.0358137356,"57":0.0466754006,"58":0.0426502095,"59":0.0499671102,"60":0.0275868442,"61":0.0444476075,"62":0.0615375174,"63":0.0559998353,"64":0.0559543239,"65":0.0688655019,"66":0.052477777,"67":0.0377636135,"68":0.0405362977,"69":0.0601974593,"70":0.0543969737,"71":0.0660514964,"72":0.0407445696,"73":0.027573314,"74":0.0390767985,"75":0.0550730758,"76":0.0821848048,"77":0.0802570449,"78":0.048518757,"79":0.0546863576,"80":0.0592808723,"81":0.0450063083,"82":0.0365618865,"83":0.0343375981,"84":0.0387965573,"85":0.0393321481,"86":0.0431056586,"87":0.0341557099,"88":0.0464737349,"89":0.0343612532,"90":0.0469432506,"91":0.0325007704,"92":0.0544952154,"93":0.086725384,"94":0.0553522441,"95":0.0350842873,"96":0.0500460532,"97":0.045006156,"98":0.0324425846,"99":0.0784392489},"median":{"0":0.029181527,"1":0.0377425291,"2":0.0297493208,"3":0.0353263877,"4":0.0352341011,"5":0.0349209383,"6":0.033287894,"7":0.0407031737,"8":0.0443710536,"9":0.0398049876,"10":0.0419778824,"11":0.0303986892,"12":0.0605958253,"13":0.032258261,"14":0.047333885,"15":0.034974996,"16":0.0378708281,"17":0.049643591,"18":0.0440722629,"19":0.0619327798,"20":0.0384451225,"21":0.0484081581,"22":0.0358086601,"23":0.0548441969,"24":0.0283120107,"25":0.0473169945,"26":0.0317409672,"27":0.0292447731,"28":0.0391991585,"29":0.0327038877,"30":0.0326286033,"31":0.0353037678,"32":0.0434080064,"33":0.0401571915,"34":0.0381593257,"35":0.0325427949,"36":0.0320619047,"37":0.0446237251,"38":0.0496524423,"39":0.0353232883,"40":0.0406446829,"41":0.0369846448,"42":0.032388512,"43":0.0493559539,"44":0.0250376463,"45":0.043239817,"46":0.0343828388,"47":0.0417408124,"48":0.0412099175,"49":0.032148961,"50":0.0452683344,"51":0.0464047045,"52":0.0309132244,"53":0.0375687405,"54":0.0401799791,"55":0.0476916991,"56":0.0361317322,"57":0.0464962125,"58":0.0418860763,"59":0.0499030501,"60":0.0275061261,"61":0.0435790978,"62":0.0641139373,"63":0.0568435006,"64":0.0570654906,"65":0.0614572912,"66":0.0519644022,"67":0.0339249149,"68":0.0392726511,"69":0.0567318276,"70":0.0540429093,"71":0.0562524907,"72":0.0412962437,"73":0.0249559097,"74":0.0395407565,"75":0.055610355,"76":0.0865528062,"77":0.0808002427,"78":0.0508742779,"79":0.0544764958,"80":0.0597606748,"81":0.0457696132,"82":0.0363199748,"83":0.0335345119,"84":0.040962331,"85":0.0392557569,"86":0.044341594,"87":0.0328149982,"88":0.0463866219,"89":0.0364773907,"90":0.0458531938,"91":0.0323153548,"92":0.0506648347,"93":0.0817605257,"94":0.0529460162,"95":0.0330195092,"96":0.0480969138,"97":0.0414607748,"98":0.0329032764,"99":0.0765046328}}