{"cid":{"0":1,"1":1,"2":1,"3":1,"4":1,"5":1,"6":1,"7":1,"8":1,"9":1,"10":1,"11":1,"12":1,"13":1,"14":1,"15":1,"16":1,"17":1,"18":1,"19":1,"20":1,"21":1,"22":1,"23":1,"24":1,"25":1,"26":1,"27":1,"28":1,"29":1,"30":1,"31":1,"32":1,"33":1,"34":1,"35":1,"36":1,"37":1,"38":1,"39":1,"40":1,"41":1,"42":1,"43":1,"44":1,"45":1,"46":1,"47":1,"48":1,"49":1,"50":1,"51":1,"52":1,"53":1,"54":1,"55":1,"56":1,"57":1,"58":1,"59":1,"60":2,"61":2,"62":2,"63":2,"64":2,"65":2,"66":2,"67":2,"68":2,"69":2,"70":2,"71":2,"72":2,"73":2,"74":2,"75":2,"76":2,"77":2,"78":2,"79":2,"80":2,"81":2,"82":2,"83":2,"84":2,"85":2,"86":2,"87":2,"88":2,"89":2,"90":2,"91":2,"92":2,"93":2,"94":2,"95":2,"96":2,"97":2,"98":2,"99":2},"oid":{"0":0,"1":1,"2":2,"3":3,"4":4,"5":5,"6":6,"7":7,"8":8,"9":9,"10":10,"11":11,"12":12,"13":13,"14":14,"15":15,"16":16,"17":17,"18":18,"19":19,"20":20,"21":21,"22":22,"23":23,"24":24,"25":25,"26":26,"27":27,"28":28,"29":29,"30":30,"31":31,"32":32,"33":33,"34":34,"35":35,"36":36,"37":37,"38":38,"39":39,"40":40,"41":41,"42":42,"43":43,"44":44,"45":45,"46":46,"47":47,"48":48,"49":49,"50":50,"51":51,"52":52,"53":53,"54":54,"55":55,"56":56,"57":57,"58":58,"59":59,"60":60,"61":61,"62":62,"63":63,"64":64,"65":65,"66":66,"67":67,"68":68,"69":69,"70":70,"71":71,"72":72,"73":73,"74":74,"75":75,"76":76,"77":77,"78":78,"79":79,"80":80,"81":81,"82":82,"83":83,"84":84,"85":85,"86":86,"87":87,"88":88,"89":89,"90":90,"91":91,"92":92,"93":93,"94":94,"95":95,"96":96,"97":97,"98":98,"99":99},"mean":{"0":0.0587627689,"1":0.0571931336,"2":0.0384175049,"3":0.0360194478,"4":0.0335720612,"5":0.0371754401,"6":0.049609522,"7":0.0312896702,"8":0.0309209228,"9":0.0374606649,"10":0.0488867495,"11":0.0213033226,"12":0.0513132744,"13":0.0465330051,"14":0.0430018008,"15":0.0477969162,"16":0.0482876897,"17":0.0527399315,"18":0.0488320192,"19":0.0500692162,"20":0.0345405605,"21":0.0561748611,"22":0.0446369913,"23":0.0434438785,"24":0.0360039241,"25":0.0438219839,"26":0.0478052762,"27":0.0387291014,"28":0.0526963572,"29":0.0457491577,"30":0.0453593135,"31":0.0330901709,"32":0.0474043753,"33":0.0506287098,"34":0.0560242799,"35":0.0537558926,"36":0.0394901699,"37":0.0282896327,"38":0.0516414973,"39":0.0597787963,"40":0.0706943274,"41":0.0611813532,"42":0.0774437851,"43":0.0534075201,"44":0.0432650335,"45":0.0299608509,"46":0.0497138964,"47":0.0428588152,"48":0.053554568,"49":0.0517570211,"50":0.043256763,"51":0.0355258174,"52":0.050362024,"53":0.0422909293,"54":0.0592993233,"55":0.040167027,"56":0.0466808677,"57":0.0437414911,"58":0.0367304815,"59":0.0443456305,"60":0.0361621115,"61":0.0419107775,"62":0.0501303275,"63":0.0639254385,"64":0.0448959635,"65":0.0903951764,"66":0.0720956723,"67":0.0550375938,"68":0.0346658064,"69":0.0661403272,"70":0.0583892332,"71":0.0489434699,"72":0.0339928601,"73":0.0406662822,"74":0.0322817432,"75":0.0363890098,"76":0.0652920405,"77":0.0799391005,"78":0.0655114121,"79":0.0497571826,"80":0.0571688281,"81":0.0296218395,"82":0.0374848644,"83":0.0254979074,"84":0.0266413341,"85":0.0293439031,"86":0.0384123822,"87":0.0601776441,"88":0.0585312314,"89":0.0295533405,"90":0.0623255703,"91":0.0412970682,"92":0.0401630302,"93":0.088614589,"94":0.0533937481,"95":0.0331293477,"96":0.0585435165,"97":0.0619203912,"98":0.0362095647,"99":0.0434600347},"median":{"0":0.0627295598,"1":0.0577631295,"2":0.0367658623,"3":0.0365912467,"4":0.0316013359,"5":0.037894927,"6":0.0504175276,"7":0.0311570633,"8":0.0316812471,"9":0.0383802764,"10":0.047234308,"11":0.0213088803,"12":0.0480533615,"13":0.0467812046,"14":0.043916408,"15":0.0451726094,"16":0.0468263179,"17":0.0530446097,"18":0.0466852635,"19":0.0499705486,"20":0.0351148248,"21":0.0576586798,"22":0.0412131175,"23":0.0408759341,"24":0.0361777283,"25":0.0429035798,"26":0.0502480567,"27":0.0392472036,"28":0.054404147,"29":0.0443800911,"30":0.0432821698,"31":0.0335667282,"32":0.0434081405,"33":0.049552571,"34":0.0546865426,"35":0.0572520494,"36":0.0410003252,"37":0.0295346007,"38":0.0501133762,"39":0.0565477051,"40":0.0729135722,"41":0.0632260814,"42":0.0789184719,"43":0.0525505915,"44":0.0416174345,"45":0.029915452,"46":0.0481506623,"47":0.0430221409,"48":0.0536815301,"49":0.0523775108,"50":0.0433334447,"51":0.0351349711,"52":0.047040768,"53":0.0419856459,"54":0.0587935261,"55":0.0380123109,"56":0.0464345552,"57":0.0439873002,"58":0.0339233316,"59":0.0478208363,"60":0.0348395929,"61":0.041681964,"62":0.0489166267,"63":0.0647855625,"64":0.0443296209,"65":0.0932181999,"66":0.0718220249,"67":0.0507225506,"68":0.0368276648,"69":0.0621546432,"70":0.0551313721,"71":0.0471140593,"72":0.0354739688,"73":0.0418212116,"74":0.0308035705,"75":0.0363484137,"76":0.0668453202,"77":0.0822784081,"78":0.0696673542,"79":0.0493471399,"80":0.0576408319,"81":0.0294007901,"82":0.0350584947,"83":0.0251660645,"84":0.0269550402,"85":0.0308588296,"86":0.0342918262,"87":0.0590749979,"88":0.0568120442,"89":0.0295487214,"90":0.0611452423,"91":0.0409885682,"92":0.0387050994,"93":0.0859283358,"94":0.0526592508,"95":0.03401988,"96":0.0615502037,"97":0.0507716201,"98":0.0348372534,"99":0.0436551534}}