{"cid":{"0":1,"1":1,"2":1,"3":1,"4":1,"5":1,"6":1,"7":1,"8":1,"9":1,"10":1,"11":1,"12":1,"13":1,"14":1,"15":1,"16":1,"17":1,"18":1,"19":1,"20":1,"21":1,"22":1,"23":1,"24":1,"25":1,"26":1,"27":1,"28":1,"29":1,"30":1,"31":1,"32":1,"33":1,"34":1,"35":1,"36":1,"37":1,"38":1,"39":1,"40":1,"41":1,"42":1,"43":1,"44":1,"45":1,"46":1,"47":1,"48":1,"49":1,"50":1,"51":1,"52":1,"53":1,"54":1,"55":1,"56":1,"57":1,"58":1,"59":1,"60":2,"61":2,"62":2,"63":2,"64":2,"65":2,"66":2,"67":2,"68":2,"69":2,"70":2,"71":2,"72":2,"73":2,"74":2,"75":2,"76":2,"77":2,"78":2,"79":2,"80":2,"81":2,"82":2,"83":2,"84":2,"85":2,"86":2,"87":2,"88":2,"89":2,"90":2,"91":2,"92":2,"93":2,"94":2,"95":2,"96":2,"97":2,"98":2,"99":2},"oid":{"0":0,"1":1,"2":2,"3":3,"4":4,"5":5,"6":6,"7":7,"8":8,"9":9,"10":10,"11":11,"12":12,"13":13,"14":14,"15":15,"16":16,"17":17,"18":18,"19":19,"20":20,"21":21,"22":22,"23":23,"24":24,"25":25,"26":26,"27":27,"28":28,"29":29,"30":30,"31":31,"32":32,"33":33,"34":34,"35":35,"36":36,"37":37,"38":38,"39":39,"40":40,"41":41,"42":42,"43":43,"44":44,"45":45,"46":46,"47":47,"48":48,"49":49,"50":50,"51":51,"52":52,"53":53,"54":54,"55":55,"56":56,"57":57,"58":58,"59":59,"60":60,"61":61,"62":62,"63":63,"64":64,"65":65,"66":66,"67":67,"68":68,"69":69,"70":70,"71":71,"72":72,"73":73,"74":74,"75":75,"76":76,"77":77,"78":78,"79":79,"80":80,"81":81,"82":82,"83":83,"84":84,"85":85,"86":86,"87":87,"88":88,"89":89,"90":90,"91":91,"92":92,"93":93,"94":94,"95":95,"96":96,"97":97,"98":98,"99":99},"mean":{"0":0.0291681654,"1":0.0311521027,"2":0.0395626326,"3":0.0281292035,"4":0.0246939709,"5":0.0241105656,"6":0.036091129,"7":0.0189919538,"8":0.0327067342,"9":0.0320526759,"10":0.0377434393,"11":0.0181455281,"12":0.0382210579,"13":0.0458411243,"14":0.0290519463,"15":0.0357879773,"16":0.033026023,"17":0.0269649658,"18":0.0258279575,"19":0.0345608592,"20":0.0539680653,"21":0.0344211095,"22":0.0297148559,"23":0.0469248692,"24":0.0260053409,"25":0.0411946641,"26":0.0301008092,"27":0.0308154093,"28":0.0388172898,"29":0.030734645,"30":0.0221235827,"31":0.0399159524,"32":0.0291222135,"33":0.0268366098,"34":0.0461898612,"35":0.0469043122,"36":0.0274234795,"37":0.0363825593,"38":0.0336047908,"39":0.0343134205,"40":0.0292853879,"41":0.0246833132,"42":0.0222499006,"43":0.0315060616,"44":0.0455250666,"45":0.0282748209,"46":0.0342714886,"47":0.0334793955,"48":0.0320830974,"49":0.0332123703,"50":0.0386049218,"51":0.0363751501,"52":0.0201565938,"53":0.0378355384,"54":0.0420182281,"55":0.0387996766,"56":0.0303576291,"57":0.0400468873,"58":0.0343726476,"59":0.0397150152,"60":0.0267802808,"61":0.0296154221,"62":0.0389616489,"63":0.034628537,"64":0.044948813,"65":0.0398772657,"66":0.0469789671,"67":0.0253302872,"68":0.0348681907,"69":0.0384290351,"70":0.047737115,"71":0.0498818027,"72":0.0353948242,"73":0.0222204195,"74":0.033158448,"75":0.0431760252,"76":0.0378817883,"77":0.0530457,"78":0.043902629,"79":0.0546752281,"80":0.045268529,"81":0.0251526799,"82":0.0307219426,"83":0.0188940406,"84":0.0264716893,"85":0.0296617415,"86":0.022867461,"87":0.0416528516,"88":0.041028993,"89":0.0285345316,"90":0.0408542156,"91":0.0494442582,"92":0.0352561937,"93":0.0746976972,"94":0.0286712845,"95":0.0371591979,"96":0.0448470745,"97":0.0333855417,"98":0.0214610733,"99":0.0764965216},"median":{"0":0.0301782861,"1":0.0314347222,"2":0.0408713333,"3":0.0292511154,"4":0.0232501514,"5":0.0232273731,"6":0.0365944952,"7":0.0197046921,"8":0.0339171104,"9":0.0331536643,"10":0.0392643362,"11":0.0148208123,"12":0.0397922844,"13":0.0441945381,"14":0.0296117719,"15":0.0361486077,"16":0.0331137367,"17":0.0244047288,"18":0.0259229057,"19":0.033877071,"20":0.05519519,"21":0.0331052952,"22":0.0260814242,"23":0.047050029,"24":0.0260441136,"25":0.0401714034,"26":0.030606214,"27":0.0299599972,"28":0.0350105688,"29":0.0312266517,"30":0.0194898695,"31":0.0404232778,"32":0.0291548949,"33":0.027075123,"34":0.0422886722,"35":0.0497988164,"36":0.0263280217,"37":0.0362934321,"38":0.0344559774,"39":0.0344453976,"40":0.0301987361,"41":0.0238447301,"42":0.0216072425,"43":0.0310778674,"44":0.0464633927,"45":0.0293106101,"46":0.033601433,"47":0.0329686441,"48":0.0285150837,"49":0.0337879024,"50":0.0374698453,"51":0.0356477685,"52":0.0193126071,"53":0.0382100828,"54":0.0410864949,"55":0.0418195277,"56":0.0299740136,"57":0.0387338586,"58":0.0341362432,"59":0.0391158946,"60":0.0261904765,"61":0.0291953757,"62":0.038573876,"63":0.0356771238,"64":0.0450418405,"65":0.0397875905,"66":0.0473804548,"67":0.0237232149,"68":0.0351179726,"69":0.0383761376,"70":0.0458837375,"71":0.0484694354,"72":0.0358076617,"73":0.020759834,"74":0.0323540233,"75":0.0394044407,"76":0.0388571285,"77":0.0512302592,"78":0.0438771695,"79":0.0548705012,"80":0.0460485667,"81":0.0251672547,"82":0.0297933687,"83":0.0183938537,"84":0.0245949961,"85":0.03047763,"86":0.0238205642,"87":0.0415958762,"88":0.0391645096,"89":0.0280217789,"90":0.0380826741,"91":0.0504880771,"92":0.0316419601,"93":0.0784516931,"94":0.0249294322,"95":0.0374983735,"96":0.043783959,"97":0.0303814989,"98":0.0216615088,"99":0.0756118}}