{"cid":{"0":1,"1":1,"2":1,"3":1,"4":1,"5":1,"6":1,"7":1,"8":1,"9":1,"10":1,"11":1,"12":1,"13":1,"14":1,"15":1,"16":1,"17":1,"18":1,"19":1,"20":1,"21":1,"22":1,"23":1,"24":1,"25":1,"26":1,"27":1,"28":1,"29":1,"30":1,"31":1,"32":1,"33":1,"34":1,"35":1,"36":1,"37":1,"38":1,"39":1,"40":1,"41":1,"42":1,"43":1,"44":1,"45":1,"46":1,"47":1,"48":1,"49":1,"50":1,"51":1,"52":1,"53":1,"54":1,"55":1,"56":1,"57":1,"58":1,"59":1,"60":2,"61":2,"62":2,"63":2,"64":2,"65":2,"66":2,"67":2,"68":2,"69":2,"70":2,"71":2,"72":2,"73":2,"74":2,"75":2,"76":2,"77":2,"78":2,"79":2,"80":2,"81":2,"82":2,"83":2,"84":2,"85":2,"86":2,"87":2,"88":2,"89":2,"90":2,"91":2,"92":2,"93":2,"94":2,"95":2,"96":2,"97":2,"98":2,"99":2},"oid":{"0":0,"1":1,"2":2,"3":3,"4":4,"5":5,"6":6,"7":7,"8":8,"9":9,"10":10,"11":11,"12":12,"13":13,"14":14,"15":15,"16":16,"17":17,"18":18,"19":19,"20":20,"21":21,"22":22,"23":23,"24":24,"25":25,"26":26,"27":27,"28":28,"29":29,"30":30,"31":31,"32":32,"33":33,"34":34,"35":35,"36":36,"37":37,"38":38,"39":39,"40":40,"41":41,"42":42,"43":43,"44":44,"45":45,"46":46,"47":47,"48":48,"49":49,"50":50,"51":51,"52":52,"53":53,"54":54,"55":55,"56":56,"57":57,"58":58,"59":59,"60":60,"61":61,"62":62,"63":63,"64":64,"65":65,"66":66,"67":67,"68":68,"69":69,"70":70,"71":71,"72":72,"73":73,"74":74,"75":75,"76":76,"77":77,"78":78,"79":79,"80":80,"81":81,"82":82,"83":83,"84":84,"85":85,"86":86,"87":87,"88":88,"89":89,"90":90,"91":91,"92":92,"93":93,"94":94,"95":95,"96":96,"97":97,"98":98,"99":99},"mean":{"0":0.0280296206,"1":0.0438829992,"2":0.0464654366,"3":0.0426053438,"4":0.0291557246,"5":0.0157739951,"6":0.0416862865,"7":0.0631564127,"8":0.0310178068,"9":0.04607898,"10":0.0409556263,"11":0.0251449496,"12":0.0287941198,"13":0.0522736675,"14":0.0494544009,"15":0.0390654877,"16":0.0295243694,"17":0.0372812748,"18":0.0264380674,"19":0.0392770502,"20":0.0295454131,"21":0.0465684301,"22":0.0246877041,"23":0.0306935211,"24":0.0202403814,"25":0.0369979276,"26":0.0494743718,"27":0.0286725693,"28":0.047538552,"29":0.0365993679,"30":0.0329674855,"31":0.0292180313,"32":0.0331275927,"33":0.0471787423,"34":0.0305099554,"35":0.0312970645,"36":0.036097265,"37":0.030970633,"38":0.0307463937,"39":0.031105823,"40":0.0307186445,"41":0.0359988809,"42":0.0291512012,"43":0.0214332839,"44":0.0325085036,"45":0.0298578474,"46":0.0267200652,"47":0.0245809376,"48":0.0230166498,"49":0.0291604665,"50":0.0409345428,"51":0.0224599354,"52":0.0193397486,"53":0.0317998131,"54":0.0270677606,"55":0.0190288971,"56":0.0250840353,"57":0.0333269967,"58":0.0338663757,"59":0.019055489,"60":0.0174508691,"61":0.0354162587,"62":0.0391661492,"63":0.0329770512,"64":0.036665837,"65":0.0584130228,"66":0.0509703689,"67":0.0376637042,"68":0.0359883044,"69":0.0422932241,"70":0.0352962679,"71":0.0402392712,"72":0.0355885228,"73":0.0262451569,"74":0.023091255,"75":0.0271049605,"76":0.0431504548,"77":0.0386770434,"78":0.0382404692,"79":0.0471881827,"80":0.0399235686,"81":0.0382054912,"82":0.0347514749,"83":0.0208827481,"84":0.0196791192,"85":0.0257911235,"86":0.0272899601,"87":0.0447388954,"88":0.0328836275,"89":0.0376929045,"90":0.0462592608,"91":0.0264586873,"92":0.0330276324,"93":0.0427299201,"94":0.0468077792,"95":0.0429221524,"96":0.0473453005,"97":0.0325014492,"98":0.0275929011,"99":0.0538227492},"median":{"0":0.0270248,"1":0.0419432968,"2":0.0402026176,"3":0.0433191098,"4":0.030411642,"5":0.014868021,"6":0.0413408503,"7":0.067625314,"8":0.0315378048,"9":0.0446258411,"10":0.0397655219,"11":0.0249846522,"12":0.0280878861,"13":0.0541919246,"14":0.0470185652,"15":0.0372573696,"16":0.0301004387,"17":0.0376666859,"18":0.0246957298,"19":0.0389956273,"20":0.0269219484,"21":0.0471485965,"22":0.0257344469,"23":0.0334563702,"24":0.019332733,"25":0.0369105116,"26":0.0509433672,"27":0.0282921232,"28":0.0460021347,"29":0.0399413817,"30":0.0332400426,"31":0.0301199649,"32":0.0320317,"33":0.0458140001,"34":0.0292062294,"35":0.0305709131,"36":0.0384176373,"37":0.0315813757,"38":0.0308156312,"39":0.0274508744,"40":0.0290233009,"41":0.0351295546,"42":0.0283954088,"43":0.0208654199,"44":0.0337913036,"45":0.0315229483,"46":0.0255584214,"47":0.022540953,"48":0.0234807264,"49":0.0268579852,"50":0.0396670587,"51":0.0210943557,"52":0.0182868373,"53":0.0308030173,"54":0.0274969935,"55":0.0187837798,"56":0.0256459508,"57":0.0335860625,"58":0.033626698,"59":0.0189643167,"60":0.0167434234,"61":0.0356218331,"62":0.0389919654,"63":0.0306320079,"64":0.0345076099,"65":0.0578432083,"66":0.0508760251,"67":0.0364959016,"68":0.0355685167,"69":0.040551953,"70":0.0354467295,"71":0.0422881022,"72":0.0346587561,"73":0.0265798066,"74":0.0229888149,"75":0.0268154405,"76":0.0444025248,"77":0.0405862369,"78":0.0384092517,"79":0.0480905585,"80":0.0392655022,"81":0.0358869247,"82":0.0347495712,"83":0.0214697774,"84":0.0187729914,"85":0.0262793377,"86":0.0292159673,"87":0.0449412689,"88":0.032358665,"89":0.0369081758,"90":0.0470037535,"91":0.0263146032,"92":0.0341632329,"93":0.0424973965,"94":0.0468180813,"95":0.0436899103,"96":0.0470229015,"97":0.028784791,"98":0.0289087966,"99":0.0551552363}}