{"cid":{"0":1,"1":1,"2":1,"3":1,"4":1,"5":1,"6":1,"7":1,"8":1,"9":1,"10":1,"11":1,"12":1,"13":1,"14":1,"15":1,"16":1,"17":1,"18":1,"19":1,"20":1,"21":1,"22":1,"23":1,"24":1,"25":1,"26":1,"27":1,"28":1,"29":1,"30":1,"31":1,"32":1,"33":1,"34":1,"35":1,"36":1,"37":1,"38":1,"39":1,"40":1,"41":1,"42":1,"43":1,"44":1,"45":1,"46":1,"47":1,"48":1,"49":1,"50":1,"51":1,"52":1,"53":1,"54":1,"55":1,"56":1,"57":1,"58":1,"59":1,"60":2,"61":2,"62":2,"63":2,"64":2,"65":2,"66":2,"67":2,"68":2,"69":2,"70":2,"71":2,"72":2,"73":2,"74":2,"75":2,"76":2,"77":2,"78":2,"79":2,"80":2,"81":2,"82":2,"83":2,"84":2,"85":2,"86":2,"87":2,"88":2,"89":2,"90":2,"91":2,"92":2,"93":2,"94":2,"95":2,"96":2,"97":2,"98":2,"99":2},"oid":{"0":0,"1":1,"2":2,"3":3,"4":4,"5":5,"6":6,"7":7,"8":8,"9":9,"10":10,"11":11,"12":12,"13":13,"14":14,"15":15,"16":16,"17":17,"18":18,"19":19,"20":20,"21":21,"22":22,"23":23,"24":24,"25":25,"26":26,"27":27,"28":28,"29":29,"30":30,"31":31,"32":32,"33":33,"34":34,"35":35,"36":36,"37":37,"38":38,"39":39,"40":40,"41":41,"42":42,"43":43,"44":44,"45":45,"46":46,"47":47,"48":48,"49":49,"50":50,"51":51,"52":52,"53":53,"54":54,"55":55,"56":56,"57":57,"58":58,"59":59,"60":60,"61":61,"62":62,"63":63,"64":64,"65":65,"66":66,"67":67,"68":68,"69":69,"70":70,"71":71,"72":72,"73":73,"74":74,"75":75,"76":76,"77":77,"78":78,"79":79,"80":80,"81":81,"82":82,"83":83,"84":84,"85":85,"86":86,"87":87,"88":88,"89":89,"90":90,"91":91,"92":92,"93":93,"94":94,"95":95,"96":96,"97":97,"98":98,"99":99},"mean":{"0":0.0301397343,"1":0.0469710463,"2":0.0347493291,"3":0.0256748961,"4":0.0314696729,"5":0.0365887384,"6":0.0262910128,"7":0.0338756641,"8":0.0367648403,"9":0.0241030554,"10":0.0344015194,"11":0.0181362132,"12":0.0266102023,"13":0.0225733833,"14":0.0427868068,"15":0.0259623602,"16":0.0257596936,"17":0.044748346,"18":0.0279384355,"19":0.0388433602,"20":0.022697207,"21":0.0396143927,"22":0.0288014842,"23":0.0345203678,"24":0.0206937045,"25":0.0350616773,"26":0.0350198282,"27":0.0419164366,"28":0.0664639341,"29":0.0411231021,"30":0.0452492312,"31":0.0308047599,"32":0.0261848701,"33":0.0371194929,"34":0.0284239319,"35":0.0205287933,"36":0.0317138731,"37":0.0280041695,"38":0.0404433409,"39":0.0230797248,"40":0.0293467873,"41":0.0413574179,"42":0.0310502119,"43":0.0277123964,"44":0.0344431624,"45":0.0380297601,"46":0.0244827966,"47":0.0391535699,"48":0.0291110741,"49":0.0176186264,"50":0.0587343242,"51":0.030578129,"52":0.018933874,"53":0.0422607263,"54":0.0414651401,"55":0.0255699075,"56":0.0277865662,"57":0.0314219263,"58":0.0297823615,"59":0.0403501656,"60":0.0278230011,"61":0.0408143732,"62":0.0362210605,"63":0.037792974,"64":0.0327055918,"65":0.0535215855,"66":0.0406482816,"67":0.0255734921,"68":0.0313014984,"69":0.0389657815,"70":0.0338715116,"71":0.0530869265,"72":0.040796717,"73":0.0336053603,"74":0.026381231,"75":0.0287717912,"76":0.0414279037,"77":0.0360317959,"78":0.0530084703,"79":0.028335366,"80":0.0324308044,"81":0.0308804512,"82":0.0311324464,"83":0.0290488422,"84":0.0294563472,"85":0.0271195124,"86":0.0233626796,"87":0.0379907423,"88":0.0356369813,"89":0.0278485517,"90":0.0381939974,"91":0.0261973441,"92":0.0280263623,"93":0.0398342997,"94":0.0264471438,"95":0.0313991308,"96":0.0423598621,"97":0.0222323769,"98":0.0250070132,"99":0.0339302156},"median":{"0":0.0281288289,"1":0.0462213233,"2":0.0329754725,"3":0.0243325606,"4":0.0310070831,"5":0.0374215506,"6":0.0284041185,"7":0.0343515389,"8":0.0341362506,"9":0.0232748128,"10":0.0307042394,"11":0.0182552468,"12":0.025830891,"13":0.0223022532,"14":0.0413450673,"15":0.0260685943,"16":0.0249963272,"17":0.0446971059,"18":0.0269818977,"19":0.0386786796,"20":0.0221974757,"21":0.042723354,"22":0.0283134859,"23":0.0346908458,"24":0.020581454,"25":0.0347762741,"26":0.036065124,"27":0.0413091071,"28":0.0651227087,"29":0.0436989479,"30":0.0457695127,"31":0.0305287503,"32":0.0258729029,"33":0.0370944776,"34":0.0276385285,"35":0.0204324182,"36":0.0317792296,"37":0.02767694,"38":0.0366949663,"39":0.0229400937,"40":0.0284792855,"41":0.0410665236,"42":0.0296841506,"43":0.0278184097,"44":0.0346651934,"45":0.0412131362,"46":0.0234192871,"47":0.0391451828,"48":0.0291004386,"49":0.0157074891,"50":0.0601027869,"51":0.0306814052,"52":0.0176702701,"53":0.0416425578,"54":0.0388923883,"55":0.024698006,"56":0.0305185858,"57":0.0321942978,"58":0.0297080837,"59":0.0396751091,"60":0.0269597936,"61":0.0420932695,"62":0.0360365734,"63":0.0389766693,"64":0.0338538885,"65":0.0512839593,"66":0.0409865491,"67":0.0247245785,"68":0.0306836143,"69":0.0389540531,"70":0.033035256,"71":0.0517707281,"72":0.0398224406,"73":0.0323801674,"74":0.0263627823,"75":0.0288536791,"76":0.041934859,"77":0.0382106975,"78":0.0537139401,"79":0.0258297455,"80":0.0323022567,"81":0.0297350902,"82":0.031175755,"83":0.0262362398,"84":0.0274354108,"85":0.0263310838,"86":0.0219906401,"87":0.0337745883,"88":0.0340690017,"89":0.0262250472,"90":0.0355958603,"91":0.0249008816,"92":0.0273673628,"93":0.0413531028,"94":0.026060421,"95":0.0316508338,"96":0.0423333831,"97":0.0213006418,"98":0.0252640061,"99":0.0329459645}}