{"cid":{"0":1,"1":1,"2":1,"3":1,"4":1,"5":1,"6":1,"7":1,"8":1,"9":1,"10":1,"11":1,"12":1,"13":1,"14":1,"15":1,"16":1,"17":1,"18":1,"19":1,"20":1,"21":1,"22":1,"23":1,"24":1,"25":1,"26":1,"27":1,"28":1,"29":1,"30":1,"31":1,"32":1,"33":1,"34":1,"35":1,"36":1,"37":1,"38":1,"39":1,"40":1,"41":1,"42":1,"43":1,"44":1,"45":1,"46":1,"47":1,"48":1,"49":1,"50":1,"51":1,"52":1,"53":1,"54":1,"55":1,"56":1,"57":1,"58":1,"59":1,"60":2,"61":2,"62":2,"63":2,"64":2,"65":2,"66":2,"67":2,"68":2,"69":2,"70":2,"71":2,"72":2,"73":2,"74":2,"75":2,"76":2,"77":2,"78":2,"79":2,"80":2,"81":2,"82":2,"83":2,"84":2,"85":2,"86":2,"87":2,"88":2,"89":2,"90":2,"91":2,"92":2,"93":2,"94":2,"95":2,"96":2,"97":2,"98":2,"99":2},"oid":{"0":0,"1":1,"2":2,"3":3,"4":4,"5":5,"6":6,"7":7,"8":8,"9":9,"10":10,"11":11,"12":12,"13":13,"14":14,"15":15,"16":16,"17":17,"18":18,"19":19,"20":20,"21":21,"22":22,"23":23,"24":24,"25":25,"26":26,"27":27,"28":28,"29":29,"30":30,"31":31,"32":32,"33":33,"34":34,"35":35,"36":36,"37":37,"38":38,"39":39,"40":40,"41":41,"42":42,"43":43,"44":44,"45":45,"46":46,"47":47,"48":48,"49":49,"50":50,"51":51,"52":52,"53":53,"54":54,"55":55,"56":56,"57":57,"58":58,"59":59,"60":60,"61":61,"62":62,"63":63,"64":64,"65":65,"66":66,"67":67,"68":68,"69":69,"70":70,"71":71,"72":72,"73":73,"74":74,"75":75,"76":76,"77":77,"78":78,"79":79,"80":80,"81":81,"82":82,"83":83,"84":84,"85":85,"86":86,"87":87,"88":88,"89":89,"90":90,"91":91,"92":92,"93":93,"94":94,"95":95,"96":96,"97":97,"98":98,"99":99},"mean":{"0":0.0584083133,"1":0.0561195281,"2":0.0447807974,"3":0.0409523249,"4":0.0605299473,"5":0.0388378368,"6":0.0409145355,"7":0.0489881833,"8":0.0487224559,"9":0.0496621231,"10":0.0360225373,"11":0.0263074338,"12":0.0433918436,"13":0.0403391785,"14":0.0391059319,"15":0.0331581123,"16":0.0485111905,"17":0.0579330722,"18":0.0349468125,"19":0.0410638816,"20":0.0503819817,"21":0.0636592176,"22":0.0283029377,"23":0.0377265679,"24":0.0327183074,"25":0.0549613337,"26":0.0276500748,"27":0.0391727653,"28":0.0262257093,"29":0.0682006809,"30":0.0258951802,"31":0.0411134296,"32":0.0468093753,"33":0.0421099603,"34":0.0261327922,"35":0.0289402968,"36":0.0347551703,"37":0.0423375964,"38":0.0400804546,"39":0.0291300449,"40":0.0606298712,"41":0.0490819448,"42":0.0623356567,"43":0.0292564432,"44":0.0630119443,"45":0.0368696849,"46":0.0312307742,"47":0.0319974363,"48":0.0349711312,"49":0.0340225067,"50":0.0368259615,"51":0.0464898124,"52":0.0276058449,"53":0.0561616222,"54":0.0425734321,"55":0.0574724211,"56":0.0246550673,"57":0.048729625,"58":0.0520689554,"59":0.0525968472,"60":0.0359191298,"61":0.0421070125,"62":0.0622893572,"63":0.0420510074,"64":0.0576262739,"65":0.0594306946,"66":0.0396225188,"67":0.0377987385,"68":0.0349644687,"69":0.0766267114,"70":0.0683772564,"71":0.0558502939,"72":0.0437091688,"73":0.0277062654,"74":0.056659427,"75":0.0470141669,"76":0.0558689833,"77":0.0483022531,"78":0.0728190674,"79":0.0393740137,"80":0.0442664557,"81":0.0377237598,"82":0.0470003155,"83":0.0358691543,"84":0.0231198801,"85":0.0443096095,"86":0.035759906,"87":0.0533442762,"88":0.0525138378,"89":0.0277882119,"90":0.0717045797,"91":0.033001658,"92":0.0562290483,"93":0.062697202,"94":0.0422422886,"95":0.0352408919,"96":0.0813253191,"97":0.0446126825,"98":0.0492770597,"99":0.0592958397},"median":{"0":0.0605576485,"1":0.0507110283,"2":0.0422181264,"3":0.042526491,"4":0.0611123107,"5":0.0386532545,"6":0.0385489464,"7":0.0511671044,"8":0.0490152426,"9":0.0512507111,"10":0.0350234136,"11":0.0265035126,"12":0.0446533225,"13":0.0400541127,"14":0.0388981067,"15":0.0312648974,"16":0.0499564409,"17":0.058112219,"18":0.0356185623,"19":0.0400995724,"20":0.0471993946,"21":0.0622280352,"22":0.0285440218,"23":0.0384069271,"24":0.032945253,"25":0.0523371175,"26":0.0244102217,"27":0.0397731736,"28":0.0251515042,"29":0.0709162951,"30":0.0258280896,"31":0.0405951142,"32":0.04358631,"33":0.0426757298,"34":0.025717698,"35":0.0258894991,"36":0.0349180438,"37":0.041043099,"38":0.0370860435,"39":0.0265281033,"40":0.0628628135,"41":0.0492688194,"42":0.0627337471,"43":0.0289946813,"44":0.0621237457,"45":0.0333719738,"46":0.0318275206,"47":0.0322217867,"48":0.0330432691,"49":0.0344967172,"50":0.0379373804,"51":0.0468938202,"52":0.0273262933,"53":0.0539782457,"54":0.0385777093,"55":0.0601276383,"56":0.0245236717,"57":0.0505865477,"58":0.0530039817,"59":0.0523162857,"60":0.0368038826,"61":0.0425214469,"62":0.0601204596,"63":0.0408314764,"64":0.0592201129,"65":0.057399556,"66":0.0393411517,"67":0.0364314467,"68":0.0343619846,"69":0.0766115636,"70":0.0640412569,"71":0.0535883754,"72":0.0343093611,"73":0.0229739062,"74":0.0592768639,"75":0.0485278107,"76":0.0515800491,"77":0.0496787652,"78":0.0718317404,"79":0.0388875455,"80":0.0446580723,"81":0.037320666,"82":0.0466965884,"83":0.035921827,"84":0.0235704184,"85":0.0448608398,"86":0.0363784283,"87":0.0521561392,"88":0.0537616983,"89":0.0259603634,"90":0.0718160421,"91":0.0338101573,"92":0.0595222749,"93":0.0585005283,"94":0.0436706245,"95":0.0327401161,"96":0.0851360708,"97":0.036637485,"98":0.0515909344,"99":0.0615899079}}