{"cid":{"0":1,"1":1,"2":1,"3":1,"4":1,"5":1,"6":1,"7":1,"8":1,"9":1,"10":1,"11":1,"12":1,"13":1,"14":1,"15":1,"16":1,"17":1,"18":1,"19":1,"20":1,"21":1,"22":1,"23":1,"24":1,"25":1,"26":1,"27":1,"28":1,"29":1,"30":1,"31":1,"32":1,"33":1,"34":1,"35":1,"36":1,"37":1,"38":1,"39":1,"40":1,"41":1,"42":1,"43":1,"44":1,"45":1,"46":1,"47":1,"48":1,"49":1,"50":1,"51":1,"52":1,"53":1,"54":1,"55":1,"56":1,"57":1,"58":1,"59":1,"60":2,"61":2,"62":2,"63":2,"64":2,"65":2,"66":2,"67":2,"68":2,"69":2,"70":2,"71":2,"72":2,"73":2,"74":2,"75":2,"76":2,"77":2,"78":2,"79":2,"80":2,"81":2,"82":2,"83":2,"84":2,"85":2,"86":2,"87":2,"88":2,"89":2,"90":2,"91":2,"92":2,"93":2,"94":2,"95":2,"96":2,"97":2,"98":2,"99":2},"oid":{"0":0,"1":1,"2":2,"3":3,"4":4,"5":5,"6":6,"7":7,"8":8,"9":9,"10":10,"11":11,"12":12,"13":13,"14":14,"15":15,"16":16,"17":17,"18":18,"19":19,"20":20,"21":21,"22":22,"23":23,"24":24,"25":25,"26":26,"27":27,"28":28,"29":29,"30":30,"31":31,"32":32,"33":33,"34":34,"35":35,"36":36,"37":37,"38":38,"39":39,"40":40,"41":41,"42":42,"43":43,"44":44,"45":45,"46":46,"47":47,"48":48,"49":49,"50":50,"51":51,"52":52,"53":53,"54":54,"55":55,"56":56,"57":57,"58":58,"59":59,"60":60,"61":61,"62":62,"63":63,"64":64,"65":65,"66":66,"67":67,"68":68,"69":69,"70":70,"71":71,"72":72,"73":73,"74":74,"75":75,"76":76,"77":77,"78":78,"79":79,"80":80,"81":81,"82":82,"83":83,"84":84,"85":85,"86":86,"87":87,"88":88,"89":89,"90":90,"91":91,"92":92,"93":93,"94":94,"95":95,"96":96,"97":97,"98":98,"99":99},"mean":{"0":0.0547119511,"1":0.0461182727,"2":0.0367507736,"3":0.0372620953,"4":0.0267720007,"5":0.0163190961,"6":0.0347404811,"7":0.0273531444,"8":0.0217031174,"9":0.0312637322,"10":0.0253173841,"11":0.0295456085,"12":0.0276541478,"13":0.0278625124,"14":0.0450117489,"15":0.029443847,"16":0.0367219018,"17":0.0392383105,"18":0.0257137054,"19":0.0254209671,"20":0.0347648329,"21":0.0429112779,"22":0.0210268812,"23":0.0241598967,"24":0.028193646,"25":0.0388467643,"26":0.0329069032,"27":0.0371033549,"28":0.0465161469,"29":0.031527208,"30":0.0301069058,"31":0.021793945,"32":0.0195225974,"33":0.0395946324,"34":0.0271590153,"35":0.0268058926,"36":0.0274392731,"37":0.0427644584,"38":0.0484234095,"39":0.0485080779,"40":0.0453294714,"41":0.0318225854,"42":0.0608735482,"43":0.027437374,"44":0.0328544416,"45":0.0186432948,"46":0.0219691628,"47":0.0302821785,"48":0.0311584009,"49":0.0156931712,"50":0.0355530183,"51":0.0246767178,"52":0.0188106613,"53":0.0277913511,"54":0.0306887958,"55":0.0362184313,"56":0.0203814606,"57":0.0330688225,"58":0.042671389,"59":0.0385519465,"60":0.0259168943,"61":0.0364791486,"62":0.0526180433,"63":0.0424163971,"64":0.0462575522,"65":0.0461344481,"66":0.0354656445,"67":0.0185480669,"68":0.0242090672,"69":0.0431015491,"70":0.0339050757,"71":0.0552807781,"72":0.0365366704,"73":0.0444839034,"74":0.0379896098,"75":0.0473677648,"76":0.0321904222,"77":0.0472443269,"78":0.0420567261,"79":0.0302171707,"80":0.05010031,"81":0.0323425995,"82":0.0265702655,"83":0.0188071206,"84":0.0269751052,"85":0.0204863681,"86":0.0337043636,"87":0.0361439851,"88":0.0452087786,"89":0.0254458504,"90":0.0355520348,"91":0.026778592,"92":0.03332751,"93":0.0451732814,"94":0.0445617901,"95":0.026719739,"96":0.0534966952,"97":0.0329660111,"98":0.0242879167,"99":0.0348562664},"median":{"0":0.0567505546,"1":0.046745386,"2":0.0361013375,"3":0.0364116654,"4":0.0250906423,"5":0.0162549671,"6":0.0322083011,"7":0.0272377674,"8":0.0215199236,"9":0.0311473217,"10":0.0250223484,"11":0.0297631454,"12":0.0262927357,"13":0.0270775985,"14":0.046393238,"15":0.0277736112,"16":0.0380164981,"17":0.0402371138,"18":0.0257359799,"19":0.0252954233,"20":0.0325020626,"21":0.0406979732,"22":0.0212593991,"23":0.0238238424,"24":0.0304380264,"25":0.0398998298,"26":0.0326882489,"27":0.0359512866,"28":0.0464447141,"29":0.029848801,"30":0.0295328461,"31":0.021112252,"32":0.0177549068,"33":0.0398246124,"34":0.0252444483,"35":0.0239586048,"36":0.0294974539,"37":0.0428455025,"38":0.0499731712,"39":0.0484478809,"40":0.044305604,"41":0.0308268629,"42":0.0590520091,"43":0.0271734875,"44":0.0328094512,"45":0.0186781753,"46":0.021381326,"47":0.0300136283,"48":0.0314732678,"49":0.0162040461,"50":0.034939263,"51":0.024145633,"52":0.0188318267,"53":0.0268233139,"54":0.0310957748,"55":0.0364870094,"56":0.0203710608,"57":0.0339414924,"58":0.0431153737,"59":0.0383815803,"60":0.0274233148,"61":0.0362877548,"62":0.0557387471,"63":0.0429793932,"64":0.0469238274,"65":0.0444553122,"66":0.0360940397,"67":0.0187895559,"68":0.0253588483,"69":0.0437752679,"70":0.0326060131,"71":0.0537661798,"72":0.0355960988,"73":0.0475094728,"74":0.0336984955,"75":0.0461863689,"76":0.0324738957,"77":0.0441672318,"78":0.0441653468,"79":0.0299026985,"80":0.0523091145,"81":0.0287406482,"82":0.0245360769,"83":0.0182727575,"84":0.026949618,"85":0.019723339,"86":0.0337955132,"87":0.0377166905,"88":0.0418046303,"89":0.0250287093,"90":0.032938581,"91":0.0256670993,"92":0.0323575549,"93":0.0461881645,"94":0.0443306379,"95":0.0263839364,"96":0.0490949936,"97":0.0299225394,"98":0.0245430302,"99":0.0345555991}}