{"cid":{"0":1,"1":1,"2":1,"3":1,"4":1,"5":1,"6":1,"7":1,"8":1,"9":1,"10":1,"11":1,"12":1,"13":1,"14":1,"15":1,"16":1,"17":1,"18":1,"19":1,"20":1,"21":1,"22":1,"23":1,"24":1,"25":1,"26":1,"27":1,"28":1,"29":1,"30":1,"31":1,"32":1,"33":1,"34":1,"35":1,"36":1,"37":1,"38":1,"39":1,"40":1,"41":1,"42":1,"43":1,"44":1,"45":1,"46":1,"47":1,"48":1,"49":1,"50":1,"51":1,"52":1,"53":1,"54":1,"55":1,"56":1,"57":1,"58":1,"59":1,"60":2,"61":2,"62":2,"63":2,"64":2,"65":2,"66":2,"67":2,"68":2,"69":2,"70":2,"71":2,"72":2,"73":2,"74":2,"75":2,"76":2,"77":2,"78":2,"79":2,"80":2,"81":2,"82":2,"83":2,"84":2,"85":2,"86":2,"87":2,"88":2,"89":2,"90":2,"91":2,"92":2,"93":2,"94":2,"95":2,"96":2,"97":2,"98":2,"99":2},"oid":{"0":0,"1":1,"2":2,"3":3,"4":4,"5":5,"6":6,"7":7,"8":8,"9":9,"10":10,"11":11,"12":12,"13":13,"14":14,"15":15,"16":16,"17":17,"18":18,"19":19,"20":20,"21":21,"22":22,"23":23,"24":24,"25":25,"26":26,"27":27,"28":28,"29":29,"30":30,"31":31,"32":32,"33":33,"34":34,"35":35,"36":36,"37":37,"38":38,"39":39,"40":40,"41":41,"42":42,"43":43,"44":44,"45":45,"46":46,"47":47,"48":48,"49":49,"50":50,"51":51,"52":52,"53":53,"54":54,"55":55,"56":56,"57":57,"58":58,"59":59,"60":60,"61":61,"62":62,"63":63,"64":64,"65":65,"66":66,"67":67,"68":68,"69":69,"70":70,"71":71,"72":72,"73":73,"74":74,"75":75,"76":76,"77":77,"78":78,"79":79,"80":80,"81":81,"82":82,"83":83,"84":84,"85":85,"86":86,"87":87,"88":88,"89":89,"90":90,"91":91,"92":92,"93":93,"94":94,"95":95,"96":96,"97":97,"98":98,"99":99},"mean":{"0":0.0334686538,"1":0.0345400208,"2":0.0388269491,"3":0.0347705252,"4":0.0399651395,"5":0.0282636219,"6":0.026936344,"7":0.0536663532,"8":0.0278495914,"9":0.0292341875,"10":0.0415347815,"11":0.021605139,"12":0.0566815535,"13":0.0309077336,"14":0.0465120077,"15":0.0317909569,"16":0.0368707942,"17":0.041454537,"18":0.0253177848,"19":0.0282544295,"20":0.0372425351,"21":0.0632934769,"22":0.0297036138,"23":0.0431361,"24":0.0231516229,"25":0.0447717971,"26":0.0314255291,"27":0.0364311834,"28":0.0551369025,"29":0.0570682287,"30":0.0434354097,"31":0.0318116546,"32":0.0558496714,"33":0.039454177,"34":0.0172117435,"35":0.0294553936,"36":0.0283389025,"37":0.0297491782,"38":0.0619704326,"39":0.0316625767,"40":0.0427844061,"41":0.0304598908,"42":0.0566883021,"43":0.0287893083,"44":0.0290682185,"45":0.0316792362,"46":0.0269019769,"47":0.0454429388,"48":0.0307369497,"49":0.0282793575,"50":0.0365611315,"51":0.0299750194,"52":0.0317118598,"53":0.0433008936,"54":0.0447774894,"55":0.0252516435,"56":0.0249360071,"57":0.0424106518,"58":0.0361532138,"59":0.0265197439,"60":0.0389367375,"61":0.0372761819,"62":0.0534134209,"63":0.0540053513,"64":0.0499027868,"65":0.0574629664,"66":0.0612270037,"67":0.0422186792,"68":0.0345466733,"69":0.0396477116,"70":0.0542231401,"71":0.0514386627,"72":0.032746017,"73":0.0379620526,"74":0.0260578775,"75":0.0419694649,"76":0.0422092974,"77":0.0436170896,"78":0.0265993045,"79":0.0650159717,"80":0.0537950264,"81":0.0269915577,"82":0.0414872766,"83":0.0399466336,"84":0.0382113258,"85":0.0518446002,"86":0.043575661,"87":0.0412244201,"88":0.0618415011,"89":0.0325039228,"90":0.040215022,"91":0.0492268867,"92":0.0389849279,"93":0.067005384,"94":0.050152421,"95":0.0408918858,"96":0.0661821233,"97":0.0390439563,"98":0.0313148238,"99":0.0551837981},"median":{"0":0.0336708091,"1":0.0352675244,"2":0.0385705344,"3":0.0330062024,"4":0.0380720794,"5":0.0287459288,"6":0.026128687,"7":0.0471092053,"8":0.0280322079,"9":0.0291871391,"10":0.0420111604,"11":0.0229261592,"12":0.0572895482,"13":0.0308908522,"14":0.0466090664,"15":0.0323960483,"16":0.0361245312,"17":0.0407376699,"18":0.0255867466,"19":0.0288981982,"20":0.0375881456,"21":0.0648436621,"22":0.0274612326,"23":0.0384200588,"24":0.0236985926,"25":0.0446640812,"26":0.0320479386,"27":0.0377786905,"28":0.0528606139,"29":0.0574608408,"30":0.0430486277,"31":0.0317414552,"32":0.0555988438,"33":0.040264938,"34":0.0164774731,"35":0.0284934212,"36":0.0291878954,"37":0.0311893504,"38":0.0580464192,"39":0.0318528526,"40":0.0422229879,"41":0.0317263678,"42":0.0555950589,"43":0.02886815,"44":0.0274181329,"45":0.0317334905,"46":0.0280897878,"47":0.0449377634,"48":0.0302282255,"49":0.0249080416,"50":0.0370994918,"51":0.0273508616,"52":0.0299073681,"53":0.0424076244,"54":0.0434344672,"55":0.0260682106,"56":0.0255996399,"57":0.0441907607,"58":0.0340792499,"59":0.028725924,"60":0.0384485275,"61":0.0394919626,"62":0.0558899119,"63":0.0538880788,"64":0.0508149378,"65":0.0537159368,"66":0.0607148223,"67":0.0425338,"68":0.0346852243,"69":0.0383057222,"70":0.0534901395,"71":0.0530442111,"72":0.0322482586,"73":0.0385768674,"74":0.0250003655,"75":0.0421469994,"76":0.0415643379,"77":0.0439639166,"78":0.0270526353,"79":0.0629290268,"80":0.0565769672,"81":0.0255247988,"82":0.0398630612,"83":0.0381245166,"84":0.0352968052,"85":0.0503301546,"86":0.040728692,"87":0.0366885476,"88":0.0606676601,"89":0.0335652716,"90":0.0386858471,"91":0.0518700108,"92":0.0404858589,"93":0.0666771606,"94":0.0480300486,"95":0.0421312004,"96":0.066074796,"97":0.0383214802,"98":0.0288113244,"99":0.0508502237}}