{"cid":{"0":1,"1":1,"2":1,"3":1,"4":1,"5":1,"6":1,"7":1,"8":1,"9":1,"10":1,"11":1,"12":1,"13":1,"14":1,"15":1,"16":1,"17":1,"18":1,"19":1,"20":1,"21":1,"22":1,"23":1,"24":1,"25":1,"26":1,"27":1,"28":1,"29":1,"30":1,"31":1,"32":1,"33":1,"34":1,"35":1,"36":1,"37":1,"38":1,"39":1,"40":1,"41":1,"42":1,"43":1,"44":1,"45":1,"46":1,"47":1,"48":1,"49":1,"50":1,"51":1,"52":1,"53":1,"54":1,"55":1,"56":1,"57":1,"58":1,"59":1,"60":2,"61":2,"62":2,"63":2,"64":2,"65":2,"66":2,"67":2,"68":2,"69":2,"70":2,"71":2,"72":2,"73":2,"74":2,"75":2,"76":2,"77":2,"78":2,"79":2,"80":2,"81":2,"82":2,"83":2,"84":2,"85":2,"86":2,"87":2,"88":2,"89":2,"90":2,"91":2,"92":2,"93":2,"94":2,"95":2,"96":2,"97":2,"98":2,"99":2},"oid":{"0":0,"1":1,"2":2,"3":3,"4":4,"5":5,"6":6,"7":7,"8":8,"9":9,"10":10,"11":11,"12":12,"13":13,"14":14,"15":15,"16":16,"17":17,"18":18,"19":19,"20":20,"21":21,"22":22,"23":23,"24":24,"25":25,"26":26,"27":27,"28":28,"29":29,"30":30,"31":31,"32":32,"33":33,"34":34,"35":35,"36":36,"37":37,"38":38,"39":39,"40":40,"41":41,"42":42,"43":43,"44":44,"45":45,"46":46,"47":47,"48":48,"49":49,"50":50,"51":51,"52":52,"53":53,"54":54,"55":55,"56":56,"57":57,"58":58,"59":59,"60":60,"61":61,"62":62,"63":63,"64":64,"65":65,"66":66,"67":67,"68":68,"69":69,"70":70,"71":71,"72":72,"73":73,"74":74,"75":75,"76":76,"77":77,"78":78,"79":79,"80":80,"81":81,"82":82,"83":83,"84":84,"85":85,"86":86,"87":87,"88":88,"89":89,"90":90,"91":91,"92":92,"93":93,"94":94,"95":95,"96":96,"97":97,"98":98,"99":99},"mean":{"0":0.0368508697,"1":0.0260084139,"2":0.0480628212,"3":0.0383547114,"4":0.0247459461,"5":0.0246844457,"6":0.0400014189,"7":0.0229078432,"8":0.0375312169,"9":0.0245435884,"10":0.0221680486,"11":0.019287318,"12":0.0333960553,"13":0.0444524288,"14":0.0335236126,"15":0.0303393658,"16":0.0361833307,"17":0.0472362174,"18":0.0301403734,"19":0.0426299473,"20":0.0344846216,"21":0.0464739336,"22":0.0208220167,"23":0.0499279267,"24":0.0340622531,"25":0.0447893507,"26":0.0344535609,"27":0.0263657934,"28":0.0418369903,"29":0.0409637557,"30":0.029302638,"31":0.0283643438,"32":0.0397715569,"33":0.030903548,"34":0.0292822984,"35":0.0348617699,"36":0.0280846589,"37":0.0265959303,"38":0.0667304463,"39":0.030470762,"40":0.0600501762,"41":0.0546603666,"42":0.0277208255,"43":0.04294865,"44":0.0352714062,"45":0.0369403826,"46":0.0325907403,"47":0.0211558238,"48":0.0299774971,"49":0.0211382624,"50":0.0314243303,"51":0.0376913026,"52":0.0298044251,"53":0.0353854199,"54":0.040367802,"55":0.0413440764,"56":0.0263291929,"57":0.0328171386,"58":0.0514249537,"59":0.0437107947,"60":0.0290657481,"61":0.0312049819,"62":0.0483590994,"63":0.0265114009,"64":0.0437107351,"65":0.0323851645,"66":0.0387672749,"67":0.0261100233,"68":0.0300820536,"69":0.0531442927,"70":0.0387328201,"71":0.0549359123,"72":0.0380183558,"73":0.0266231034,"74":0.0304432842,"75":0.0449324052,"76":0.0460450451,"77":0.0439626243,"78":0.0502835446,"79":0.0337589847,"80":0.0349772573,"81":0.0186345908,"82":0.0448151562,"83":0.0174783409,"84":0.023828576,"85":0.0371498598,"86":0.0190599908,"87":0.0309755405,"88":0.0424780316,"89":0.0332943731,"90":0.0394674672,"91":0.0394195649,"92":0.0282962057,"93":0.0548464417,"94":0.0437754558,"95":0.046587295,"96":0.059319324,"97":0.036726137,"98":0.0554342717,"99":0.062896351},"median":{"0":0.0387370996,"1":0.025589034,"2":0.05011601,"3":0.0389839597,"4":0.0242790077,"5":0.0248471536,"6":0.0418341495,"7":0.0232318956,"8":0.0373073258,"9":0.0248535052,"10":0.0232027452,"11":0.018508099,"12":0.0340107754,"13":0.0452617742,"14":0.0337077752,"15":0.0304193422,"16":0.0354642943,"17":0.0485600159,"18":0.0303054117,"19":0.0423470549,"20":0.0344119519,"21":0.0468591414,"22":0.0209353771,"23":0.0500664935,"24":0.0331281275,"25":0.0454630554,"26":0.0331172086,"27":0.0262898263,"28":0.0421279259,"29":0.0413377732,"30":0.02898762,"31":0.0279043764,"32":0.0368348137,"33":0.0308668725,"34":0.0283337124,"35":0.0328725353,"36":0.0282568783,"37":0.0249765906,"38":0.0673614815,"39":0.0315048508,"40":0.0661459416,"41":0.0541855022,"42":0.0279740635,"43":0.0429086909,"44":0.0352102444,"45":0.0360528119,"46":0.0326677002,"47":0.0203438625,"48":0.0278947577,"49":0.0204307567,"50":0.0315163098,"51":0.0388445929,"52":0.0296226535,"53":0.0333785452,"54":0.0368400365,"55":0.0408915021,"56":0.025934292,"57":0.0322741754,"58":0.0503330454,"59":0.0439308994,"60":0.0297768321,"61":0.0306980927,"62":0.0494040772,"63":0.0266328324,"64":0.0439028479,"65":0.0331116021,"66":0.0385376252,"67":0.0247297492,"68":0.0300261937,"69":0.0502424613,"70":0.0381570235,"71":0.0540421903,"72":0.0369070545,"73":0.026577482,"74":0.0300679673,"75":0.0452025868,"76":0.0467332713,"77":0.0439824201,"78":0.0476766266,"79":0.0339520462,"80":0.0355590321,"81":0.0182728749,"82":0.0448971726,"83":0.0174280796,"84":0.0240873415,"85":0.0382918045,"86":0.018945545,"87":0.0302469321,"88":0.0414689556,"89":0.0344847776,"90":0.0395530984,"91":0.0394574031,"92":0.0259998944,"93":0.0504377708,"94":0.0443886183,"95":0.0449267775,"96":0.0598942675,"97":0.0343204476,"98":0.0545421205,"99":0.0644104034}}