{"cid":{"0":1,"1":1,"2":1,"3":1,"4":1,"5":1,"6":1,"7":1,"8":1,"9":1,"10":1,"11":1,"12":1,"13":1,"14":1,"15":1,"16":1,"17":1,"18":1,"19":1,"20":1,"21":1,"22":1,"23":1,"24":1,"25":1,"26":1,"27":1,"28":1,"29":1,"30":1,"31":1,"32":1,"33":1,"34":1,"35":1,"36":1,"37":1,"38":1,"39":1,"40":1,"41":1,"42":1,"43":1,"44":1,"45":1,"46":1,"47":1,"48":1,"49":1,"50":1,"51":1,"52":1,"53":1,"54":1,"55":1,"56":1,"57":1,"58":1,"59":1,"60":2,"61":2,"62":2,"63":2,"64":2,"65":2,"66":2,"67":2,"68":2,"69":2,"70":2,"71":2,"72":2,"73":2,"74":2,"75":2,"76":2,"77":2,"78":2,"79":2,"80":2,"81":2,"82":2,"83":2,"84":2,"85":2,"86":2,"87":2,"88":2,"89":2,"90":2,"91":2,"92":2,"93":2,"94":2,"95":2,"96":2,"97":2,"98":2,"99":2},"oid":{"0":0,"1":1,"2":2,"3":3,"4":4,"5":5,"6":6,"7":7,"8":8,"9":9,"10":10,"11":11,"12":12,"13":13,"14":14,"15":15,"16":16,"17":17,"18":18,"19":19,"20":20,"21":21,"22":22,"23":23,"24":24,"25":25,"26":26,"27":27,"28":28,"29":29,"30":30,"31":31,"32":32,"33":33,"34":34,"35":35,"36":36,"37":37,"38":38,"39":39,"40":40,"41":41,"42":42,"43":43,"44":44,"45":45,"46":46,"47":47,"48":48,"49":49,"50":50,"51":51,"52":52,"53":53,"54":54,"55":55,"56":56,"57":57,"58":58,"59":59,"60":60,"61":61,"62":62,"63":63,"64":64,"65":65,"66":66,"67":67,"68":68,"69":69,"70":70,"71":71,"72":72,"73":73,"74":74,"75":75,"76":76,"77":77,"78":78,"79":79,"80":80,"81":81,"82":82,"83":83,"84":84,"85":85,"86":86,"87":87,"88":88,"89":89,"90":90,"91":91,"92":92,"93":93,"94":94,"95":95,"96":96,"97":97,"98":98,"99":99},"mean":{"0":0.0326259765,"1":0.0351875987,"2":0.0602804952,"3":0.0418463813,"4":0.0280368792,"5":0.0262868669,"6":0.0361283554,"7":0.0575096938,"8":0.0458226005,"9":0.0569156938,"10":0.0277002619,"11":0.0354905824,"12":0.0290382041,"13":0.0591271851,"14":0.0532976753,"15":0.0306332484,"16":0.0333227714,"17":0.0348285966,"18":0.0407110122,"19":0.0388156639,"20":0.0334727168,"21":0.0510435965,"22":0.0366754366,"23":0.0346268415,"24":0.0266526176,"25":0.034943223,"26":0.0409003165,"27":0.0318701665,"28":0.0459202362,"29":0.0302504632,"30":0.0506694689,"31":0.036499136,"32":0.0416962239,"33":0.051721698,"34":0.048102806,"35":0.0235748854,"36":0.0223430726,"37":0.0295502941,"38":0.0388904015,"39":0.0276181963,"40":0.0309127801,"41":0.0365207328,"42":0.0399538875,"43":0.0270925297,"44":0.0380324237,"45":0.0318636994,"46":0.0382791294,"47":0.0355646491,"48":0.0388434596,"49":0.0295297338,"50":0.0291082991,"51":0.034335345,"52":0.0203756558,"53":0.037555476,"54":0.0483627286,"55":0.0291344557,"56":0.031568004,"57":0.0665172537,"58":0.0277007752,"59":0.0210590429,"60":0.0437846316,"61":0.0363124741,"62":0.0358629293,"63":0.0478701724,"64":0.043543958,"65":0.0572680831,"66":0.0614101092,"67":0.0282668948,"68":0.0427094499,"69":0.0478558739,"70":0.0532581078,"71":0.0725594759,"72":0.0450182921,"73":0.0363552438,"74":0.033029553,"75":0.0198701951,"76":0.0502789484,"77":0.0431101984,"78":0.0519501931,"79":0.0604536004,"80":0.0495117174,"81":0.0415634844,"82":0.0393339528,"83":0.024169907,"84":0.0290760199,"85":0.0368487106,"86":0.0469611353,"87":0.0371438298,"88":0.0559165875,"89":0.0446842213,"90":0.0585317479,"91":0.0480169654,"92":0.0370750229,"93":0.0715347528,"94":0.0614404678,"95":0.0499402218,"96":0.0670291583,"97":0.0325024923,"98":0.0371784121,"99":0.0464108123},"median":{"0":0.0322554968,"1":0.0347588882,"2":0.0515747517,"3":0.0385029092,"4":0.0277644508,"5":0.026871372,"6":0.0352912918,"7":0.0576846004,"8":0.0460790247,"9":0.0619845428,"10":0.0248747766,"11":0.0345964506,"12":0.0282163899,"13":0.0556371026,"14":0.052633781,"15":0.0273028389,"16":0.0313865058,"17":0.0351156443,"18":0.0424972847,"19":0.0373614617,"20":0.0329844654,"21":0.0512329489,"22":0.0344233587,"23":0.0351442099,"24":0.0252264421,"25":0.0349458233,"26":0.038504824,"27":0.0310585462,"28":0.0480807275,"29":0.0298879538,"30":0.0529282913,"31":0.0347659923,"32":0.0384441204,"33":0.0423830524,"34":0.0497135296,"35":0.0233242847,"36":0.0220909473,"37":0.0284628607,"38":0.0385144278,"39":0.0275396332,"40":0.0321214125,"41":0.0359429009,"42":0.0385989062,"43":0.0249286648,"44":0.0367159322,"45":0.0317056738,"46":0.0402645729,"47":0.0352549069,"48":0.0390460417,"49":0.0293897931,"50":0.0281870514,"51":0.0326267667,"52":0.020577997,"53":0.0365798213,"54":0.0493403822,"55":0.0292058289,"56":0.0326449014,"57":0.0659463108,"58":0.0253707785,"59":0.0210783556,"60":0.041053012,"61":0.0353450403,"62":0.034959998,"63":0.0458897352,"64":0.0430051871,"65":0.0597798899,"66":0.0599901155,"67":0.0263285823,"68":0.0427095927,"69":0.0462141559,"70":0.0496266484,"71":0.0710176826,"72":0.0451883972,"73":0.0355055667,"74":0.0338421799,"75":0.0195634775,"76":0.0490196496,"77":0.0441224575,"78":0.0526029468,"79":0.0588650778,"80":0.0465342924,"81":0.0380353779,"82":0.0376824215,"83":0.0215536077,"84":0.0289283823,"85":0.0376986153,"86":0.0459433645,"87":0.0357468799,"88":0.0547839627,"89":0.0445432328,"90":0.0580077022,"91":0.0473094434,"92":0.0382167809,"93":0.0704203397,"94":0.0630731061,"95":0.0463377014,"96":0.0703822002,"97":0.0298042353,"98":0.0396461934,"99":0.0451682359}}