{"cid":{"0":1,"1":1,"2":1,"3":1,"4":1,"5":1,"6":1,"7":1,"8":1,"9":1,"10":1,"11":1,"12":1,"13":1,"14":1,"15":1,"16":1,"17":1,"18":1,"19":1,"20":1,"21":1,"22":1,"23":1,"24":1,"25":1,"26":1,"27":1,"28":1,"29":1,"30":1,"31":1,"32":1,"33":1,"34":1,"35":1,"36":1,"37":1,"38":1,"39":1,"40":1,"41":1,"42":1,"43":1,"44":1,"45":1,"46":1,"47":1,"48":1,"49":1,"50":1,"51":1,"52":1,"53":1,"54":1,"55":1,"56":1,"57":1,"58":1,"59":1,"60":2,"61":2,"62":2,"63":2,"64":2,"65":2,"66":2,"67":2,"68":2,"69":2,"70":2,"71":2,"72":2,"73":2,"74":2,"75":2,"76":2,"77":2,"78":2,"79":2,"80":2,"81":2,"82":2,"83":2,"84":2,"85":2,"86":2,"87":2,"88":2,"89":2,"90":2,"91":2,"92":2,"93":2,"94":2,"95":2,"96":2,"97":2,"98":2,"99":2},"oid":{"0":0,"1":1,"2":2,"3":3,"4":4,"5":5,"6":6,"7":7,"8":8,"9":9,"10":10,"11":11,"12":12,"13":13,"14":14,"15":15,"16":16,"17":17,"18":18,"19":19,"20":20,"21":21,"22":22,"23":23,"24":24,"25":25,"26":26,"27":27,"28":28,"29":29,"30":30,"31":31,"32":32,"33":33,"34":34,"35":35,"36":36,"37":37,"38":38,"39":39,"40":40,"41":41,"42":42,"43":43,"44":44,"45":45,"46":46,"47":47,"48":48,"49":49,"50":50,"51":51,"52":52,"53":53,"54":54,"55":55,"56":56,"57":57,"58":58,"59":59,"60":60,"61":61,"62":62,"63":63,"64":64,"65":65,"66":66,"67":67,"68":68,"69":69,"70":70,"71":71,"72":72,"73":73,"74":74,"75":75,"76":76,"77":77,"78":78,"79":79,"80":80,"81":81,"82":82,"83":83,"84":84,"85":85,"86":86,"87":87,"88":88,"89":89,"90":90,"91":91,"92":92,"93":93,"94":94,"95":95,"96":96,"97":97,"98":98,"99":99},"mean":{"0":0.0300610032,"1":0.0341711971,"2":0.051890605,"3":0.0252680083,"4":0.0244516217,"5":0.0141656763,"6":0.0239078171,"7":0.0271485746,"8":0.0228986922,"9":0.0347452892,"10":0.0254411168,"11":0.018112527,"12":0.017864017,"13":0.0253234075,"14":0.027016494,"15":0.0257434621,"16":0.0268600533,"17":0.0484359562,"18":0.0258127501,"19":0.027807653,"20":0.0241773592,"21":0.0437772075,"22":0.0252014928,"23":0.0349743598,"24":0.0200022525,"25":0.044466767,"26":0.0296886729,"27":0.0212028656,"28":0.0369400713,"29":0.050369011,"30":0.016508624,"31":0.0229030434,"32":0.0209373948,"33":0.0322777629,"34":0.0207793829,"35":0.0182515962,"36":0.0276427302,"37":0.0172037101,"38":0.0460331639,"39":0.0262488425,"40":0.0356953177,"41":0.0485606756,"42":0.0609948635,"43":0.0191017389,"44":0.0280820914,"45":0.0233838177,"46":0.0278037919,"47":0.0244131863,"48":0.020689509,"49":0.0209466484,"50":0.0272430993,"51":0.0208167229,"52":0.016913106,"53":0.0376007921,"54":0.0243337601,"55":0.0234025849,"56":0.0156443997,"57":0.0350757043,"58":0.0295374493,"59":0.0340468817,"60":0.0152569181,"61":0.042337358,"62":0.0383637614,"63":0.0281938579,"64":0.0327022937,"65":0.0343637615,"66":0.0427467359,"67":0.021197553,"68":0.0340252916,"69":0.0457995269,"70":0.0209034748,"71":0.0233241585,"72":0.0221023278,"73":0.0224852463,"74":0.0313246184,"75":0.0303910772,"76":0.0303078161,"77":0.0405521459,"78":0.04307831,"79":0.0306242373,"80":0.0349271761,"81":0.0208033621,"82":0.0283831855,"83":0.0243822202,"84":0.020874593,"85":0.0352626377,"86":0.0239325729,"87":0.0293218758,"88":0.0243691438,"89":0.0232753191,"90":0.0372031,"91":0.0263428655,"92":0.0258913289,"93":0.0456760615,"94":0.0215436386,"95":0.0265481472,"96":0.0371372766,"97":0.0307617651,"98":0.0233867876,"99":0.0472108126},"median":{"0":0.030290395,"1":0.0340521447,"2":0.047672864,"3":0.0241665021,"4":0.0246263612,"5":0.0138931256,"6":0.0220525879,"7":0.0305684749,"8":0.0225160811,"9":0.0351949707,"10":0.0258164871,"11":0.0171875879,"12":0.0173281338,"13":0.024076961,"14":0.0284468662,"15":0.0258900113,"16":0.0267335381,"17":0.0480141826,"18":0.0275896974,"19":0.0275813751,"20":0.0254874323,"21":0.0456874371,"22":0.0233219471,"23":0.0346548185,"24":0.0201506875,"25":0.0472583324,"26":0.0268506017,"27":0.0214573741,"28":0.0362923667,"29":0.0485034771,"30":0.0166937299,"31":0.0240200572,"32":0.0206293352,"33":0.030965168,"34":0.0200060308,"35":0.0171743762,"36":0.0271046441,"37":0.0177738108,"38":0.0465467907,"39":0.0246266034,"40":0.0343067572,"41":0.0497074127,"42":0.0606807098,"43":0.0194196571,"44":0.0272422843,"45":0.0220360067,"46":0.0274538491,"47":0.0238507651,"48":0.0204097629,"49":0.0198874939,"50":0.0262953565,"51":0.0209457874,"52":0.0162241198,"53":0.0361787267,"54":0.0244064201,"55":0.0235181618,"56":0.0154741323,"57":0.0340882763,"58":0.0291155074,"59":0.0343036465,"60":0.0154253673,"61":0.0412222631,"62":0.0383166894,"63":0.0274596587,"64":0.0314403512,"65":0.03421738,"66":0.0436830819,"67":0.0209613182,"68":0.0340864472,"69":0.045502454,"70":0.0223400313,"71":0.0230797641,"72":0.0213952977,"73":0.0210866425,"74":0.0315338746,"75":0.0317136385,"76":0.0265728217,"77":0.0410543457,"78":0.0426840186,"79":0.0307289828,"80":0.0357111618,"81":0.0213988107,"82":0.0276788827,"83":0.0237476751,"84":0.0206516311,"85":0.0359377861,"86":0.0231734626,"87":0.0298500434,"88":0.0247718934,"89":0.0212770607,"90":0.0373998806,"91":0.0276470501,"92":0.024645295,"93":0.0457752198,"94":0.0214064904,"95":0.022873152,"96":0.0377708748,"97":0.0259658601,"98":0.0241759457,"99":0.0460849032}}