{"cid":{"0":1,"1":1,"2":1,"3":1,"4":1,"5":1,"6":1,"7":1,"8":1,"9":1,"10":1,"11":1,"12":1,"13":1,"14":1,"15":1,"16":1,"17":1,"18":1,"19":1,"20":1,"21":1,"22":1,"23":1,"24":1,"25":1,"26":1,"27":1,"28":1,"29":1,"30":1,"31":1,"32":1,"33":1,"34":1,"35":1,"36":1,"37":1,"38":1,"39":1,"40":1,"41":1,"42":1,"43":1,"44":1,"45":1,"46":1,"47":1,"48":1,"49":1,"50":1,"51":1,"52":1,"53":1,"54":1,"55":1,"56":1,"57":1,"58":1,"59":1,"60":2,"61":2,"62":2,"63":2,"64":2,"65":2,"66":2,"67":2,"68":2,"69":2,"70":2,"71":2,"72":2,"73":2,"74":2,"75":2,"76":2,"77":2,"78":2,"79":2,"80":2,"81":2,"82":2,"83":2,"84":2,"85":2,"86":2,"87":2,"88":2,"89":2,"90":2,"91":2,"92":2,"93":2,"94":2,"95":2,"96":2,"97":2,"98":2,"99":2},"oid":{"0":0,"1":1,"2":2,"3":3,"4":4,"5":5,"6":6,"7":7,"8":8,"9":9,"10":10,"11":11,"12":12,"13":13,"14":14,"15":15,"16":16,"17":17,"18":18,"19":19,"20":20,"21":21,"22":22,"23":23,"24":24,"25":25,"26":26,"27":27,"28":28,"29":29,"30":30,"31":31,"32":32,"33":33,"34":34,"35":35,"36":36,"37":37,"38":38,"39":39,"40":40,"41":41,"42":42,"43":43,"44":44,"45":45,"46":46,"47":47,"48":48,"49":49,"50":50,"51":51,"52":52,"53":53,"54":54,"55":55,"56":56,"57":57,"58":58,"59":59,"60":60,"61":61,"62":62,"63":63,"64":64,"65":65,"66":66,"67":67,"68":68,"69":69,"70":70,"71":71,"72":72,"73":73,"74":74,"75":75,"76":76,"77":77,"78":78,"79":79,"80":80,"81":81,"82":82,"83":83,"84":84,"85":85,"86":86,"87":87,"88":88,"89":89,"90":90,"91":91,"92":92,"93":93,"94":94,"95":95,"96":96,"97":97,"98":98,"99":99},"mean":{"0":0.0288228194,"1":0.0494382381,"2":0.043775522,"3":0.0376884606,"4":0.0257079601,"5":0.0239668389,"6":0.0448700256,"7":0.0370190408,"8":0.0338364575,"9":0.0353910989,"10":0.0380812221,"11":0.0402804812,"12":0.0386263496,"13":0.0322945913,"14":0.0391588178,"15":0.0321091004,"16":0.0452021228,"17":0.0371060835,"18":0.0310110648,"19":0.0371493631,"20":0.0442900856,"21":0.0418064727,"22":0.0291069978,"23":0.031765355,"24":0.0285143985,"25":0.0380434626,"26":0.0497854551,"27":0.020812071,"28":0.0485961437,"29":0.039101806,"30":0.032849621,"31":0.0316388475,"32":0.0446239048,"33":0.0349819303,"34":0.0360090534,"35":0.0356262657,"36":0.0387745533,"37":0.0377703574,"38":0.0491761929,"39":0.0269108713,"40":0.0427925289,"41":0.0352732937,"42":0.0467638009,"43":0.0414771802,"44":0.0284730401,"45":0.0348023408,"46":0.0380457573,"47":0.0414494783,"48":0.0269445628,"49":0.0259369032,"50":0.0373602576,"51":0.0311822221,"52":0.0397180153,"53":0.036937707,"54":0.0388029615,"55":0.0446477632,"56":0.0438322359,"57":0.0654637019,"58":0.0470498072,"59":0.0624503096,"60":0.037643926,"61":0.0303543872,"62":0.058954676,"63":0.0548876723,"64":0.0359936886,"65":0.0451669425,"66":0.0357718931,"67":0.0339302838,"68":0.0246931811,"69":0.0441164176,"70":0.0295110113,"71":0.0552727779,"72":0.0402580268,"73":0.0397434235,"74":0.020404165,"75":0.0339113871,"76":0.0632143815,"77":0.0470651587,"78":0.0353768137,"79":0.0672244694,"80":0.0321949985,"81":0.0426164137,"82":0.0362197558,"83":0.0246602774,"84":0.0303196642,"85":0.025627969,"86":0.0278942618,"87":0.0423691041,"88":0.0482738117,"89":0.03894088,"90":0.0451300244,"91":0.0415986247,"92":0.0519558489,"93":0.0546828389,"94":0.0819685724,"95":0.0438049932,"96":0.0484878487,"97":0.0290586419,"98":0.033757709,"99":0.0509258111},"median":{"0":0.0282391943,"1":0.0461440533,"2":0.0462470762,"3":0.0365630984,"4":0.0257288925,"5":0.0253049415,"6":0.0459203795,"7":0.0367047451,"8":0.0328782424,"9":0.0364233479,"10":0.0342745259,"11":0.0406334698,"12":0.0374919623,"13":0.0299955234,"14":0.0347510278,"15":0.0333808027,"16":0.0426080525,"17":0.0371506698,"18":0.0302219987,"19":0.036520876,"20":0.0408722758,"21":0.0415294319,"22":0.0299448557,"23":0.0314279795,"24":0.0276792683,"25":0.0362250358,"26":0.0517388396,"27":0.0193494484,"28":0.046195887,"29":0.0385073125,"30":0.0323649272,"31":0.0315978229,"32":0.0445235111,"33":0.0351676419,"34":0.0315807723,"35":0.0377182476,"36":0.0395643227,"37":0.0352165475,"38":0.04558523,"39":0.0240539946,"40":0.0421559662,"41":0.034137439,"42":0.0448266827,"43":0.0406710617,"44":0.028266551,"45":0.0363961831,"46":0.0391901508,"47":0.0435692072,"48":0.0269269198,"49":0.0250810198,"50":0.0367273986,"51":0.0311756209,"52":0.0390067063,"53":0.0366427638,"54":0.0391603038,"55":0.0432304926,"56":0.0428967662,"57":0.0637294501,"58":0.0456714258,"59":0.0621468909,"60":0.0363550074,"61":0.0299559291,"62":0.056177441,"63":0.0505694486,"64":0.0349741243,"65":0.0463766232,"66":0.0324200355,"67":0.0300526656,"68":0.0248142797,"69":0.0422285013,"70":0.02813082,"71":0.0543856025,"72":0.0401850343,"73":0.0362931602,"74":0.0194222089,"75":0.0334804691,"76":0.0674813762,"77":0.0467241183,"78":0.0337784849,"79":0.0590958185,"80":0.0332693644,"81":0.0436955839,"82":0.0346893556,"83":0.0249944404,"84":0.0303527862,"85":0.0247323327,"86":0.0279565603,"87":0.0414633453,"88":0.0475319065,"89":0.0343346521,"90":0.0457584113,"91":0.0422967896,"92":0.0516038351,"93":0.0540273562,"94":0.0824766457,"95":0.0433450229,"96":0.047424078,"97":0.0216179881,"98":0.0354623646,"99":0.0501796454}}