{"cid":{"0":1,"1":1,"2":1,"3":1,"4":1,"5":1,"6":1,"7":1,"8":1,"9":1,"10":1,"11":1,"12":1,"13":1,"14":1,"15":1,"16":1,"17":1,"18":1,"19":1,"20":1,"21":1,"22":1,"23":1,"24":1,"25":1,"26":1,"27":1,"28":1,"29":1,"30":1,"31":1,"32":1,"33":1,"34":1,"35":1,"36":1,"37":1,"38":1,"39":1,"40":1,"41":1,"42":1,"43":1,"44":1,"45":1,"46":1,"47":1,"48":1,"49":1,"50":1,"51":1,"52":1,"53":1,"54":1,"55":1,"56":1,"57":1,"58":1,"59":1,"60":2,"61":2,"62":2,"63":2,"64":2,"65":2,"66":2,"67":2,"68":2,"69":2,"70":2,"71":2,"72":2,"73":2,"74":2,"75":2,"76":2,"77":2,"78":2,"79":2,"80":2,"81":2,"82":2,"83":2,"84":2,"85":2,"86":2,"87":2,"88":2,"89":2,"90":2,"91":2,"92":2,"93":2,"94":2,"95":2,"96":2,"97":2,"98":2,"99":2},"oid":{"0":0,"1":1,"2":2,"3":3,"4":4,"5":5,"6":6,"7":7,"8":8,"9":9,"10":10,"11":11,"12":12,"13":13,"14":14,"15":15,"16":16,"17":17,"18":18,"19":19,"20":20,"21":21,"22":22,"23":23,"24":24,"25":25,"26":26,"27":27,"28":28,"29":29,"30":30,"31":31,"32":32,"33":33,"34":34,"35":35,"36":36,"37":37,"38":38,"39":39,"40":40,"41":41,"42":42,"43":43,"44":44,"45":45,"46":46,"47":47,"48":48,"49":49,"50":50,"51":51,"52":52,"53":53,"54":54,"55":55,"56":56,"57":57,"58":58,"59":59,"60":60,"61":61,"62":62,"63":63,"64":64,"65":65,"66":66,"67":67,"68":68,"69":69,"70":70,"71":71,"72":72,"73":73,"74":74,"75":75,"76":76,"77":77,"78":78,"79":79,"80":80,"81":81,"82":82,"83":83,"84":84,"85":85,"86":86,"87":87,"88":88,"89":89,"90":90,"91":91,"92":92,"93":93,"94":94,"95":95,"96":96,"97":97,"98":98,"99":99},"mean":{"0":0.0446496871,"1":0.0374222034,"2":0.0533032649,"3":0.0419838031,"4":0.0437233051,"5":0.0533102817,"6":0.0545856489,"7":0.0429326561,"8":0.0521235201,"9":0.0356331666,"10":0.040328857,"11":0.0248956349,"12":0.0393371317,"13":0.0372469558,"14":0.0327491363,"15":0.0453573242,"16":0.0273996757,"17":0.0640075339,"18":0.0416830315,"19":0.0345827871,"20":0.0515589284,"21":0.0595514509,"22":0.0345215003,"23":0.0443761746,"24":0.0405537619,"25":0.0459650358,"26":0.054880831,"27":0.0366353922,"28":0.0529174209,"29":0.0512906975,"30":0.0328003354,"31":0.0369908512,"32":0.039974504,"33":0.0598819256,"34":0.0414630837,"35":0.038007723,"36":0.0387570461,"37":0.0360942251,"38":0.0449684461,"39":0.0407185753,"40":0.0476405389,"41":0.0504130489,"42":0.0413579908,"43":0.0485591624,"44":0.0371790603,"45":0.0432133873,"46":0.0286062823,"47":0.0332930148,"48":0.0418623984,"49":0.0493973792,"50":0.0334777766,"51":0.0506788269,"52":0.0344710482,"53":0.0469177895,"54":0.0403289497,"55":0.0710952348,"56":0.0659947925,"57":0.0438423157,"58":0.0454616149,"59":0.0472391446,"60":0.026145695,"61":0.0470296674,"62":0.062684079,"63":0.067903916,"64":0.0486383869,"65":0.0630173385,"66":0.0438027581,"67":0.024628301,"68":0.0340641936,"69":0.0580787659,"70":0.0582809183,"71":0.0525956286,"72":0.0419572459,"73":0.0270087802,"74":0.0385188659,"75":0.0266414103,"76":0.0511230628,"77":0.043662803,"78":0.0405225688,"79":0.0386426581,"80":0.0414511561,"81":0.03410946,"82":0.026900159,"83":0.0352386326,"84":0.0262809065,"85":0.039783895,"86":0.0395564437,"87":0.0468356808,"88":0.0442940593,"89":0.0263727721,"90":0.0364468164,"91":0.0427106486,"92":0.0333994594,"93":0.0360685468,"94":0.042792201,"95":0.0483467546,"96":0.0621458292,"97":0.0377989742,"98":0.0399959758,"99":0.0486646824},"median":{"0":0.0442559756,"1":0.0364279225,"2":0.0512192585,"3":0.0415312275,"4":0.0412625223,"5":0.0497588441,"6":0.0492833108,"7":0.0403071791,"8":0.0514176786,"9":0.035321258,"10":0.0406928696,"11":0.0255244151,"12":0.0360549726,"13":0.0358531699,"14":0.0334290564,"15":0.047830984,"16":0.0280823857,"17":0.0645767152,"18":0.040214587,"19":0.0332117565,"20":0.0490447022,"21":0.0608513653,"22":0.0348301008,"23":0.0432187617,"24":0.042147126,"25":0.0466874465,"26":0.0574835949,"27":0.0367077105,"28":0.0528749004,"29":0.0502029695,"30":0.0338645689,"31":0.037606623,"32":0.038591098,"33":0.0606232211,"34":0.0433116145,"35":0.0332159325,"36":0.0413317718,"37":0.0388994403,"38":0.0466179475,"39":0.0392469019,"40":0.0475573763,"41":0.0511381142,"42":0.0401146933,"43":0.0457329452,"44":0.0368155055,"45":0.044079002,"46":0.029457476,"47":0.0338602215,"48":0.0415545925,"49":0.0502354205,"50":0.0334979296,"51":0.0472731926,"52":0.0336246789,"53":0.0482346863,"54":0.0362550318,"55":0.0697676539,"56":0.0658357441,"57":0.0458062105,"58":0.0432876199,"59":0.0487726107,"60":0.025112547,"61":0.047994107,"62":0.0658312365,"63":0.0690502226,"64":0.0477770567,"65":0.0617084503,"66":0.0444004871,"67":0.0235328488,"68":0.033810053,"69":0.0596829168,"70":0.0570619553,"71":0.051284384,"72":0.0427310541,"73":0.0272604991,"74":0.0390774123,"75":0.0259833168,"76":0.0502216294,"77":0.0432834923,"78":0.0423653014,"79":0.0395588018,"80":0.0422968082,"81":0.0327161998,"82":0.026574662,"83":0.0353641249,"84":0.0253579374,"85":0.0417044908,"86":0.0396484509,"87":0.0472531132,"88":0.0418079235,"89":0.0260115433,"90":0.0366403647,"91":0.0448217317,"92":0.0321681462,"93":0.034995012,"94":0.0435605086,"95":0.0492054746,"96":0.0657699108,"97":0.0327256396,"98":0.0393550098,"99":0.0490078442}}