{"cid":{"0":1,"1":1,"2":1,"3":1,"4":1,"5":1,"6":1,"7":1,"8":1,"9":1,"10":1,"11":1,"12":1,"13":1,"14":1,"15":1,"16":1,"17":1,"18":1,"19":1,"20":1,"21":1,"22":1,"23":1,"24":1,"25":1,"26":1,"27":1,"28":1,"29":1,"30":1,"31":1,"32":1,"33":1,"34":1,"35":1,"36":1,"37":1,"38":1,"39":1,"40":1,"41":1,"42":1,"43":1,"44":1,"45":1,"46":1,"47":1,"48":1,"49":1,"50":1,"51":1,"52":1,"53":1,"54":1,"55":1,"56":1,"57":1,"58":1,"59":1,"60":2,"61":2,"62":2,"63":2,"64":2,"65":2,"66":2,"67":2,"68":2,"69":2,"70":2,"71":2,"72":2,"73":2,"74":2,"75":2,"76":2,"77":2,"78":2,"79":2,"80":2,"81":2,"82":2,"83":2,"84":2,"85":2,"86":2,"87":2,"88":2,"89":2,"90":2,"91":2,"92":2,"93":2,"94":2,"95":2,"96":2,"97":2,"98":2,"99":2},"oid":{"0":0,"1":1,"2":2,"3":3,"4":4,"5":5,"6":6,"7":7,"8":8,"9":9,"10":10,"11":11,"12":12,"13":13,"14":14,"15":15,"16":16,"17":17,"18":18,"19":19,"20":20,"21":21,"22":22,"23":23,"24":24,"25":25,"26":26,"27":27,"28":28,"29":29,"30":30,"31":31,"32":32,"33":33,"34":34,"35":35,"36":36,"37":37,"38":38,"39":39,"40":40,"41":41,"42":42,"43":43,"44":44,"45":45,"46":46,"47":47,"48":48,"49":49,"50":50,"51":51,"52":52,"53":53,"54":54,"55":55,"56":56,"57":57,"58":58,"59":59,"60":60,"61":61,"62":62,"63":63,"64":64,"65":65,"66":66,"67":67,"68":68,"69":69,"70":70,"71":71,"72":72,"73":73,"74":74,"75":75,"76":76,"77":77,"78":78,"79":79,"80":80,"81":81,"82":82,"83":83,"84":84,"85":85,"86":86,"87":87,"88":88,"89":89,"90":90,"91":91,"92":92,"93":93,"94":94,"95":95,"96":96,"97":97,"98":98,"99":99},"mean":{"0":0.0401405129,"1":0.0490992135,"2":0.0559122761,"3":0.0504230658,"4":0.0336822139,"5":0.0303506222,"6":0.0428814656,"7":0.0469431016,"8":0.0214634339,"9":0.0435525543,"10":0.0343902442,"11":0.0263533791,"12":0.0363456342,"13":0.0579014089,"14":0.0377679467,"15":0.0416003577,"16":0.0371315413,"17":0.035342839,"18":0.0287761192,"19":0.0339959264,"20":0.0441699194,"21":0.0548693869,"22":0.0284974509,"23":0.0346656243,"24":0.0208948818,"25":0.0397214625,"26":0.0322440333,"27":0.0388239423,"28":0.030351609,"29":0.026226653,"30":0.0328418836,"31":0.0341049002,"32":0.0369302366,"33":0.0370595545,"34":0.0417186883,"35":0.0370663868,"36":0.037584722,"37":0.0299565825,"38":0.0293344888,"39":0.0332559645,"40":0.0279456013,"41":0.0579537021,"42":0.0457003911,"43":0.0208086587,"44":0.0323690884,"45":0.0325813923,"46":0.0260473523,"47":0.0353800446,"48":0.0300421847,"49":0.0291784041,"50":0.0310821798,"51":0.0210862271,"52":0.0227820343,"53":0.0253400654,"54":0.0297979911,"55":0.0232166201,"56":0.0357141164,"57":0.0518196623,"58":0.0296392904,"59":0.0428967542,"60":0.02450791,"61":0.0280018118,"62":0.0325049957,"63":0.0467308727,"64":0.0370135672,"65":0.0720570564,"66":0.060424606,"67":0.0232367367,"68":0.0304077897,"69":0.0660938885,"70":0.0307288269,"71":0.0394402742,"72":0.0366792149,"73":0.033474346,"74":0.0351563361,"75":0.0301615265,"76":0.048787978,"77":0.0474424561,"78":0.0342943271,"79":0.0486762358,"80":0.0417815248,"81":0.0258968572,"82":0.0426890122,"83":0.0195734739,"84":0.0284171535,"85":0.0323531859,"86":0.0390622053,"87":0.058922814,"88":0.046426528,"89":0.0313404534,"90":0.04110633,"91":0.0383998255,"92":0.0374838909,"93":0.0578624904,"94":0.0441899896,"95":0.0302245153,"96":0.060336113,"97":0.0299841033,"98":0.0325019956,"99":0.0421804951},"median":{"0":0.0389358848,"1":0.0472581834,"2":0.0518545471,"3":0.0508088879,"4":0.0342074186,"5":0.0321086012,"6":0.0436898656,"7":0.0474127047,"8":0.0218078494,"9":0.0447355136,"10":0.0320628807,"11":0.0268362761,"12":0.0378728583,"13":0.0580714755,"14":0.0364377797,"15":0.0422604159,"16":0.0366048627,"17":0.0335763879,"18":0.0290409047,"19":0.0334985889,"20":0.044215437,"21":0.0539519489,"22":0.0284119677,"23":0.0336646326,"24":0.0206830669,"25":0.0383418053,"26":0.0294356868,"27":0.0359734856,"28":0.0311800484,"29":0.0256888699,"30":0.0338689238,"31":0.0337840542,"32":0.0377816297,"33":0.0356181115,"34":0.0410553142,"35":0.037844561,"36":0.0353719108,"37":0.0287368931,"38":0.028908683,"39":0.0314455442,"40":0.0284540206,"41":0.0581770316,"42":0.0455810688,"43":0.0205509383,"44":0.0315300003,"45":0.0331423469,"46":0.0253804754,"47":0.0365215018,"48":0.0291548166,"49":0.0261391494,"50":0.0287000537,"51":0.0203951951,"52":0.0216849968,"53":0.0252563693,"54":0.0280084666,"55":0.0234555863,"56":0.0353623778,"57":0.0528414659,"58":0.0300090704,"59":0.0440379977,"60":0.0238132961,"61":0.028815059,"62":0.0337938592,"63":0.0470521785,"64":0.0369454175,"65":0.0732114166,"66":0.0569049455,"67":0.022042064,"68":0.0302507691,"69":0.0587186329,"70":0.0303737018,"71":0.0376318879,"72":0.038447883,"73":0.032349173,"74":0.034984529,"75":0.0297394674,"76":0.046679873,"77":0.0477246679,"78":0.0327916592,"79":0.0467199981,"80":0.0428062305,"81":0.0247208718,"82":0.0425056666,"83":0.0168868676,"84":0.0268487707,"85":0.0318257064,"86":0.040218208,"87":0.0560427122,"88":0.0485639498,"89":0.0316746719,"90":0.0410059802,"91":0.0390296988,"92":0.0376953818,"93":0.0565192141,"94":0.041493576,"95":0.0301690716,"96":0.0600469597,"97":0.0278684478,"98":0.0336449668,"99":0.0405154601}}