{"cid":{"0":1,"1":1,"2":1,"3":1,"4":1,"5":1,"6":1,"7":1,"8":1,"9":1,"10":1,"11":1,"12":1,"13":1,"14":1,"15":1,"16":1,"17":1,"18":1,"19":1,"20":1,"21":1,"22":1,"23":1,"24":1,"25":1,"26":1,"27":1,"28":1,"29":1,"30":1,"31":1,"32":1,"33":1,"34":1,"35":1,"36":1,"37":1,"38":1,"39":1,"40":1,"41":1,"42":1,"43":1,"44":1,"45":1,"46":1,"47":1,"48":1,"49":1,"50":1,"51":1,"52":1,"53":1,"54":1,"55":1,"56":1,"57":1,"58":1,"59":1,"60":2,"61":2,"62":2,"63":2,"64":2,"65":2,"66":2,"67":2,"68":2,"69":2,"70":2,"71":2,"72":2,"73":2,"74":2,"75":2,"76":2,"77":2,"78":2,"79":2,"80":2,"81":2,"82":2,"83":2,"84":2,"85":2,"86":2,"87":2,"88":2,"89":2,"90":2,"91":2,"92":2,"93":2,"94":2,"95":2,"96":2,"97":2,"98":2,"99":2},"oid":{"0":0,"1":1,"2":2,"3":3,"4":4,"5":5,"6":6,"7":7,"8":8,"9":9,"10":10,"11":11,"12":12,"13":13,"14":14,"15":15,"16":16,"17":17,"18":18,"19":19,"20":20,"21":21,"22":22,"23":23,"24":24,"25":25,"26":26,"27":27,"28":28,"29":29,"30":30,"31":31,"32":32,"33":33,"34":34,"35":35,"36":36,"37":37,"38":38,"39":39,"40":40,"41":41,"42":42,"43":43,"44":44,"45":45,"46":46,"47":47,"48":48,"49":49,"50":50,"51":51,"52":52,"53":53,"54":54,"55":55,"56":56,"57":57,"58":58,"59":59,"60":60,"61":61,"62":62,"63":63,"64":64,"65":65,"66":66,"67":67,"68":68,"69":69,"70":70,"71":71,"72":72,"73":73,"74":74,"75":75,"76":76,"77":77,"78":78,"79":79,"80":80,"81":81,"82":82,"83":83,"84":84,"85":85,"86":86,"87":87,"88":88,"89":89,"90":90,"91":91,"92":92,"93":93,"94":94,"95":95,"96":96,"97":97,"98":98,"99":99},"mean":{"0":0.0386269093,"1":0.0388532248,"2":0.0333053933,"3":0.025835827,"4":0.0288967424,"5":0.0221300324,"6":0.0268185172,"7":0.0387749672,"8":0.0316008329,"9":0.0364008248,"10":0.0346537365,"11":0.0289022724,"12":0.0375220776,"13":0.0256909629,"14":0.0463428166,"15":0.0337376148,"16":0.0273543927,"17":0.0358246797,"18":0.0341170629,"19":0.0230452153,"20":0.0401151644,"21":0.0626203087,"22":0.0190628039,"23":0.0604735282,"24":0.0315368606,"25":0.0411893328,"26":0.0308184756,"27":0.044408232,"28":0.0339255465,"29":0.0513623357,"30":0.0234635472,"31":0.0354387826,"32":0.0298539201,"33":0.0295558184,"34":0.0223163482,"35":0.0303036206,"36":0.0301041139,"37":0.030483928,"38":0.039601124,"39":0.0273110966,"40":0.0506616202,"41":0.0445401867,"42":0.0338478684,"43":0.0276438395,"44":0.0318875909,"45":0.0293350915,"46":0.0342442062,"47":0.0278160751,"48":0.036826094,"49":0.0190109313,"50":0.0256702039,"51":0.0282066911,"52":0.0191999806,"53":0.043345799,"54":0.031336791,"55":0.0261377477,"56":0.0312366883,"57":0.0414798293,"58":0.030260702,"59":0.0469157,"60":0.0307220088,"61":0.0583825443,"62":0.0552531381,"63":0.0440060761,"64":0.0439535446,"65":0.0420516312,"66":0.0372883876,"67":0.0304392278,"68":0.0369997952,"69":0.0467588173,"70":0.0346057117,"71":0.0413102739,"72":0.0429433452,"73":0.0384684271,"74":0.0235634877,"75":0.0333403746,"76":0.0426431066,"77":0.0436215268,"78":0.0438618395,"79":0.0508679383,"80":0.046164208,"81":0.0238410334,"82":0.0302663512,"83":0.0320954263,"84":0.020764288,"85":0.0304332541,"86":0.030501114,"87":0.040178491,"88":0.0374886261,"89":0.0260077566,"90":0.047073053,"91":0.0377422637,"92":0.0371951063,"93":0.0571557522,"94":0.0367576546,"95":0.0343607366,"96":0.044425663,"97":0.0289371411,"98":0.0308808349,"99":0.052508576},"median":{"0":0.0374770947,"1":0.0351512767,"2":0.0323363803,"3":0.0261546392,"4":0.0289062373,"5":0.0213542506,"6":0.0267702397,"7":0.0419955067,"8":0.0314876176,"9":0.0360251106,"10":0.033597488,"11":0.0283506177,"12":0.0370156616,"13":0.0244044811,"14":0.0467857569,"15":0.0320791788,"16":0.0269289128,"17":0.0354271382,"18":0.0360568985,"19":0.0226321612,"20":0.039271757,"21":0.0620554201,"22":0.0204627123,"23":0.0597697794,"24":0.0317294113,"25":0.0390067287,"26":0.0266918987,"27":0.0434011072,"28":0.0335703008,"29":0.0502439179,"30":0.0235961229,"31":0.0362529419,"32":0.0287378766,"33":0.0304994248,"34":0.02091478,"35":0.0298241638,"36":0.0299392454,"37":0.0290929805,"38":0.0393235087,"39":0.0260785148,"40":0.0516485386,"41":0.0451404825,"42":0.0342043005,"43":0.0274944399,"44":0.0291641392,"45":0.0307832472,"46":0.0365233757,"47":0.0274489876,"48":0.0359235443,"49":0.0177156366,"50":0.0257338751,"51":0.0291483942,"52":0.0190406553,"53":0.0455780216,"54":0.0292241052,"55":0.0259521529,"56":0.0313345902,"57":0.0437287651,"58":0.0300046392,"59":0.0445979685,"60":0.0297076162,"61":0.0597908907,"62":0.0559878945,"63":0.0439868532,"64":0.0449712127,"65":0.0422886834,"66":0.0375606082,"67":0.0308455396,"68":0.0378564857,"69":0.047724463,"70":0.0366168842,"71":0.0418091305,"72":0.0346414559,"73":0.0412626453,"74":0.0230072234,"75":0.0361472256,"76":0.0397974141,"77":0.0439436249,"78":0.0460791811,"79":0.0512482934,"80":0.0459501073,"81":0.023447603,"82":0.0289600417,"83":0.0324474499,"84":0.0212821066,"85":0.0303050596,"86":0.0290216655,"87":0.041110158,"88":0.0391691998,"89":0.0232525207,"90":0.0455879346,"91":0.0373056866,"92":0.036264658,"93":0.0531430468,"94":0.0372692905,"95":0.0337378047,"96":0.045461826,"97":0.0271488521,"98":0.0321134478,"99":0.0528513342}}