{"cid":{"0":1,"1":1,"2":1,"3":1,"4":1,"5":1,"6":1,"7":1,"8":1,"9":1,"10":1,"11":1,"12":1,"13":1,"14":1,"15":1,"16":1,"17":1,"18":1,"19":1,"20":1,"21":1,"22":1,"23":1,"24":1,"25":1,"26":1,"27":1,"28":1,"29":1,"30":1,"31":1,"32":1,"33":1,"34":1,"35":1,"36":1,"37":1,"38":1,"39":1,"40":1,"41":1,"42":1,"43":1,"44":1,"45":1,"46":1,"47":1,"48":1,"49":1,"50":1,"51":1,"52":1,"53":1,"54":1,"55":1,"56":1,"57":1,"58":1,"59":1,"60":2,"61":2,"62":2,"63":2,"64":2,"65":2,"66":2,"67":2,"68":2,"69":2,"70":2,"71":2,"72":2,"73":2,"74":2,"75":2,"76":2,"77":2,"78":2,"79":2,"80":2,"81":2,"82":2,"83":2,"84":2,"85":2,"86":2,"87":2,"88":2,"89":2,"90":2,"91":2,"92":2,"93":2,"94":2,"95":2,"96":2,"97":2,"98":2,"99":2},"oid":{"0":0,"1":1,"2":2,"3":3,"4":4,"5":5,"6":6,"7":7,"8":8,"9":9,"10":10,"11":11,"12":12,"13":13,"14":14,"15":15,"16":16,"17":17,"18":18,"19":19,"20":20,"21":21,"22":22,"23":23,"24":24,"25":25,"26":26,"27":27,"28":28,"29":29,"30":30,"31":31,"32":32,"33":33,"34":34,"35":35,"36":36,"37":37,"38":38,"39":39,"40":40,"41":41,"42":42,"43":43,"44":44,"45":45,"46":46,"47":47,"48":48,"49":49,"50":50,"51":51,"52":52,"53":53,"54":54,"55":55,"56":56,"57":57,"58":58,"59":59,"60":60,"61":61,"62":62,"63":63,"64":64,"65":65,"66":66,"67":67,"68":68,"69":69,"70":70,"71":71,"72":72,"73":73,"74":74,"75":75,"76":76,"77":77,"78":78,"79":79,"80":80,"81":81,"82":82,"83":83,"84":84,"85":85,"86":86,"87":87,"88":88,"89":89,"90":90,"91":91,"92":92,"93":93,"94":94,"95":95,"96":96,"97":97,"98":98,"99":99},"mean":{"0":0.0253125528,"1":0.0364678105,"2":0.0374189615,"3":0.0303283698,"4":0.0282780031,"5":0.0293933385,"6":0.0341333681,"7":0.0332804852,"8":0.0292295648,"9":0.0328998897,"10":0.0186038762,"11":0.0220539504,"12":0.0332192183,"13":0.0293786261,"14":0.0282879108,"15":0.0574595183,"16":0.0395296084,"17":0.040857017,"18":0.0204118407,"19":0.0355609722,"20":0.0332677629,"21":0.0534482731,"22":0.021940079,"23":0.0543643369,"24":0.0308865243,"25":0.0720641017,"26":0.0358111064,"27":0.0407582323,"28":0.0299742553,"29":0.0537388358,"30":0.0256091282,"31":0.0171497646,"32":0.0313473774,"33":0.0401910603,"34":0.0360935397,"35":0.0312435826,"36":0.024218652,"37":0.0292961862,"38":0.0650919146,"39":0.018339177,"40":0.0326332615,"41":0.0417354504,"42":0.0491429302,"43":0.033234434,"44":0.0301148854,"45":0.0273625884,"46":0.0381140411,"47":0.0284008622,"48":0.0271208104,"49":0.0319929752,"50":0.0463986331,"51":0.0292129628,"52":0.0256212884,"53":0.0460106366,"54":0.0388685928,"55":0.0498177773,"56":0.0316737857,"57":0.0429408219,"58":0.0529347526,"59":0.0366267363,"60":0.0328498814,"61":0.0365941789,"62":0.035907454,"63":0.0501254532,"64":0.0315788719,"65":0.072289443,"66":0.030936622,"67":0.0313052535,"68":0.0331782434,"69":0.0448493626,"70":0.038630512,"71":0.0467154185,"72":0.0236056083,"73":0.048598369,"74":0.0318751931,"75":0.0431574186,"76":0.0501397318,"77":0.0505848957,"78":0.0444791449,"79":0.038498958,"80":0.0362329417,"81":0.0343866613,"82":0.039250301,"83":0.0281594992,"84":0.0254719671,"85":0.0229592009,"86":0.0284598006,"87":0.0361152656,"88":0.0593527887,"89":0.0300087333,"90":0.0373080042,"91":0.0348583228,"92":0.0397945642,"93":0.0546417713,"94":0.0570423338,"95":0.0367975632,"96":0.0520778365,"97":0.0330546167,"98":0.0415615663,"99":0.0612597002},"median":{"0":0.0252392665,"1":0.0360047743,"2":0.0386834107,"3":0.0310412701,"4":0.0292460173,"5":0.0266150031,"6":0.0341234691,"7":0.0317151658,"8":0.030530313,"9":0.0316393748,"10":0.0180550292,"11":0.0193536524,"12":0.0339875408,"13":0.0291680023,"14":0.029143583,"15":0.0581394508,"16":0.0390796699,"17":0.038443435,"18":0.0198791362,"19":0.0356063098,"20":0.0334992856,"21":0.0568936728,"22":0.0214002673,"23":0.0567913167,"24":0.0290699191,"25":0.0715675801,"26":0.0354963243,"27":0.0421239883,"28":0.0299530569,"29":0.0531930141,"30":0.0258480757,"31":0.016448345,"32":0.0292827915,"33":0.0423871502,"34":0.03411429,"35":0.0302335806,"36":0.0241387598,"37":0.0302127991,"38":0.0648481846,"39":0.0176932551,"40":0.0315926857,"41":0.040597558,"42":0.0480880477,"43":0.0336642861,"44":0.0316326171,"45":0.0280312095,"46":0.0403784141,"47":0.0272206254,"48":0.027279146,"49":0.031301748,"50":0.0444782451,"51":0.028673213,"52":0.0245726276,"53":0.0451954044,"54":0.038766209,"55":0.0534705073,"56":0.0327685401,"57":0.0430036038,"58":0.0522716455,"59":0.0359935239,"60":0.033200562,"61":0.0367515907,"62":0.0357527994,"63":0.047453817,"64":0.0334756412,"65":0.0723475143,"66":0.0310549662,"67":0.0300865881,"68":0.0334420279,"69":0.0414370708,"70":0.0382543765,"71":0.0460095145,"72":0.0236134958,"73":0.0446104258,"74":0.0322312377,"75":0.0432764515,"76":0.0496281907,"77":0.0491831228,"78":0.0430436581,"79":0.0372467004,"80":0.0366345681,"81":0.0338147096,"82":0.0375540666,"83":0.0278177299,"84":0.0249868501,"85":0.0238532145,"86":0.0260625407,"87":0.0350718163,"88":0.054576911,"89":0.0281062294,"90":0.0371109396,"91":0.0353140496,"92":0.0358848199,"93":0.0527274832,"94":0.0575011298,"95":0.0374892242,"96":0.0495475829,"97":0.0288963243,"98":0.0420095958,"99":0.0600839555}}