{"cid":{"0":1,"1":1,"2":1,"3":1,"4":1,"5":1,"6":1,"7":1,"8":1,"9":1,"10":1,"11":1,"12":1,"13":1,"14":1,"15":1,"16":1,"17":1,"18":1,"19":1,"20":1,"21":1,"22":1,"23":1,"24":1,"25":1,"26":1,"27":1,"28":1,"29":1,"30":1,"31":1,"32":1,"33":1,"34":1,"35":1,"36":1,"37":1,"38":1,"39":1,"40":1,"41":1,"42":1,"43":1,"44":1,"45":1,"46":1,"47":1,"48":1,"49":1,"50":1,"51":1,"52":1,"53":1,"54":1,"55":1,"56":1,"57":1,"58":1,"59":1,"60":2,"61":2,"62":2,"63":2,"64":2,"65":2,"66":2,"67":2,"68":2,"69":2,"70":2,"71":2,"72":2,"73":2,"74":2,"75":2,"76":2,"77":2,"78":2,"79":2,"80":2,"81":2,"82":2,"83":2,"84":2,"85":2,"86":2,"87":2,"88":2,"89":2,"90":2,"91":2,"92":2,"93":2,"94":2,"95":2,"96":2,"97":2,"98":2,"99":2},"oid":{"0":0,"1":1,"2":2,"3":3,"4":4,"5":5,"6":6,"7":7,"8":8,"9":9,"10":10,"11":11,"12":12,"13":13,"14":14,"15":15,"16":16,"17":17,"18":18,"19":19,"20":20,"21":21,"22":22,"23":23,"24":24,"25":25,"26":26,"27":27,"28":28,"29":29,"30":30,"31":31,"32":32,"33":33,"34":34,"35":35,"36":36,"37":37,"38":38,"39":39,"40":40,"41":41,"42":42,"43":43,"44":44,"45":45,"46":46,"47":47,"48":48,"49":49,"50":50,"51":51,"52":52,"53":53,"54":54,"55":55,"56":56,"57":57,"58":58,"59":59,"60":60,"61":61,"62":62,"63":63,"64":64,"65":65,"66":66,"67":67,"68":68,"69":69,"70":70,"71":71,"72":72,"73":73,"74":74,"75":75,"76":76,"77":77,"78":78,"79":79,"80":80,"81":81,"82":82,"83":83,"84":84,"85":85,"86":86,"87":87,"88":88,"89":89,"90":90,"91":91,"92":92,"93":93,"94":94,"95":95,"96":96,"97":97,"98":98,"99":99},"mean":{"0":0.0350310869,"1":0.0302102168,"2":0.0765092969,"3":0.0380166603,"4":0.0201087561,"5":0.0286458068,"6":0.0347850157,"7":0.0373962886,"8":0.0254884809,"9":0.0463238292,"10":0.0357095235,"11":0.0313226812,"12":0.0434131357,"13":0.0531594588,"14":0.0611743397,"15":0.0289397575,"16":0.0341637764,"17":0.0263382246,"18":0.0300869346,"19":0.0471735597,"20":0.0342524184,"21":0.0387326876,"22":0.0309889449,"23":0.0355096194,"24":0.023436091,"25":0.0302928487,"26":0.0391880671,"27":0.0261125432,"28":0.0464107494,"29":0.0372420814,"30":0.0394812264,"31":0.0279316803,"32":0.0210181326,"33":0.0281957865,"34":0.0296576983,"35":0.0329908662,"36":0.0304187205,"37":0.0315062006,"38":0.0385033819,"39":0.0281317863,"40":0.0408092505,"41":0.0527490377,"42":0.0310268071,"43":0.0305785437,"44":0.0351129249,"45":0.036004795,"46":0.0506742265,"47":0.0361384004,"48":0.0313071675,"49":0.0270752046,"50":0.0542896191,"51":0.0286374837,"52":0.0259545412,"53":0.034147342,"54":0.036728402,"55":0.0372189449,"56":0.0214982662,"57":0.031708863,"58":0.0430537197,"59":0.0375517805,"60":0.0265453723,"61":0.0234751056,"62":0.0485004286,"63":0.0564632217,"64":0.0318910082,"65":0.056485343,"66":0.0352807111,"67":0.0344337881,"68":0.0220305274,"69":0.0410684546,"70":0.0487998724,"71":0.036319226,"72":0.044949313,"73":0.0266310159,"74":0.0362288588,"75":0.0409884916,"76":0.0558768974,"77":0.050924023,"78":0.0508478615,"79":0.0577858422,"80":0.0404068496,"81":0.0438460443,"82":0.0299682518,"83":0.0247009486,"84":0.0378169384,"85":0.0242320846,"86":0.0285118421,"87":0.0268853025,"88":0.040261613,"89":0.0369864967,"90":0.0361067057,"91":0.0378748245,"92":0.0328684714,"93":0.0478694052,"94":0.0583810276,"95":0.0339136985,"96":0.0359572305,"97":0.0327204929,"98":0.0238364004,"99":0.0357473824},"median":{"0":0.0350611918,"1":0.0293870326,"2":0.0837511867,"3":0.0379060693,"4":0.0202409755,"5":0.0277073178,"6":0.0364282317,"7":0.0390023403,"8":0.024495285,"9":0.0483490005,"10":0.0353239588,"11":0.0313164704,"12":0.0445682853,"13":0.0536746271,"14":0.0502704829,"15":0.0272615328,"16":0.0342719816,"17":0.0273090117,"18":0.0301687233,"19":0.0490089282,"20":0.0316691734,"21":0.0376799181,"22":0.0304038711,"23":0.0352437794,"24":0.0229739863,"25":0.028509682,"26":0.0366423428,"27":0.0252037551,"28":0.0476250686,"29":0.0364218131,"30":0.0406068265,"31":0.0274354909,"32":0.0196750592,"33":0.0266463123,"34":0.028283976,"35":0.0351794362,"36":0.0315636434,"37":0.0339275636,"38":0.0397381932,"39":0.0239834879,"40":0.0412836298,"41":0.0542526282,"42":0.0314425603,"43":0.0303958375,"44":0.0348871797,"45":0.0329880528,"46":0.0519185439,"47":0.0358952731,"48":0.0297252256,"49":0.0261318069,"50":0.0566872843,"51":0.0289469212,"52":0.0255037695,"53":0.0333812051,"54":0.0366969071,"55":0.0320913531,"56":0.0211054087,"57":0.0315710716,"58":0.0422661938,"59":0.0385650843,"60":0.0259552933,"61":0.0224726927,"62":0.0482622534,"63":0.0546769276,"64":0.0317976587,"65":0.0569579974,"66":0.0349756479,"67":0.0321782194,"68":0.0212169178,"69":0.0400427319,"70":0.049246598,"71":0.0352717414,"72":0.047380086,"73":0.0225751977,"74":0.0346863531,"75":0.0412617102,"76":0.0568205714,"77":0.0517437197,"78":0.0508288294,"79":0.0586495213,"80":0.0390487686,"81":0.0449248068,"82":0.031024199,"83":0.0248787049,"84":0.0376546234,"85":0.0241348613,"86":0.0289103612,"87":0.0278632473,"88":0.0391353033,"89":0.0370695889,"90":0.0364410654,"91":0.0392637737,"92":0.0326780602,"93":0.0479598418,"94":0.0581562407,"95":0.0313116536,"96":0.0333224311,"97":0.0299406312,"98":0.0256378446,"99":0.0365637243}}