{"cid":{"0":1,"1":1,"2":1,"3":1,"4":1,"5":1,"6":1,"7":1,"8":1,"9":1,"10":1,"11":1,"12":1,"13":1,"14":1,"15":1,"16":1,"17":1,"18":1,"19":1,"20":1,"21":1,"22":1,"23":1,"24":1,"25":1,"26":1,"27":1,"28":1,"29":1,"30":1,"31":1,"32":1,"33":1,"34":1,"35":1,"36":1,"37":1,"38":1,"39":1,"40":1,"41":1,"42":1,"43":1,"44":1,"45":1,"46":1,"47":1,"48":1,"49":1,"50":1,"51":1,"52":1,"53":1,"54":1,"55":1,"56":1,"57":1,"58":1,"59":1,"60":2,"61":2,"62":2,"63":2,"64":2,"65":2,"66":2,"67":2,"68":2,"69":2,"70":2,"71":2,"72":2,"73":2,"74":2,"75":2,"76":2,"77":2,"78":2,"79":2,"80":2,"81":2,"82":2,"83":2,"84":2,"85":2,"86":2,"87":2,"88":2,"89":2,"90":2,"91":2,"92":2,"93":2,"94":2,"95":2,"96":2,"97":2,"98":2,"99":2},"oid":{"0":0,"1":1,"2":2,"3":3,"4":4,"5":5,"6":6,"7":7,"8":8,"9":9,"10":10,"11":11,"12":12,"13":13,"14":14,"15":15,"16":16,"17":17,"18":18,"19":19,"20":20,"21":21,"22":22,"23":23,"24":24,"25":25,"26":26,"27":27,"28":28,"29":29,"30":30,"31":31,"32":32,"33":33,"34":34,"35":35,"36":36,"37":37,"38":38,"39":39,"40":40,"41":41,"42":42,"43":43,"44":44,"45":45,"46":46,"47":47,"48":48,"49":49,"50":50,"51":51,"52":52,"53":53,"54":54,"55":55,"56":56,"57":57,"58":58,"59":59,"60":60,"61":61,"62":62,"63":63,"64":64,"65":65,"66":66,"67":67,"68":68,"69":69,"70":70,"71":71,"72":72,"73":73,"74":74,"75":75,"76":76,"77":77,"78":78,"79":79,"80":80,"81":81,"82":82,"83":83,"84":84,"85":85,"86":86,"87":87,"88":88,"89":89,"90":90,"91":91,"92":92,"93":93,"94":94,"95":95,"96":96,"97":97,"98":98,"99":99},"mean":{"0":0.0447293255,"1":0.0349774659,"2":0.0584642092,"3":0.0412966775,"4":0.0320630206,"5":0.0312621064,"6":0.0358667142,"7":0.0343381696,"8":0.0279019939,"9":0.0652867556,"10":0.0284494758,"11":0.0275230673,"12":0.034812563,"13":0.0611852143,"14":0.068910314,"15":0.0289142262,"16":0.0236592475,"17":0.0496739149,"18":0.032061004,"19":0.0291739504,"20":0.0499954952,"21":0.040941457,"22":0.0255830387,"23":0.043012076,"24":0.0269297444,"25":0.0327099363,"26":0.0303982198,"27":0.03454315,"28":0.0302062564,"29":0.0227258686,"30":0.039542228,"31":0.0412661731,"32":0.0340246194,"33":0.0236683667,"34":0.0273633715,"35":0.0404137505,"36":0.0315380825,"37":0.0368903312,"38":0.0341356529,"39":0.0362447103,"40":0.0320489903,"41":0.0368026859,"42":0.0294860337,"43":0.0271755291,"44":0.0323261134,"45":0.0327294502,"46":0.0387872193,"47":0.0390221149,"48":0.0305988921,"49":0.0304888222,"50":0.0458478994,"51":0.0464837104,"52":0.0282350514,"53":0.045733124,"54":0.036691871,"55":0.0251189967,"56":0.0309941967,"57":0.0593248341,"58":0.0551563501,"59":0.0278215938,"60":0.035030961,"61":0.0308772259,"62":0.0289036367,"63":0.0444159077,"64":0.0380764206,"65":0.0799280107,"66":0.0359370576,"67":0.0369586706,"68":0.026427014,"69":0.0595932272,"70":0.0355025927,"71":0.05066768,"72":0.0361532304,"73":0.0263007051,"74":0.0315700637,"75":0.043068154,"76":0.0686794453,"77":0.0373646153,"78":0.0395374232,"79":0.0444109241,"80":0.0419631534,"81":0.0344384081,"82":0.0269839797,"83":0.0213793442,"84":0.0486380789,"85":0.0312847429,"86":0.0418849289,"87":0.0426704321,"88":0.0300247272,"89":0.0397253401,"90":0.0381031864,"91":0.03897808,"92":0.0358040995,"93":0.0560270429,"94":0.0587578085,"95":0.0310935113,"96":0.0590781106,"97":0.0332992276,"98":0.0370183103,"99":0.0294277403},"median":{"0":0.0456620865,"1":0.0325539298,"2":0.0608459972,"3":0.0406700931,"4":0.0276522823,"5":0.0289473031,"6":0.0369747691,"7":0.034411747,"8":0.0275198445,"9":0.0673321187,"10":0.0264310353,"11":0.0259363502,"12":0.0352704413,"13":0.0607348047,"14":0.0627177209,"15":0.028505452,"16":0.0228426941,"17":0.0481448397,"18":0.0335396677,"19":0.0296956319,"20":0.043711409,"21":0.0407294855,"22":0.0247952193,"23":0.0447700098,"24":0.02540984,"25":0.0318924524,"26":0.0297500137,"27":0.0355960578,"28":0.0288720261,"29":0.0216263905,"30":0.0365381874,"31":0.0413565785,"32":0.0339776501,"33":0.0231049024,"34":0.0263837334,"35":0.0438786633,"36":0.0320850052,"37":0.0367794,"38":0.0347056687,"39":0.0324456766,"40":0.0349308662,"41":0.0372820497,"42":0.0289052762,"43":0.0275099333,"44":0.0312470682,"45":0.0319894962,"46":0.0391825922,"47":0.0390931144,"48":0.030433571,"49":0.0286135897,"50":0.0473995656,"51":0.0470967367,"52":0.0291935764,"53":0.0444591567,"54":0.0369728506,"55":0.0243881326,"56":0.0300481003,"57":0.0589282513,"58":0.0539485067,"59":0.0279712416,"60":0.0335238725,"61":0.0285168998,"62":0.0288232211,"63":0.0431759655,"64":0.03770037,"65":0.0766140819,"66":0.0365409479,"67":0.0360134915,"68":0.0288445912,"69":0.0587627366,"70":0.0353298336,"71":0.0490361415,"72":0.0346105695,"73":0.024619652,"74":0.0321920924,"75":0.0430243351,"76":0.0678794384,"77":0.0400380455,"78":0.04008184,"79":0.0443053059,"80":0.0397491679,"81":0.0357800052,"82":0.0297748521,"83":0.019367788,"84":0.0491631106,"85":0.0311522931,"86":0.0401908681,"87":0.0419093557,"88":0.0285891406,"89":0.0396152884,"90":0.0372266695,"91":0.0393626168,"92":0.0344078355,"93":0.0561785325,"94":0.0555337146,"95":0.0301513486,"96":0.0595878847,"97":0.0335083343,"98":0.0376228169,"99":0.0301163513}}