{"cid":{"0":1,"1":1,"2":1,"3":1,"4":1,"5":1,"6":1,"7":1,"8":1,"9":1,"10":1,"11":1,"12":1,"13":1,"14":1,"15":1,"16":1,"17":1,"18":1,"19":1,"20":1,"21":1,"22":1,"23":1,"24":1,"25":1,"26":1,"27":1,"28":1,"29":1,"30":1,"31":1,"32":1,"33":1,"34":1,"35":1,"36":1,"37":1,"38":1,"39":1,"40":1,"41":1,"42":1,"43":1,"44":1,"45":1,"46":1,"47":1,"48":1,"49":1,"50":1,"51":1,"52":1,"53":1,"54":1,"55":1,"56":1,"57":1,"58":1,"59":1,"60":2,"61":2,"62":2,"63":2,"64":2,"65":2,"66":2,"67":2,"68":2,"69":2,"70":2,"71":2,"72":2,"73":2,"74":2,"75":2,"76":2,"77":2,"78":2,"79":2,"80":2,"81":2,"82":2,"83":2,"84":2,"85":2,"86":2,"87":2,"88":2,"89":2,"90":2,"91":2,"92":2,"93":2,"94":2,"95":2,"96":2,"97":2,"98":2,"99":2},"oid":{"0":0,"1":1,"2":2,"3":3,"4":4,"5":5,"6":6,"7":7,"8":8,"9":9,"10":10,"11":11,"12":12,"13":13,"14":14,"15":15,"16":16,"17":17,"18":18,"19":19,"20":20,"21":21,"22":22,"23":23,"24":24,"25":25,"26":26,"27":27,"28":28,"29":29,"30":30,"31":31,"32":32,"33":33,"34":34,"35":35,"36":36,"37":37,"38":38,"39":39,"40":40,"41":41,"42":42,"43":43,"44":44,"45":45,"46":46,"47":47,"48":48,"49":49,"50":50,"51":51,"52":52,"53":53,"54":54,"55":55,"56":56,"57":57,"58":58,"59":59,"60":60,"61":61,"62":62,"63":63,"64":64,"65":65,"66":66,"67":67,"68":68,"69":69,"70":70,"71":71,"72":72,"73":73,"74":74,"75":75,"76":76,"77":77,"78":78,"79":79,"80":80,"81":81,"82":82,"83":83,"84":84,"85":85,"86":86,"87":87,"88":88,"89":89,"90":90,"91":91,"92":92,"93":93,"94":94,"95":95,"96":96,"97":97,"98":98,"99":99},"mean":{"0":0.0269834184,"1":0.0347611441,"2":0.0566494134,"3":0.02953483,"4":0.0307469765,"5":0.019255403,"6":0.0421453979,"7":0.0446529223,"8":0.030741579,"9":0.0591329866,"10":0.0265201032,"11":0.0300580362,"12":0.028189583,"13":0.0430445274,"14":0.058972915,"15":0.0314612463,"16":0.0388283067,"17":0.0422676735,"18":0.029991938,"19":0.0405614641,"20":0.0255362011,"21":0.041335543,"22":0.0236703753,"23":0.0531431668,"24":0.0216673712,"25":0.0335187846,"26":0.0407810973,"27":0.0207282172,"28":0.0383276708,"29":0.0281588336,"30":0.044129692,"31":0.0335895287,"32":0.0429348581,"33":0.0431817949,"34":0.0364938246,"35":0.0253068672,"36":0.0322657393,"37":0.0314835873,"38":0.0332422919,"39":0.0275237908,"40":0.0280095471,"41":0.051884128,"42":0.0302712586,"43":0.0167896168,"44":0.0222258382,"45":0.0286995371,"46":0.0261043625,"47":0.0197255909,"48":0.0296559003,"49":0.0257045825,"50":0.0295397109,"51":0.0253582411,"52":0.0151816954,"53":0.0346237686,"54":0.031328751,"55":0.019924985,"56":0.0271015416,"57":0.0517389377,"58":0.0265812476,"59":0.0187976261,"60":0.0290309754,"61":0.0337816411,"62":0.0347792771,"63":0.0436371267,"64":0.041299555,"65":0.0455372632,"66":0.0407115916,"67":0.0271825999,"68":0.0330866708,"69":0.0520434479,"70":0.0442743864,"71":0.0508539577,"72":0.0394334594,"73":0.0222908788,"74":0.0292769207,"75":0.0468234287,"76":0.045355171,"77":0.0422092974,"78":0.025225997,"79":0.0577470263,"80":0.0390376117,"81":0.0428162946,"82":0.0279326373,"83":0.021526137,"84":0.0194785562,"85":0.0281924672,"86":0.0304635896,"87":0.0412902236,"88":0.0334444907,"89":0.0490360094,"90":0.0555602312,"91":0.0324022339,"92":0.0341318647,"93":0.0476564646,"94":0.0473098622,"95":0.0287768675,"96":0.0480613377,"97":0.0294563307,"98":0.0301718414,"99":0.0718036493},"median":{"0":0.02602816,"1":0.035289418,"2":0.0544912778,"3":0.0289513785,"4":0.0316474363,"5":0.0203432571,"6":0.0421956517,"7":0.0425860956,"8":0.0316739604,"9":0.0642103478,"10":0.0257588606,"11":0.0296211038,"12":0.0276496857,"13":0.0430102535,"14":0.0613207668,"15":0.027360186,"16":0.038412936,"17":0.0442209318,"18":0.0318686031,"19":0.041114416,"20":0.0250282045,"21":0.040768601,"22":0.025232181,"23":0.0542183742,"24":0.0208184905,"25":0.0333470851,"26":0.0377301984,"27":0.0204583704,"28":0.0372644663,"29":0.0283167027,"30":0.0452191345,"31":0.0328071676,"32":0.0409251526,"33":0.0370862484,"34":0.0378208756,"35":0.0251181219,"36":0.0300783459,"37":0.0305959117,"38":0.0344947912,"39":0.0243087392,"40":0.0276807304,"41":0.0515431687,"42":0.0318786651,"43":0.0166994054,"44":0.0214418136,"45":0.0284420829,"46":0.0276879817,"47":0.0185806938,"48":0.0273009054,"49":0.0224366616,"50":0.028659042,"51":0.0245225579,"52":0.0134977931,"53":0.0359950922,"54":0.0310559571,"55":0.0185397081,"56":0.0252523646,"57":0.0486294292,"58":0.025424052,"59":0.0188749805,"60":0.0274869092,"61":0.0338176861,"62":0.0349229984,"63":0.0414204262,"64":0.0401000939,"65":0.0442548692,"66":0.0385722853,"67":0.0252365153,"68":0.0316786766,"69":0.0499556102,"70":0.0459913723,"71":0.0503551997,"72":0.038302511,"73":0.0193317607,"74":0.0294299759,"75":0.0483805574,"76":0.044767689,"77":0.0425583348,"78":0.0253628101,"79":0.0581864752,"80":0.0376981348,"81":0.0409693792,"82":0.0281480197,"83":0.0205448456,"84":0.0183913186,"85":0.0288896803,"86":0.0300099999,"87":0.0397120863,"88":0.0346216559,"89":0.0510315523,"90":0.0536325909,"91":0.0315628387,"92":0.0325244963,"93":0.049835261,"94":0.0471850708,"95":0.0294303689,"96":0.0498982407,"97":0.0273210518,"98":0.0317666829,"99":0.0709879696}}