{"cid":{"0":1,"1":1,"2":1,"3":1,"4":1,"5":1,"6":1,"7":1,"8":1,"9":1,"10":1,"11":1,"12":1,"13":1,"14":1,"15":1,"16":1,"17":1,"18":1,"19":1,"20":1,"21":1,"22":1,"23":1,"24":1,"25":1,"26":1,"27":1,"28":1,"29":1,"30":1,"31":1,"32":1,"33":1,"34":1,"35":1,"36":1,"37":1,"38":1,"39":1,"40":1,"41":1,"42":1,"43":1,"44":1,"45":1,"46":1,"47":1,"48":1,"49":1,"50":1,"51":1,"52":1,"53":1,"54":1,"55":1,"56":1,"57":1,"58":1,"59":1,"60":2,"61":2,"62":2,"63":2,"64":2,"65":2,"66":2,"67":2,"68":2,"69":2,"70":2,"71":2,"72":2,"73":2,"74":2,"75":2,"76":2,"77":2,"78":2,"79":2,"80":2,"81":2,"82":2,"83":2,"84":2,"85":2,"86":2,"87":2,"88":2,"89":2,"90":2,"91":2,"92":2,"93":2,"94":2,"95":2,"96":2,"97":2,"98":2,"99":2},"oid":{"0":0,"1":1,"2":2,"3":3,"4":4,"5":5,"6":6,"7":7,"8":8,"9":9,"10":10,"11":11,"12":12,"13":13,"14":14,"15":15,"16":16,"17":17,"18":18,"19":19,"20":20,"21":21,"22":22,"23":23,"24":24,"25":25,"26":26,"27":27,"28":28,"29":29,"30":30,"31":31,"32":32,"33":33,"34":34,"35":35,"36":36,"37":37,"38":38,"39":39,"40":40,"41":41,"42":42,"43":43,"44":44,"45":45,"46":46,"47":47,"48":48,"49":49,"50":50,"51":51,"52":52,"53":53,"54":54,"55":55,"56":56,"57":57,"58":58,"59":59,"60":60,"61":61,"62":62,"63":63,"64":64,"65":65,"66":66,"67":67,"68":68,"69":69,"70":70,"71":71,"72":72,"73":73,"74":74,"75":75,"76":76,"77":77,"78":78,"79":79,"80":80,"81":81,"82":82,"83":83,"84":84,"85":85,"86":86,"87":87,"88":88,"89":89,"90":90,"91":91,"92":92,"93":93,"94":94,"95":95,"96":96,"97":97,"98":98,"99":99},"mean":{"0":0.0258464598,"1":0.0326029956,"2":0.0388611621,"3":0.0319412053,"4":0.0319629378,"5":0.0321187543,"6":0.0356591576,"7":0.0287016233,"8":0.0327496529,"9":0.0262399216,"10":0.0310591923,"11":0.0223865641,"12":0.0320087373,"13":0.0409218536,"14":0.0288866195,"15":0.052789256,"16":0.0391498705,"17":0.032016019,"18":0.0396707455,"19":0.0409326288,"20":0.0327768524,"21":0.0396783716,"22":0.0311220156,"23":0.0302409397,"24":0.03084344,"25":0.0372466544,"26":0.0318530997,"27":0.0261911518,"28":0.0207254854,"29":0.0217637387,"30":0.0335352309,"31":0.0286523567,"32":0.0324969093,"33":0.0261001498,"34":0.0352691743,"35":0.0456112358,"36":0.0235771868,"37":0.0472438004,"38":0.0361580518,"39":0.0390669041,"40":0.0314051178,"41":0.0324397551,"42":0.0219934053,"43":0.0377392173,"44":0.0383489318,"45":0.0363296237,"46":0.0271569441,"47":0.0347284317,"48":0.0330237779,"49":0.0321401358,"50":0.03535325,"51":0.0229798593,"52":0.0165409512,"53":0.046533366,"54":0.0245362421,"55":0.0409010384,"56":0.0299185713,"57":0.0385602381,"58":0.0322367118,"59":0.0281555487,"60":0.0271849136,"61":0.0349368917,"62":0.0369967686,"63":0.0433574816,"64":0.035879357,"65":0.0338967919,"66":0.0356237027,"67":0.0352812439,"68":0.0318101976,"69":0.059554312,"70":0.0381782518,"71":0.0495868391,"72":0.0319520599,"73":0.0378166437,"74":0.0404488643,"75":0.0284591218,"76":0.0363387101,"77":0.0397059984,"78":0.0380703211,"79":0.0430191987,"80":0.0369162328,"81":0.0414526794,"82":0.0336760349,"83":0.0262353599,"84":0.0208164023,"85":0.0285246736,"86":0.0285887155,"87":0.0336754123,"88":0.0374361939,"89":0.0338616603,"90":0.0362286369,"91":0.0325629678,"92":0.0265738633,"93":0.0719202757,"94":0.0434415274,"95":0.027644866,"96":0.0411973728,"97":0.0436960757,"98":0.0345658511,"99":0.0501114064},"median":{"0":0.0262742732,"1":0.0342343077,"2":0.037807025,"3":0.0314664505,"4":0.0311562531,"5":0.0319809839,"6":0.0354867391,"7":0.0287145004,"8":0.031971667,"9":0.0257191174,"10":0.0301923547,"11":0.0199052468,"12":0.0322228111,"13":0.0407786779,"14":0.0294994134,"15":0.0545302741,"16":0.0392229147,"17":0.0324603319,"18":0.0398359485,"19":0.0421182923,"20":0.0307952315,"21":0.0396644659,"22":0.0306302346,"23":0.029423466,"24":0.0300446264,"25":0.0365665108,"26":0.0310238563,"27":0.0248368829,"28":0.0195386019,"29":0.0207741018,"30":0.0337118246,"31":0.0286451764,"32":0.0331375301,"33":0.0258317627,"34":0.0344024822,"35":0.0486996658,"36":0.0234329645,"37":0.0484904423,"38":0.0355846696,"39":0.0382801071,"40":0.03065666,"41":0.0330964103,"42":0.0221911594,"43":0.0375010893,"44":0.0384398997,"45":0.0364047997,"46":0.0261005331,"47":0.0340074673,"48":0.0315461755,"49":0.0310013574,"50":0.0332474671,"51":0.0221518502,"52":0.0168262087,"53":0.046992965,"54":0.023947848,"55":0.040652778,"56":0.030044904,"57":0.036358688,"58":0.033257775,"59":0.0273524318,"60":0.0271392763,"61":0.0360399447,"62":0.0401187763,"63":0.0430666022,"64":0.0356999151,"65":0.0303368662,"66":0.0368638262,"67":0.0343474299,"68":0.0312214866,"69":0.0573418327,"70":0.0379085131,"71":0.0425801501,"72":0.0320445523,"73":0.0370995738,"74":0.0407071933,"75":0.028839048,"76":0.0352523401,"77":0.0384270884,"78":0.0376055278,"79":0.0428139493,"80":0.0365980491,"81":0.0421993211,"82":0.0321890377,"83":0.0262220167,"84":0.0197528005,"85":0.0283693131,"86":0.0282854419,"87":0.0318242684,"88":0.0371949375,"89":0.0322200507,"90":0.0353558138,"91":0.0335692465,"92":0.0258650202,"93":0.0677869022,"94":0.0440350622,"95":0.0271145571,"96":0.0407395586,"97":0.0378989503,"98":0.0360500403,"99":0.0500888862}}