{"cid":{"0":1,"1":1,"2":1,"3":1,"4":1,"5":1,"6":1,"7":1,"8":1,"9":1,"10":1,"11":1,"12":1,"13":1,"14":1,"15":1,"16":1,"17":1,"18":1,"19":1,"20":1,"21":1,"22":1,"23":1,"24":1,"25":1,"26":1,"27":1,"28":1,"29":1,"30":1,"31":1,"32":1,"33":1,"34":1,"35":1,"36":1,"37":1,"38":1,"39":1,"40":1,"41":1,"42":1,"43":1,"44":1,"45":1,"46":1,"47":1,"48":1,"49":1,"50":1,"51":1,"52":1,"53":1,"54":1,"55":1,"56":1,"57":1,"58":1,"59":1,"60":2,"61":2,"62":2,"63":2,"64":2,"65":2,"66":2,"67":2,"68":2,"69":2,"70":2,"71":2,"72":2,"73":2,"74":2,"75":2,"76":2,"77":2,"78":2,"79":2,"80":2,"81":2,"82":2,"83":2,"84":2,"85":2,"86":2,"87":2,"88":2,"89":2,"90":2,"91":2,"92":2,"93":2,"94":2,"95":2,"96":2,"97":2,"98":2,"99":2},"oid":{"0":0,"1":1,"2":2,"3":3,"4":4,"5":5,"6":6,"7":7,"8":8,"9":9,"10":10,"11":11,"12":12,"13":13,"14":14,"15":15,"16":16,"17":17,"18":18,"19":19,"20":20,"21":21,"22":22,"23":23,"24":24,"25":25,"26":26,"27":27,"28":28,"29":29,"30":30,"31":31,"32":32,"33":33,"34":34,"35":35,"36":36,"37":37,"38":38,"39":39,"40":40,"41":41,"42":42,"43":43,"44":44,"45":45,"46":46,"47":47,"48":48,"49":49,"50":50,"51":51,"52":52,"53":53,"54":54,"55":55,"56":56,"57":57,"58":58,"59":59,"60":60,"61":61,"62":62,"63":63,"64":64,"65":65,"66":66,"67":67,"68":68,"69":69,"70":70,"71":71,"72":72,"73":73,"74":74,"75":75,"76":76,"77":77,"78":78,"79":79,"80":80,"81":81,"82":82,"83":83,"84":84,"85":85,"86":86,"87":87,"88":88,"89":89,"90":90,"91":91,"92":92,"93":93,"94":94,"95":95,"96":96,"97":97,"98":98,"99":99},"mean":{"0":0.0200622512,"1":0.0245758808,"2":0.03975751,"3":0.0342012412,"4":0.0241359257,"5":0.0207275665,"6":0.0242000951,"7":0.0248550541,"8":0.035193632,"9":0.0298103359,"10":0.023501676,"11":0.0200872885,"12":0.0385804805,"13":0.0330590142,"14":0.0265470727,"15":0.0223628003,"16":0.0358165701,"17":0.0334178408,"18":0.032712602,"19":0.0179067221,"20":0.0362237857,"21":0.0407228536,"22":0.0322530899,"23":0.032972561,"24":0.0189641515,"25":0.0338491334,"26":0.0268581692,"27":0.0297611223,"28":0.0339771145,"29":0.0254593243,"30":0.0273788683,"31":0.0313128399,"32":0.0371002389,"33":0.0365369946,"34":0.0266182555,"35":0.0329027242,"36":0.0300053027,"37":0.0244004809,"38":0.0349364413,"39":0.0229729993,"40":0.042242133,"41":0.0316059457,"42":0.020482666,"43":0.0215282904,"44":0.0256430004,"45":0.035168012,"46":0.032616516,"47":0.0357892752,"48":0.0272196283,"49":0.0195415815,"50":0.0291907522,"51":0.0248765387,"52":0.0233368956,"53":0.0363593135,"54":0.0342138145,"55":0.0385879411,"56":0.0324646963,"57":0.0335279935,"58":0.0246680942,"59":0.0154138257,"60":0.0246618688,"61":0.0255779823,"62":0.0316985415,"63":0.028224508,"64":0.0378482474,"65":0.0395672798,"66":0.0304115713,"67":0.0243987828,"68":0.0221872313,"69":0.0374649167,"70":0.0332932538,"71":0.0342482461,"72":0.0280545652,"73":0.0230345991,"74":0.0188841919,"75":0.0385907624,"76":0.0445559853,"77":0.036226107,"78":0.0361535913,"79":0.0488148034,"80":0.0291908946,"81":0.0253292074,"82":0.0291992492,"83":0.0207602903,"84":0.0192473564,"85":0.0324692527,"86":0.019523912,"87":0.0359551046,"88":0.0444343024,"89":0.0334044562,"90":0.0540820592,"91":0.0341306792,"92":0.0233680473,"93":0.0530426264,"94":0.0561011434,"95":0.027648141,"96":0.0461214185,"97":0.0240376724,"98":0.0221149623,"99":0.0571070777},"median":{"0":0.0203438792,"1":0.0251293611,"2":0.0387997665,"3":0.0352523066,"4":0.0223631151,"5":0.0210929122,"6":0.0234183446,"7":0.0234843437,"8":0.0362973437,"9":0.0293598901,"10":0.0240369346,"11":0.01809939,"12":0.0381975584,"13":0.0346055254,"14":0.0265460964,"15":0.0223163553,"16":0.0365421884,"17":0.0319774784,"18":0.0317603052,"19":0.018175099,"20":0.0363160558,"21":0.0428888313,"22":0.0324978977,"23":0.0339004174,"24":0.0180346351,"25":0.0332933776,"26":0.0265420172,"27":0.0300846342,"28":0.0340990536,"29":0.0249671936,"30":0.0258188099,"31":0.0297527164,"32":0.0352341123,"33":0.0367351025,"34":0.0258369818,"35":0.0332862996,"36":0.0307004526,"37":0.0237334799,"38":0.033863008,"39":0.0216954723,"40":0.0424007364,"41":0.0317957923,"42":0.0181679148,"43":0.021952549,"44":0.0260612182,"45":0.036100395,"46":0.0323478207,"47":0.0354730263,"48":0.0252540857,"49":0.0194205828,"50":0.0299548227,"51":0.0246399716,"52":0.0245630108,"53":0.0361060165,"54":0.0339588076,"55":0.0430687666,"56":0.0329752527,"57":0.03483776,"58":0.0248409249,"59":0.015572967,"60":0.0248625558,"61":0.0260516331,"62":0.0327167772,"63":0.0261336118,"64":0.0400595963,"65":0.0392952636,"66":0.0320138447,"67":0.0237385444,"68":0.021640813,"69":0.0376578197,"70":0.032053791,"71":0.0273690335,"72":0.0268724747,"73":0.0233643074,"74":0.0188923124,"75":0.0383740924,"76":0.0440829806,"77":0.0352076031,"78":0.0354351252,"79":0.0492309183,"80":0.0286874846,"81":0.0252520237,"82":0.0295927264,"83":0.0204760171,"84":0.0185325313,"85":0.0357917361,"86":0.0199071262,"87":0.0333514474,"88":0.0437043756,"89":0.0335878767,"90":0.0547265224,"91":0.0338615887,"92":0.0203202292,"93":0.0542455912,"94":0.0562902354,"95":0.0277111921,"96":0.0463671125,"97":0.0214950051,"98":0.0234883875,"99":0.0596346147}}