{"cid":{"0":1,"1":1,"2":1,"3":1,"4":1,"5":1,"6":1,"7":1,"8":1,"9":1,"10":1,"11":1,"12":1,"13":1,"14":1,"15":1,"16":1,"17":1,"18":1,"19":1,"20":1,"21":1,"22":1,"23":1,"24":1,"25":1,"26":1,"27":1,"28":1,"29":1,"30":1,"31":1,"32":1,"33":1,"34":1,"35":1,"36":1,"37":1,"38":1,"39":1,"40":1,"41":1,"42":1,"43":1,"44":1,"45":1,"46":1,"47":1,"48":1,"49":1,"50":1,"51":1,"52":1,"53":1,"54":1,"55":1,"56":1,"57":1,"58":1,"59":1,"60":2,"61":2,"62":2,"63":2,"64":2,"65":2,"66":2,"67":2,"68":2,"69":2,"70":2,"71":2,"72":2,"73":2,"74":2,"75":2,"76":2,"77":2,"78":2,"79":2,"80":2,"81":2,"82":2,"83":2,"84":2,"85":2,"86":2,"87":2,"88":2,"89":2,"90":2,"91":2,"92":2,"93":2,"94":2,"95":2,"96":2,"97":2,"98":2,"99":2},"oid":{"0":0,"1":1,"2":2,"3":3,"4":4,"5":5,"6":6,"7":7,"8":8,"9":9,"10":10,"11":11,"12":12,"13":13,"14":14,"15":15,"16":16,"17":17,"18":18,"19":19,"20":20,"21":21,"22":22,"23":23,"24":24,"25":25,"26":26,"27":27,"28":28,"29":29,"30":30,"31":31,"32":32,"33":33,"34":34,"35":35,"36":36,"37":37,"38":38,"39":39,"40":40,"41":41,"42":42,"43":43,"44":44,"45":45,"46":46,"47":47,"48":48,"49":49,"50":50,"51":51,"52":52,"53":53,"54":54,"55":55,"56":56,"57":57,"58":58,"59":59,"60":60,"61":61,"62":62,"63":63,"64":64,"65":65,"66":66,"67":67,"68":68,"69":69,"70":70,"71":71,"72":72,"73":73,"74":74,"75":75,"76":76,"77":77,"78":78,"79":79,"80":80,"81":81,"82":82,"83":83,"84":84,"85":85,"86":86,"87":87,"88":88,"89":89,"90":90,"91":91,"92":92,"93":93,"94":94,"95":95,"96":96,"97":97,"98":98,"99":99},"mean":{"0":0.0190419919,"1":0.0293008222,"2":0.0284502639,"3":0.02551702,"4":0.0231840958,"5":0.0202601122,"6":0.0302902559,"7":0.0287047923,"8":0.0320019391,"9":0.0369311935,"10":0.0254729986,"11":0.0182016922,"12":0.0261173563,"13":0.0344211227,"14":0.0367889868,"15":0.0250678845,"16":0.0311892629,"17":0.0361997518,"18":0.0214511785,"19":0.0307503707,"20":0.0293760035,"21":0.0355441405,"22":0.0178119673,"23":0.0329853098,"24":0.0197342965,"25":0.0287614796,"26":0.0283532937,"27":0.0299389561,"28":0.0381524497,"29":0.0499736667,"30":0.036989551,"31":0.0392024053,"32":0.0277166648,"33":0.02800304,"34":0.0247431033,"35":0.0252931747,"36":0.0265104969,"37":0.0286581881,"38":0.0325531363,"39":0.026826279,"40":0.0229087306,"41":0.0491917762,"42":0.0386149618,"43":0.019713223,"44":0.0290916432,"45":0.0198887289,"46":0.0225537883,"47":0.0344281137,"48":0.0211109089,"49":0.0160945968,"50":0.0269950314,"51":0.0184216425,"52":0.0181772146,"53":0.0266773933,"54":0.0297964811,"55":0.0244702068,"56":0.018474352,"57":0.0303681195,"58":0.0245172928,"59":0.0322546032,"60":0.026067545,"61":0.02668517,"62":0.051019046,"63":0.0308970875,"64":0.0346441964,"65":0.0560230851,"66":0.0331447787,"67":0.03223598,"68":0.0289590392,"69":0.0445660485,"70":0.0417534444,"71":0.0420372188,"72":0.0327622493,"73":0.0277479953,"74":0.0365345544,"75":0.0285510818,"76":0.028029359,"77":0.040208939,"78":0.0332457622,"79":0.0281572011,"80":0.0294600129,"81":0.0227188104,"82":0.026396917,"83":0.0201919213,"84":0.015034967,"85":0.0323808226,"86":0.0231994457,"87":0.0289556649,"88":0.0328742597,"89":0.0303988987,"90":0.0304828717,"91":0.0248881396,"92":0.0209875272,"93":0.03625862,"94":0.0413697627,"95":0.0300320817,"96":0.0293238461,"97":0.0295289026,"98":0.038787175,"99":0.0293079946},"median":{"0":0.0179783795,"1":0.029475728,"2":0.0270843022,"3":0.0250134636,"4":0.0239095967,"5":0.0187527779,"6":0.0301421713,"7":0.0287412498,"8":0.0305603947,"9":0.0359170251,"10":0.0236213002,"11":0.0185152851,"12":0.0257601198,"13":0.0360816717,"14":0.0344385877,"15":0.0239265785,"16":0.0296387821,"17":0.0352483504,"18":0.0211746972,"19":0.0321647413,"20":0.0277286451,"21":0.0337105468,"22":0.0178378224,"23":0.0353248417,"24":0.0183631368,"25":0.0283820461,"26":0.0270675737,"27":0.0295115896,"28":0.0343408696,"29":0.0484124422,"30":0.037832655,"31":0.0386495776,"32":0.0273717195,"33":0.0289713703,"34":0.0243088696,"35":0.0265083965,"36":0.0284795407,"37":0.0283474792,"38":0.0317162238,"39":0.0268469211,"40":0.0222727209,"41":0.0491277277,"42":0.0383615717,"43":0.0192932505,"44":0.0304972958,"45":0.0192963984,"46":0.0218174141,"47":0.0341264307,"48":0.0216868911,"49":0.015287579,"50":0.0261923168,"51":0.0174293742,"52":0.0177653786,"53":0.0261122435,"54":0.0312025417,"55":0.0252845865,"56":0.0179379061,"57":0.0296632499,"58":0.0227083564,"59":0.0299098901,"60":0.025433965,"61":0.0264525712,"62":0.0480019376,"63":0.029354088,"64":0.0357896388,"65":0.0563864186,"66":0.0325500891,"67":0.0322697684,"68":0.0286549348,"69":0.0448895693,"70":0.0406536981,"71":0.0408559293,"72":0.0318248197,"73":0.0263612941,"74":0.0374698043,"75":0.0280194003,"76":0.0269972943,"77":0.0392242,"78":0.0332115181,"79":0.0282287616,"80":0.0310525913,"81":0.0234735887,"82":0.0266251899,"83":0.0197905451,"84":0.0158231612,"85":0.0319936834,"86":0.0223323666,"87":0.0267184209,"88":0.0341625288,"89":0.0298052263,"90":0.0299589485,"91":0.0253088977,"92":0.0200204384,"93":0.0375610366,"94":0.0408946723,"95":0.0288081728,"96":0.0289477967,"97":0.0273498483,"98":0.0401836075,"99":0.0302453656}}