{"cid":{"0":1,"1":1,"2":1,"3":1,"4":1,"5":1,"6":1,"7":1,"8":1,"9":1,"10":1,"11":1,"12":1,"13":1,"14":1,"15":1,"16":1,"17":1,"18":1,"19":1,"20":1,"21":1,"22":1,"23":1,"24":1,"25":1,"26":1,"27":1,"28":1,"29":1,"30":1,"31":1,"32":1,"33":1,"34":1,"35":1,"36":1,"37":1,"38":1,"39":1,"40":1,"41":1,"42":1,"43":1,"44":1,"45":1,"46":1,"47":1,"48":1,"49":1,"50":1,"51":1,"52":1,"53":1,"54":1,"55":1,"56":1,"57":1,"58":1,"59":1,"60":2,"61":2,"62":2,"63":2,"64":2,"65":2,"66":2,"67":2,"68":2,"69":2,"70":2,"71":2,"72":2,"73":2,"74":2,"75":2,"76":2,"77":2,"78":2,"79":2,"80":2,"81":2,"82":2,"83":2,"84":2,"85":2,"86":2,"87":2,"88":2,"89":2,"90":2,"91":2,"92":2,"93":2,"94":2,"95":2,"96":2,"97":2,"98":2,"99":2},"oid":{"0":0,"1":1,"2":2,"3":3,"4":4,"5":5,"6":6,"7":7,"8":8,"9":9,"10":10,"11":11,"12":12,"13":13,"14":14,"15":15,"16":16,"17":17,"18":18,"19":19,"20":20,"21":21,"22":22,"23":23,"24":24,"25":25,"26":26,"27":27,"28":28,"29":29,"30":30,"31":31,"32":32,"33":33,"34":34,"35":35,"36":36,"37":37,"38":38,"39":39,"40":40,"41":41,"42":42,"43":43,"44":44,"45":45,"46":46,"47":47,"48":48,"49":49,"50":50,"51":51,"52":52,"53":53,"54":54,"55":55,"56":56,"57":57,"58":58,"59":59,"60":60,"61":61,"62":62,"63":63,"64":64,"65":65,"66":66,"67":67,"68":68,"69":69,"70":70,"71":71,"72":72,"73":73,"74":74,"75":75,"76":76,"77":77,"78":78,"79":79,"80":80,"81":81,"82":82,"83":83,"84":84,"85":85,"86":86,"87":87,"88":88,"89":89,"90":90,"91":91,"92":92,"93":93,"94":94,"95":95,"96":96,"97":97,"98":98,"99":99},"mean":{"0":0.0266354084,"1":0.0534516838,"2":0.0319678717,"3":0.0305041009,"4":0.0446077055,"5":0.0332467092,"6":0.0374625226,"7":0.0360482931,"8":0.0332445171,"9":0.0391537084,"10":0.0360854566,"11":0.0222584075,"12":0.0470372174,"13":0.0311329497,"14":0.043485456,"15":0.0490761884,"16":0.0403047833,"17":0.0309763021,"18":0.0312965247,"19":0.0342000193,"20":0.0403471887,"21":0.0534773072,"22":0.0332445999,"23":0.0537672374,"24":0.0292986168,"25":0.0416642692,"26":0.0281371143,"27":0.0268814183,"28":0.0674166083,"29":0.0310471025,"30":0.0373108648,"31":0.0270832148,"32":0.0403189593,"33":0.0470926225,"34":0.0289831493,"35":0.0303657916,"36":0.0367465417,"37":0.0498483347,"38":0.0408002635,"39":0.025687072,"40":0.0314549771,"41":0.0374365648,"42":0.0258366002,"43":0.0391801596,"44":0.0360331312,"45":0.0400220719,"46":0.0497031808,"47":0.0393166542,"48":0.0309682157,"49":0.0311814149,"50":0.0436864694,"51":0.0569048524,"52":0.024897274,"53":0.0352455907,"54":0.0401961671,"55":0.0443235934,"56":0.0359371669,"57":0.0410889586,"58":0.0346424315,"59":0.0320609212,"60":0.0257236593,"61":0.0350371202,"62":0.0347049667,"63":0.0453927219,"64":0.0590511296,"65":0.0599423468,"66":0.0304500494,"67":0.0415150791,"68":0.031620178,"69":0.0492574705,"70":0.0299330685,"71":0.0560940372,"72":0.0522954828,"73":0.0286261605,"74":0.0433849295,"75":0.0426670512,"76":0.0390539169,"77":0.0584780243,"78":0.0637206369,"79":0.0540300475,"80":0.0623281399,"81":0.0252147052,"82":0.0379391842,"83":0.0204506442,"84":0.0318262776,"85":0.0344234837,"86":0.0299081968,"87":0.0318516923,"88":0.0447637869,"89":0.0392016437,"90":0.0363258355,"91":0.0348079569,"92":0.0359466672,"93":0.0926032901,"94":0.0695105526,"95":0.0406442152,"96":0.0636493895,"97":0.0433897111,"98":0.0368536413,"99":0.033248206},"median":{"0":0.0251841862,"1":0.0520571731,"2":0.0325580798,"3":0.0304824952,"4":0.0466140658,"5":0.0303228423,"6":0.0389026739,"7":0.0340532772,"8":0.0321975797,"9":0.040182393,"10":0.034965802,"11":0.0211470127,"12":0.0468043499,"13":0.0314576104,"14":0.0443206951,"15":0.0498308241,"16":0.0378930308,"17":0.0304348953,"18":0.0314095989,"19":0.0342907161,"20":0.0393480957,"21":0.0531834811,"22":0.0304915588,"23":0.0547775216,"24":0.0279627256,"25":0.0415116884,"26":0.030747585,"27":0.0273510721,"28":0.0681011528,"29":0.0305865128,"30":0.037745852,"31":0.0252157338,"32":0.0392804444,"33":0.048949793,"34":0.0283833798,"35":0.0286658444,"36":0.0368982181,"37":0.050738886,"38":0.0409266241,"39":0.0248169806,"40":0.0345426165,"41":0.0372815579,"42":0.0252179261,"43":0.0377036147,"44":0.0364715457,"45":0.0402467288,"46":0.0506809764,"47":0.0394547805,"48":0.0282903668,"49":0.030381307,"50":0.045092579,"51":0.0572661236,"52":0.0252105128,"53":0.0346083604,"54":0.0396226533,"55":0.0427737795,"56":0.0358778909,"57":0.0399001949,"58":0.0347809047,"59":0.0319010876,"60":0.025929179,"61":0.0352819674,"62":0.0326295421,"63":0.0432911813,"64":0.0603350252,"65":0.0606315508,"66":0.0300512686,"67":0.0418688655,"68":0.0319067687,"69":0.0468479283,"70":0.0274473485,"71":0.0465439595,"72":0.0502707474,"73":0.0319753736,"74":0.0429490954,"75":0.0426142812,"76":0.0378262922,"77":0.0590235665,"78":0.0660093725,"79":0.0539416634,"80":0.0613079481,"81":0.0245017018,"82":0.0389765166,"83":0.0200650096,"84":0.0306547638,"85":0.0372290835,"86":0.0269655287,"87":0.031662479,"88":0.0415818505,"89":0.0384584852,"90":0.0363881737,"91":0.034284845,"92":0.0339090265,"93":0.095446676,"94":0.0670976862,"95":0.0412662923,"96":0.0634810477,"97":0.0390684865,"98":0.0358696021,"99":0.0341913626}}