{"cid":{"0":1,"1":1,"2":1,"3":1,"4":1,"5":1,"6":1,"7":1,"8":1,"9":1,"10":1,"11":1,"12":1,"13":1,"14":1,"15":1,"16":1,"17":1,"18":1,"19":1,"20":1,"21":1,"22":1,"23":1,"24":1,"25":1,"26":1,"27":1,"28":1,"29":1,"30":1,"31":1,"32":1,"33":1,"34":1,"35":1,"36":1,"37":1,"38":1,"39":1,"40":1,"41":1,"42":1,"43":1,"44":1,"45":1,"46":1,"47":1,"48":1,"49":1,"50":1,"51":1,"52":1,"53":1,"54":1,"55":1,"56":1,"57":1,"58":1,"59":1,"60":2,"61":2,"62":2,"63":2,"64":2,"65":2,"66":2,"67":2,"68":2,"69":2,"70":2,"71":2,"72":2,"73":2,"74":2,"75":2,"76":2,"77":2,"78":2,"79":2,"80":2,"81":2,"82":2,"83":2,"84":2,"85":2,"86":2,"87":2,"88":2,"89":2,"90":2,"91":2,"92":2,"93":2,"94":2,"95":2,"96":2,"97":2,"98":2,"99":2},"oid":{"0":0,"1":1,"2":2,"3":3,"4":4,"5":5,"6":6,"7":7,"8":8,"9":9,"10":10,"11":11,"12":12,"13":13,"14":14,"15":15,"16":16,"17":17,"18":18,"19":19,"20":20,"21":21,"22":22,"23":23,"24":24,"25":25,"26":26,"27":27,"28":28,"29":29,"30":30,"31":31,"32":32,"33":33,"34":34,"35":35,"36":36,"37":37,"38":38,"39":39,"40":40,"41":41,"42":42,"43":43,"44":44,"45":45,"46":46,"47":47,"48":48,"49":49,"50":50,"51":51,"52":52,"53":53,"54":54,"55":55,"56":56,"57":57,"58":58,"59":59,"60":60,"61":61,"62":62,"63":63,"64":64,"65":65,"66":66,"67":67,"68":68,"69":69,"70":70,"71":71,"72":72,"73":73,"74":74,"75":75,"76":76,"77":77,"78":78,"79":79,"80":80,"81":81,"82":82,"83":83,"84":84,"85":85,"86":86,"87":87,"88":88,"89":89,"90":90,"91":91,"92":92,"93":93,"94":94,"95":95,"96":96,"97":97,"98":98,"99":99},"mean":{"0":0.046326177,"1":0.0426090757,"2":0.0576796995,"3":0.042657584,"4":0.0280430747,"5":0.0434272488,"6":0.0337474147,"7":0.0422085325,"8":0.036449141,"9":0.0485413969,"10":0.0343619221,"11":0.0230856074,"12":0.0251881182,"13":0.0501124826,"14":0.0484458208,"15":0.0454535596,"16":0.0416468448,"17":0.0392271015,"18":0.0349703431,"19":0.0306734376,"20":0.0338260267,"21":0.060123735,"22":0.0303582218,"23":0.0421297418,"24":0.0318341321,"25":0.0311973658,"26":0.0341395338,"27":0.033292075,"28":0.0532683134,"29":0.024174028,"30":0.0360868461,"31":0.0364881323,"32":0.0645235976,"33":0.031404978,"34":0.0339142283,"35":0.0455771254,"36":0.0402241713,"37":0.0415216982,"38":0.0420752499,"39":0.0243920452,"40":0.0394420856,"41":0.0543231302,"42":0.0297389792,"43":0.0276448677,"44":0.0385599509,"45":0.0419323776,"46":0.0317816138,"47":0.0234590501,"48":0.0344281726,"49":0.0446589788,"50":0.0262120763,"51":0.0353542715,"52":0.0311220321,"53":0.028060178,"54":0.0522995989,"55":0.0395043393,"56":0.0303501023,"57":0.0553886427,"58":0.0224392745,"59":0.0470120112,"60":0.0524297489,"61":0.0298303001,"62":0.0569752852,"63":0.0503171186,"64":0.0212926467,"65":0.0606828094,"66":0.0391918884,"67":0.0399294198,"68":0.0353977382,"69":0.0476157367,"70":0.0390024781,"71":0.0593143238,"72":0.0543864999,"73":0.0367334949,"74":0.0382402175,"75":0.0496959322,"76":0.0560904344,"77":0.0518976185,"78":0.0511045588,"79":0.0480587814,"80":0.031637864,"81":0.033019046,"82":0.0347814427,"83":0.0309943408,"84":0.0359475878,"85":0.0331292616,"86":0.0299434132,"87":0.0521673428,"88":0.0493961705,"89":0.0318473213,"90":0.0649075707,"91":0.042277909,"92":0.041302979,"93":0.0574867785,"94":0.049421178,"95":0.0302375323,"96":0.0797835721,"97":0.0314159393,"98":0.0348183587,"99":0.0603979561},"median":{"0":0.0451007113,"1":0.041745536,"2":0.0572002754,"3":0.0423421264,"4":0.0267336611,"5":0.0447817445,"6":0.0328409784,"7":0.0411108546,"8":0.0340605639,"9":0.0467948541,"10":0.0357408114,"11":0.0230174791,"12":0.025476709,"13":0.0539953932,"14":0.0494291522,"15":0.0437724367,"16":0.0429258421,"17":0.0381023027,"18":0.0343792699,"19":0.0300984606,"20":0.0335693024,"21":0.0552068055,"22":0.0308792647,"23":0.0415294804,"24":0.0328047946,"25":0.0314399712,"26":0.0346347392,"27":0.0346956588,"28":0.0536470003,"29":0.0251967404,"30":0.0369333588,"31":0.0341571867,"32":0.0604299307,"33":0.0275755823,"34":0.0365755446,"35":0.0454668552,"36":0.0431968831,"37":0.0425058454,"38":0.0418003239,"39":0.0221734699,"40":0.0379728787,"41":0.0538288467,"42":0.0287477374,"43":0.0268639363,"44":0.0375548452,"45":0.0404265411,"46":0.0309274755,"47":0.0235179625,"48":0.0345373712,"49":0.0435221791,"50":0.0275703855,"51":0.0352424271,"52":0.0312799998,"53":0.0287069492,"54":0.0506774634,"55":0.041087538,"56":0.0285800509,"57":0.0550239012,"58":0.0227610841,"59":0.0468858257,"60":0.0517098755,"61":0.0286817327,"62":0.0576538518,"63":0.0520856902,"64":0.0219927039,"65":0.0619378351,"66":0.0411939584,"67":0.0363160819,"68":0.0348276161,"69":0.0469596051,"70":0.0385394208,"71":0.0612567849,"72":0.0529352352,"73":0.0377161764,"74":0.0368610099,"75":0.0526554957,"76":0.0561256893,"77":0.0522366315,"78":0.0498675145,"79":0.0500990674,"80":0.0323150605,"81":0.0327392556,"82":0.0347467549,"83":0.0305128619,"84":0.0363418907,"85":0.0321205966,"86":0.0284613725,"87":0.0500316769,"88":0.0503814965,"89":0.0314798988,"90":0.0659003407,"91":0.0405035466,"92":0.0385181345,"93":0.0582847968,"94":0.0455581807,"95":0.0320831537,"96":0.0884141847,"97":0.0277552214,"98":0.0360777155,"99":0.0586464554}}