{"cid":{"0":1,"1":1,"2":1,"3":1,"4":1,"5":1,"6":1,"7":1,"8":1,"9":1,"10":1,"11":1,"12":1,"13":1,"14":1,"15":1,"16":1,"17":1,"18":1,"19":1,"20":1,"21":1,"22":1,"23":1,"24":1,"25":1,"26":1,"27":1,"28":1,"29":1,"30":1,"31":1,"32":1,"33":1,"34":1,"35":1,"36":1,"37":1,"38":1,"39":1,"40":1,"41":1,"42":1,"43":1,"44":1,"45":1,"46":1,"47":1,"48":1,"49":1,"50":1,"51":1,"52":1,"53":1,"54":1,"55":1,"56":1,"57":1,"58":1,"59":1,"60":2,"61":2,"62":2,"63":2,"64":2,"65":2,"66":2,"67":2,"68":2,"69":2,"70":2,"71":2,"72":2,"73":2,"74":2,"75":2,"76":2,"77":2,"78":2,"79":2,"80":2,"81":2,"82":2,"83":2,"84":2,"85":2,"86":2,"87":2,"88":2,"89":2,"90":2,"91":2,"92":2,"93":2,"94":2,"95":2,"96":2,"97":2,"98":2,"99":2},"oid":{"0":0,"1":1,"2":2,"3":3,"4":4,"5":5,"6":6,"7":7,"8":8,"9":9,"10":10,"11":11,"12":12,"13":13,"14":14,"15":15,"16":16,"17":17,"18":18,"19":19,"20":20,"21":21,"22":22,"23":23,"24":24,"25":25,"26":26,"27":27,"28":28,"29":29,"30":30,"31":31,"32":32,"33":33,"34":34,"35":35,"36":36,"37":37,"38":38,"39":39,"40":40,"41":41,"42":42,"43":43,"44":44,"45":45,"46":46,"47":47,"48":48,"49":49,"50":50,"51":51,"52":52,"53":53,"54":54,"55":55,"56":56,"57":57,"58":58,"59":59,"60":60,"61":61,"62":62,"63":63,"64":64,"65":65,"66":66,"67":67,"68":68,"69":69,"70":70,"71":71,"72":72,"73":73,"74":74,"75":75,"76":76,"77":77,"78":78,"79":79,"80":80,"81":81,"82":82,"83":83,"84":84,"85":85,"86":86,"87":87,"88":88,"89":89,"90":90,"91":91,"92":92,"93":93,"94":94,"95":95,"96":96,"97":97,"98":98,"99":99},"mean":{"0":0.0448252228,"1":0.038746953,"2":0.0630622639,"3":0.0340325865,"4":0.0372187561,"5":0.0326855911,"6":0.0364667906,"7":0.0594591498,"8":0.0311887132,"9":0.0476532578,"10":0.0297997263,"11":0.0311903556,"12":0.0245190495,"13":0.0593132112,"14":0.0530608594,"15":0.0418097153,"16":0.0321550932,"17":0.0327571465,"18":0.0246967557,"19":0.0456548962,"20":0.0448848837,"21":0.0435325702,"22":0.0315958824,"23":0.0396106442,"24":0.024100999,"25":0.0339556403,"26":0.0278526015,"27":0.0247271342,"28":0.0296553638,"29":0.0330734054,"30":0.0405028835,"31":0.0279256536,"32":0.0351916187,"33":0.0346309036,"34":0.035021464,"35":0.043125338,"36":0.0300094253,"37":0.0240236852,"38":0.0240249617,"39":0.0214868089,"40":0.0463208026,"41":0.0430285699,"42":0.0331578387,"43":0.0366684265,"44":0.0283478536,"45":0.0331895418,"46":0.0446948012,"47":0.0275849074,"48":0.0372055405,"49":0.0188555916,"50":0.042220523,"51":0.0342646912,"52":0.0299655596,"53":0.0334554447,"54":0.0345184306,"55":0.0220914135,"56":0.0271010366,"57":0.0620481637,"58":0.0314091047,"59":0.0284860995,"60":0.044948515,"61":0.059245944,"62":0.0512754586,"63":0.0475258595,"64":0.0609534714,"65":0.0555493295,"66":0.0454861389,"67":0.0252454758,"68":0.02973785,"69":0.0425012774,"70":0.0362229248,"71":0.0590677526,"72":0.0358623299,"73":0.0343041751,"74":0.030916565,"75":0.0282598303,"76":0.0462615589,"77":0.040370461,"78":0.0512323644,"79":0.0519032545,"80":0.0726628767,"81":0.0325916873,"82":0.0394746065,"83":0.01726522,"84":0.0235133717,"85":0.0354365806,"86":0.0309878124,"87":0.0431487097,"88":0.050675369,"89":0.0396573676,"90":0.0884745121,"91":0.0365540716,"92":0.0372484227,"93":0.0804672003,"94":0.0653312869,"95":0.0261413389,"96":0.0628002816,"97":0.0279122326,"98":0.0306045096,"99":0.048477451},"median":{"0":0.0415129177,"1":0.0395531617,"2":0.0606261939,"3":0.0299214125,"4":0.0358878747,"5":0.0327049904,"6":0.0361151807,"7":0.0586104356,"8":0.031435091,"9":0.0490721539,"10":0.028796263,"11":0.0319315456,"12":0.0240114909,"13":0.0597337075,"14":0.0560462661,"15":0.0386123359,"16":0.0313327722,"17":0.0313237123,"18":0.0252080914,"19":0.0444778278,"20":0.04552361,"21":0.0424022563,"22":0.0295410976,"23":0.0409964807,"24":0.0225164611,"25":0.0315796137,"26":0.026446959,"27":0.0245780889,"28":0.0276248753,"29":0.0346808247,"30":0.0380519405,"31":0.0265730266,"32":0.0331990793,"33":0.0296766609,"34":0.0335859768,"35":0.0393121168,"36":0.0295872688,"37":0.0227026455,"38":0.0238545891,"39":0.0195092261,"40":0.0484883934,"41":0.0401600823,"42":0.0309280381,"43":0.0368220285,"44":0.0272973944,"45":0.0335328765,"46":0.0440679304,"47":0.0253888611,"48":0.0367248841,"49":0.0192918051,"50":0.0406608842,"51":0.0341591388,"52":0.0309121981,"53":0.0331650265,"54":0.0335081443,"55":0.0225802064,"56":0.0254276022,"57":0.0607757308,"58":0.0294011682,"59":0.0294684879,"60":0.0434815064,"61":0.0558175668,"62":0.0524041392,"63":0.0478207842,"64":0.0606266633,"65":0.0557110235,"66":0.0448462181,"67":0.0252943579,"68":0.0287314057,"69":0.0399911515,"70":0.0356207751,"71":0.0595235042,"72":0.0361345373,"73":0.0318665877,"74":0.0301043112,"75":0.0273794066,"76":0.0477952547,"77":0.0424345024,"78":0.0502158292,"79":0.0519313514,"80":0.0764475018,"81":0.0303760339,"82":0.0401888601,"83":0.0162156187,"84":0.023344893,"85":0.0370914117,"86":0.0301902108,"87":0.04279425,"88":0.0506266654,"89":0.0385960788,"90":0.0883099437,"91":0.0358021744,"92":0.0369414315,"93":0.0802520663,"94":0.0675858036,"95":0.024952393,"96":0.0581295267,"97":0.0234765597,"98":0.0317467712,"99":0.0483718961}}