{"cid":{"0":1,"1":1,"2":1,"3":1,"4":1,"5":1,"6":1,"7":1,"8":1,"9":1,"10":1,"11":1,"12":1,"13":1,"14":1,"15":1,"16":1,"17":1,"18":1,"19":1,"20":1,"21":1,"22":1,"23":1,"24":1,"25":1,"26":1,"27":1,"28":1,"29":1,"30":1,"31":1,"32":1,"33":1,"34":1,"35":1,"36":1,"37":1,"38":1,"39":1,"40":1,"41":1,"42":1,"43":1,"44":1,"45":1,"46":1,"47":1,"48":1,"49":1,"50":1,"51":1,"52":1,"53":1,"54":1,"55":1,"56":1,"57":1,"58":1,"59":1,"60":2,"61":2,"62":2,"63":2,"64":2,"65":2,"66":2,"67":2,"68":2,"69":2,"70":2,"71":2,"72":2,"73":2,"74":2,"75":2,"76":2,"77":2,"78":2,"79":2,"80":2,"81":2,"82":2,"83":2,"84":2,"85":2,"86":2,"87":2,"88":2,"89":2,"90":2,"91":2,"92":2,"93":2,"94":2,"95":2,"96":2,"97":2,"98":2,"99":2},"oid":{"0":0,"1":1,"2":2,"3":3,"4":4,"5":5,"6":6,"7":7,"8":8,"9":9,"10":10,"11":11,"12":12,"13":13,"14":14,"15":15,"16":16,"17":17,"18":18,"19":19,"20":20,"21":21,"22":22,"23":23,"24":24,"25":25,"26":26,"27":27,"28":28,"29":29,"30":30,"31":31,"32":32,"33":33,"34":34,"35":35,"36":36,"37":37,"38":38,"39":39,"40":40,"41":41,"42":42,"43":43,"44":44,"45":45,"46":46,"47":47,"48":48,"49":49,"50":50,"51":51,"52":52,"53":53,"54":54,"55":55,"56":56,"57":57,"58":58,"59":59,"60":60,"61":61,"62":62,"63":63,"64":64,"65":65,"66":66,"67":67,"68":68,"69":69,"70":70,"71":71,"72":72,"73":73,"74":74,"75":75,"76":76,"77":77,"78":78,"79":79,"80":80,"81":81,"82":82,"83":83,"84":84,"85":85,"86":86,"87":87,"88":88,"89":89,"90":90,"91":91,"92":92,"93":93,"94":94,"95":95,"96":96,"97":97,"98":98,"99":99},"mean":{"0":0.0363662806,"1":0.0329668754,"2":0.0489971903,"3":0.0359338555,"4":0.0303190748,"5":0.027366269,"6":0.0367951824,"7":0.0434003075,"8":0.0418216387,"9":0.0489504006,"10":0.0311803553,"11":0.0300614966,"12":0.0396409432,"13":0.0473528836,"14":0.0445612503,"15":0.0384536758,"16":0.0358085036,"17":0.0465500686,"18":0.0267202937,"19":0.027588745,"20":0.0356489486,"21":0.0504902071,"22":0.0442836616,"23":0.0395067996,"24":0.0240682645,"25":0.0319739812,"26":0.0442761249,"27":0.0411622193,"28":0.0368567705,"29":0.0284057293,"30":0.0444167182,"31":0.0295431713,"32":0.0319988562,"33":0.0439803302,"34":0.0276692708,"35":0.033234785,"36":0.0311568413,"37":0.0386144718,"38":0.0439415375,"39":0.029569712,"40":0.0381283959,"41":0.032370064,"42":0.0400775042,"43":0.0251526303,"44":0.0506721139,"45":0.0435208678,"46":0.0301746925,"47":0.0279714793,"48":0.0203450571,"49":0.0258166326,"50":0.0291872554,"51":0.0356125981,"52":0.0312255489,"53":0.028747052,"54":0.0302571323,"55":0.0361710522,"56":0.0298765235,"57":0.0385061834,"58":0.0295882324,"59":0.0344188346,"60":0.0308261447,"61":0.0306400226,"62":0.0371684763,"63":0.0312579241,"64":0.0441818039,"65":0.0986525774,"66":0.0484217273,"67":0.0309295535,"68":0.0310479568,"69":0.0510209468,"70":0.0494535731,"71":0.0711411503,"72":0.0392168992,"73":0.0272615817,"74":0.0307457911,"75":0.042899453,"76":0.0516062578,"77":0.0566372606,"78":0.0538612472,"79":0.0590543283,"80":0.0269819101,"81":0.0404975315,"82":0.0311914417,"83":0.022139214,"84":0.0289629565,"85":0.0252665877,"86":0.0241380615,"87":0.0543993976,"88":0.0392661227,"89":0.0365658535,"90":0.0430687202,"91":0.0394445194,"92":0.0390131937,"93":0.0700600982,"94":0.0595178935,"95":0.039089289,"96":0.0525937544,"97":0.0381534166,"98":0.0299766548,"99":0.0315382149},"median":{"0":0.0352744721,"1":0.0302165709,"2":0.0507815555,"3":0.0347880237,"4":0.0295312256,"5":0.0280930456,"6":0.0379620083,"7":0.0449371599,"8":0.0401717871,"9":0.047136765,"10":0.0319178849,"11":0.0297210235,"12":0.0354514681,"13":0.0465468243,"14":0.0440471061,"15":0.0376261175,"16":0.0348575935,"17":0.0452405401,"18":0.0246328227,"19":0.027811747,"20":0.0347842276,"21":0.0485469513,"22":0.0449502692,"23":0.0401063226,"24":0.0239938796,"25":0.0315094739,"26":0.0438736454,"27":0.0401726738,"28":0.0377673358,"29":0.0293982606,"30":0.0455819517,"31":0.0284093544,"32":0.0323350877,"33":0.0424815938,"34":0.0260376036,"35":0.034364108,"36":0.0319108516,"37":0.03835655,"38":0.0443258956,"39":0.0291025657,"40":0.0393210948,"41":0.0307072159,"42":0.0396237336,"43":0.0258677956,"44":0.0449553132,"45":0.0441348739,"46":0.0309080295,"47":0.0280820578,"48":0.0202835295,"49":0.0250748843,"50":0.0304199457,"51":0.0356724337,"52":0.030759234,"53":0.0285252053,"54":0.029252423,"55":0.0365042873,"56":0.0321433768,"57":0.0386719145,"58":0.0299616903,"59":0.0324161351,"60":0.0307455566,"61":0.0298519339,"62":0.0366937183,"63":0.0317830518,"64":0.0447398387,"65":0.0988385528,"66":0.0461542718,"67":0.0305664688,"68":0.0300378073,"69":0.0507609621,"70":0.0506369285,"71":0.0728291348,"72":0.0396721065,"73":0.0276651848,"74":0.031925045,"75":0.04331512,"76":0.0506770201,"77":0.051703237,"78":0.0529379025,"79":0.057980895,"80":0.0254795495,"81":0.0398596898,"82":0.0305911582,"83":0.0221775807,"84":0.0292561669,"85":0.0255026706,"86":0.02397497,"87":0.053033188,"88":0.0375342406,"89":0.037001051,"90":0.0432020873,"91":0.042652715,"92":0.0382280685,"93":0.0688362867,"94":0.0586378425,"95":0.0413439348,"96":0.0481017306,"97":0.0351156145,"98":0.028892478,"99":0.0333012268}}