{"cid":{"0":1,"1":1,"2":1,"3":1,"4":1,"5":1,"6":1,"7":1,"8":1,"9":1,"10":1,"11":1,"12":1,"13":1,"14":1,"15":1,"16":1,"17":1,"18":1,"19":1,"20":1,"21":1,"22":1,"23":1,"24":1,"25":1,"26":1,"27":1,"28":1,"29":1,"30":1,"31":1,"32":1,"33":1,"34":1,"35":1,"36":1,"37":1,"38":1,"39":1,"40":1,"41":1,"42":1,"43":1,"44":1,"45":1,"46":1,"47":1,"48":1,"49":1,"50":1,"51":1,"52":1,"53":1,"54":1,"55":1,"56":1,"57":1,"58":1,"59":1,"60":2,"61":2,"62":2,"63":2,"64":2,"65":2,"66":2,"67":2,"68":2,"69":2,"70":2,"71":2,"72":2,"73":2,"74":2,"75":2,"76":2,"77":2,"78":2,"79":2,"80":2,"81":2,"82":2,"83":2,"84":2,"85":2,"86":2,"87":2,"88":2,"89":2,"90":2,"91":2,"92":2,"93":2,"94":2,"95":2,"96":2,"97":2,"98":2,"99":2},"oid":{"0":0,"1":1,"2":2,"3":3,"4":4,"5":5,"6":6,"7":7,"8":8,"9":9,"10":10,"11":11,"12":12,"13":13,"14":14,"15":15,"16":16,"17":17,"18":18,"19":19,"20":20,"21":21,"22":22,"23":23,"24":24,"25":25,"26":26,"27":27,"28":28,"29":29,"30":30,"31":31,"32":32,"33":33,"34":34,"35":35,"36":36,"37":37,"38":38,"39":39,"40":40,"41":41,"42":42,"43":43,"44":44,"45":45,"46":46,"47":47,"48":48,"49":49,"50":50,"51":51,"52":52,"53":53,"54":54,"55":55,"56":56,"57":57,"58":58,"59":59,"60":60,"61":61,"62":62,"63":63,"64":64,"65":65,"66":66,"67":67,"68":68,"69":69,"70":70,"71":71,"72":72,"73":73,"74":74,"75":75,"76":76,"77":77,"78":78,"79":79,"80":80,"81":81,"82":82,"83":83,"84":84,"85":85,"86":86,"87":87,"88":88,"89":89,"90":90,"91":91,"92":92,"93":93,"94":94,"95":95,"96":96,"97":97,"98":98,"99":99},"mean":{"0":0.0203176091,"1":0.0321347548,"2":0.0580390427,"3":0.039612386,"4":0.0252862175,"5":0.0265635053,"6":0.0478883518,"7":0.0311377843,"8":0.0280894902,"9":0.0420604679,"10":0.0276949406,"11":0.022226231,"12":0.0258111308,"13":0.0379972292,"14":0.0394668712,"15":0.0220564101,"16":0.0354881982,"17":0.0463625921,"18":0.029421601,"19":0.0364510814,"20":0.042923477,"21":0.0357082619,"22":0.0309131576,"23":0.0246550176,"24":0.0208501087,"25":0.0317483743,"26":0.0265241166,"27":0.025465861,"28":0.0264807095,"29":0.0371629794,"30":0.0333585814,"31":0.028029912,"32":0.0410684049,"33":0.031836772,"34":0.0362956425,"35":0.037491964,"36":0.0308440129,"37":0.0392537846,"38":0.0342668063,"39":0.0212808152,"40":0.0470575392,"41":0.0218722241,"42":0.0391804245,"43":0.0330740379,"44":0.0366991796,"45":0.0262321929,"46":0.0376760364,"47":0.0418991894,"48":0.0262943655,"49":0.0324030717,"50":0.0384370089,"51":0.0283955559,"52":0.023452431,"53":0.0361742973,"54":0.0374069545,"55":0.0261399514,"56":0.0188732412,"57":0.0525183876,"58":0.0285112957,"59":0.0234739466,"60":0.0275160008,"61":0.0383083291,"62":0.0513412323,"63":0.0322260724,"64":0.0373583039,"65":0.0818996549,"66":0.0422719154,"67":0.0267106682,"68":0.0368279219,"69":0.0598806209,"70":0.0429305335,"71":0.0725849403,"72":0.0540180471,"73":0.0241667446,"74":0.03702018,"75":0.0327395532,"76":0.0563313961,"77":0.0383735961,"78":0.0378331939,"79":0.0544437601,"80":0.0411290394,"81":0.0326224996,"82":0.0307669606,"83":0.0262442976,"84":0.0249452194,"85":0.0340980689,"86":0.0280423992,"87":0.0480223927,"88":0.0393603808,"89":0.0423130824,"90":0.0363295774,"91":0.0448591875,"92":0.037843393,"93":0.0807545304,"94":0.0603574514,"95":0.0330599017,"96":0.054357638,"97":0.0308532682,"98":0.0274948385,"99":0.0547523499},"median":{"0":0.0216295216,"1":0.0305086393,"2":0.0582871176,"3":0.0397954024,"4":0.0242910814,"5":0.0255040601,"6":0.0499521643,"7":0.0312420335,"8":0.0277169701,"9":0.0434269272,"10":0.0274681393,"11":0.0215320848,"12":0.0257630683,"13":0.0359941646,"14":0.0360763669,"15":0.0222894922,"16":0.0351814143,"17":0.0467780232,"18":0.0307495911,"19":0.0368635245,"20":0.0412390456,"21":0.0363283269,"22":0.0323336236,"23":0.024510093,"24":0.0194641184,"25":0.0293397997,"26":0.0255376156,"27":0.0239717849,"28":0.0238520615,"29":0.0377830267,"30":0.0326983556,"31":0.027405411,"32":0.0417737924,"33":0.0306979902,"34":0.0365194827,"35":0.0406245515,"36":0.030097384,"37":0.0387200303,"38":0.0352458619,"39":0.0194617286,"40":0.045935154,"41":0.0209632013,"42":0.0389670171,"43":0.0303195864,"44":0.0354844816,"45":0.0254390817,"46":0.0366727561,"47":0.0421138816,"48":0.0255065858,"49":0.0332658179,"50":0.0389522873,"51":0.0288618542,"52":0.0244310051,"53":0.0343429856,"54":0.0365786292,"55":0.0252066161,"56":0.0194864552,"57":0.0530631579,"58":0.0281770378,"59":0.0238786545,"60":0.0261213668,"61":0.0371305272,"62":0.0506110117,"63":0.0313137732,"64":0.037189886,"65":0.0826215521,"66":0.0427658074,"67":0.0243561976,"68":0.037665911,"69":0.0598760769,"70":0.0423961431,"71":0.0689856261,"72":0.0551382452,"73":0.023163164,"74":0.0369833745,"75":0.0316046439,"76":0.055009339,"77":0.0388452895,"78":0.0358602032,"79":0.0559622273,"80":0.0421400405,"81":0.033069171,"82":0.0308044888,"83":0.0256019346,"84":0.0256239455,"85":0.0342434868,"86":0.0280884653,"87":0.0469361916,"88":0.0400378145,"89":0.042618461,"90":0.037779443,"91":0.0449183844,"92":0.0348168686,"93":0.0820389315,"94":0.0597126968,"95":0.0334772803,"96":0.0544105396,"97":0.0305926073,"98":0.0267197229,"99":0.0566433147}}