{"cid":{"0":1,"1":1,"2":1,"3":1,"4":1,"5":1,"6":1,"7":1,"8":1,"9":1,"10":1,"11":1,"12":1,"13":1,"14":1,"15":1,"16":1,"17":1,"18":1,"19":1,"20":1,"21":1,"22":1,"23":1,"24":1,"25":1,"26":1,"27":1,"28":1,"29":1,"30":1,"31":1,"32":1,"33":1,"34":1,"35":1,"36":1,"37":1,"38":1,"39":1,"40":1,"41":1,"42":1,"43":1,"44":1,"45":1,"46":1,"47":1,"48":1,"49":1,"50":1,"51":1,"52":1,"53":1,"54":1,"55":1,"56":1,"57":1,"58":1,"59":1,"60":2,"61":2,"62":2,"63":2,"64":2,"65":2,"66":2,"67":2,"68":2,"69":2,"70":2,"71":2,"72":2,"73":2,"74":2,"75":2,"76":2,"77":2,"78":2,"79":2,"80":2,"81":2,"82":2,"83":2,"84":2,"85":2,"86":2,"87":2,"88":2,"89":2,"90":2,"91":2,"92":2,"93":2,"94":2,"95":2,"96":2,"97":2,"98":2,"99":2},"oid":{"0":0,"1":1,"2":2,"3":3,"4":4,"5":5,"6":6,"7":7,"8":8,"9":9,"10":10,"11":11,"12":12,"13":13,"14":14,"15":15,"16":16,"17":17,"18":18,"19":19,"20":20,"21":21,"22":22,"23":23,"24":24,"25":25,"26":26,"27":27,"28":28,"29":29,"30":30,"31":31,"32":32,"33":33,"34":34,"35":35,"36":36,"37":37,"38":38,"39":39,"40":40,"41":41,"42":42,"43":43,"44":44,"45":45,"46":46,"47":47,"48":48,"49":49,"50":50,"51":51,"52":52,"53":53,"54":54,"55":55,"56":56,"57":57,"58":58,"59":59,"60":60,"61":61,"62":62,"63":63,"64":64,"65":65,"66":66,"67":67,"68":68,"69":69,"70":70,"71":71,"72":72,"73":73,"74":74,"75":75,"76":76,"77":77,"78":78,"79":79,"80":80,"81":81,"82":82,"83":83,"84":84,"85":85,"86":86,"87":87,"88":88,"89":89,"90":90,"91":91,"92":92,"93":93,"94":94,"95":95,"96":96,"97":97,"98":98,"99":99},"mean":{"0":0.0216282341,"1":0.0427476896,"2":0.0205615593,"3":0.0293161571,"4":0.0237871773,"5":0.019248012,"6":0.0273799797,"7":0.0262738367,"8":0.0290033254,"9":0.0309169491,"10":0.0192647162,"11":0.0212886698,"12":0.0261435856,"13":0.0358362595,"14":0.0256522397,"15":0.0283094831,"16":0.0195772549,"17":0.0307650467,"18":0.0218330257,"19":0.0205058571,"20":0.0260044436,"21":0.0463037855,"22":0.0197431776,"23":0.0359086262,"24":0.0218621459,"25":0.0366693735,"26":0.0223888705,"27":0.0215811084,"28":0.0487063229,"29":0.0634693106,"30":0.026223151,"31":0.0287883547,"32":0.0251872225,"33":0.0213170081,"34":0.0297416515,"35":0.0212531586,"36":0.0222616063,"37":0.0286181867,"38":0.0525489416,"39":0.026690248,"40":0.0194692247,"41":0.0328768492,"42":0.0471031666,"43":0.0236837996,"44":0.0162953213,"45":0.0206695166,"46":0.0243120988,"47":0.0261538625,"48":0.0241254336,"49":0.0184298886,"50":0.0351321167,"51":0.0253556743,"52":0.0236069361,"53":0.0250411249,"54":0.0270786732,"55":0.0183483892,"56":0.0190670109,"57":0.0368555784,"58":0.0426088605,"59":0.0215605083,"60":0.0190444489,"61":0.0334188938,"62":0.0312336551,"63":0.0355847279,"64":0.0692641139,"65":0.0591786206,"66":0.0315322412,"67":0.0259438872,"68":0.0266301665,"69":0.0388693578,"70":0.0296730995,"71":0.044848803,"72":0.0260147684,"73":0.0454194347,"74":0.0241452903,"75":0.0264224162,"76":0.0293934345,"77":0.034161124,"78":0.0307076507,"79":0.0263374299,"80":0.0221841286,"81":0.0312238137,"82":0.0227214015,"83":0.0212491855,"84":0.0233093864,"85":0.0210748778,"86":0.0319086611,"87":0.0287122097,"88":0.0333262417,"89":0.0380840235,"90":0.0407507155,"91":0.0267320739,"92":0.029415028,"93":0.0342681587,"94":0.0264514834,"95":0.0311343471,"96":0.0292748147,"97":0.0295598076,"98":0.0290244706,"99":0.0516144302},"median":{"0":0.019053366,"1":0.0426745936,"2":0.0207566041,"3":0.0284067951,"4":0.0232077744,"5":0.0192533247,"6":0.025474878,"7":0.0264516566,"8":0.030209057,"9":0.0303483866,"10":0.0174521357,"11":0.0224941932,"12":0.0274789184,"13":0.034711428,"14":0.0256645828,"15":0.0278131329,"16":0.0178076103,"17":0.0276387408,"18":0.0218262505,"19":0.0205468908,"20":0.0261483584,"21":0.0444823131,"22":0.0179725941,"23":0.0383864045,"24":0.0201501325,"25":0.0363920964,"26":0.0227609724,"27":0.0210146289,"28":0.0471011847,"29":0.0701648965,"30":0.0260197278,"31":0.0302888379,"32":0.0256095044,"33":0.0221337173,"34":0.0270624347,"35":0.0207401793,"36":0.0227042735,"37":0.0281553976,"38":0.053549666,"39":0.0243107695,"40":0.0196768995,"41":0.031591557,"42":0.0464614108,"43":0.0228201449,"44":0.0162206683,"45":0.0215785317,"46":0.0240743309,"47":0.0247328356,"48":0.023423668,"49":0.0162742939,"50":0.0341285206,"51":0.0244094077,"52":0.0229232367,"53":0.0249648262,"54":0.0264038332,"55":0.0178657118,"56":0.0184882134,"57":0.038359981,"58":0.0410720594,"59":0.0207117032,"60":0.0184030198,"61":0.0334815979,"62":0.030627165,"63":0.0347141437,"64":0.0669475645,"65":0.0599501915,"66":0.0278570801,"67":0.0269348212,"68":0.0258013643,"69":0.0370620973,"70":0.0292693041,"71":0.0443997718,"72":0.0257095639,"73":0.0462942496,"74":0.0238397792,"75":0.0254720207,"76":0.0295318309,"77":0.0348590948,"78":0.0298229381,"79":0.0246102791,"80":0.022251619,"81":0.029144533,"82":0.0227242764,"83":0.0198661275,"84":0.0239012334,"85":0.0209438261,"86":0.0316295587,"87":0.0271113031,"88":0.0336620435,"89":0.0371488184,"90":0.0416132957,"91":0.026955165,"92":0.0289498363,"93":0.0349601582,"94":0.0270673633,"95":0.0308703315,"96":0.0289589707,"97":0.0281340871,"98":0.0302640758,"99":0.0547347665}}