{"cid":{"0":1,"1":1,"2":1,"3":1,"4":1,"5":1,"6":1,"7":1,"8":1,"9":1,"10":1,"11":1,"12":1,"13":1,"14":1,"15":1,"16":1,"17":1,"18":1,"19":1,"20":1,"21":1,"22":1,"23":1,"24":1,"25":1,"26":1,"27":1,"28":1,"29":1,"30":1,"31":1,"32":1,"33":1,"34":1,"35":1,"36":1,"37":1,"38":1,"39":1,"40":1,"41":1,"42":1,"43":1,"44":1,"45":1,"46":1,"47":1,"48":1,"49":1,"50":1,"51":1,"52":1,"53":1,"54":1,"55":1,"56":1,"57":1,"58":1,"59":1,"60":2,"61":2,"62":2,"63":2,"64":2,"65":2,"66":2,"67":2,"68":2,"69":2,"70":2,"71":2,"72":2,"73":2,"74":2,"75":2,"76":2,"77":2,"78":2,"79":2,"80":2,"81":2,"82":2,"83":2,"84":2,"85":2,"86":2,"87":2,"88":2,"89":2,"90":2,"91":2,"92":2,"93":2,"94":2,"95":2,"96":2,"97":2,"98":2,"99":2},"oid":{"0":0,"1":1,"2":2,"3":3,"4":4,"5":5,"6":6,"7":7,"8":8,"9":9,"10":10,"11":11,"12":12,"13":13,"14":14,"15":15,"16":16,"17":17,"18":18,"19":19,"20":20,"21":21,"22":22,"23":23,"24":24,"25":25,"26":26,"27":27,"28":28,"29":29,"30":30,"31":31,"32":32,"33":33,"34":34,"35":35,"36":36,"37":37,"38":38,"39":39,"40":40,"41":41,"42":42,"43":43,"44":44,"45":45,"46":46,"47":47,"48":48,"49":49,"50":50,"51":51,"52":52,"53":53,"54":54,"55":55,"56":56,"57":57,"58":58,"59":59,"60":60,"61":61,"62":62,"63":63,"64":64,"65":65,"66":66,"67":67,"68":68,"69":69,"70":70,"71":71,"72":72,"73":73,"74":74,"75":75,"76":76,"77":77,"78":78,"79":79,"80":80,"81":81,"82":82,"83":83,"84":84,"85":85,"86":86,"87":87,"88":88,"89":89,"90":90,"91":91,"92":92,"93":93,"94":94,"95":95,"96":96,"97":97,"98":98,"99":99},"mean":{"0":0.0294270019,"1":0.0330586433,"2":0.0685398844,"3":0.0255597714,"4":0.0362648699,"5":0.0195931147,"6":0.0331423481,"7":0.0387976964,"8":0.034604503,"9":0.0399765703,"10":0.024874313,"11":0.0348020064,"12":0.0285038484,"13":0.0478822059,"14":0.0431623724,"15":0.0332587063,"16":0.0247662895,"17":0.0377934244,"18":0.025718174,"19":0.0418583751,"20":0.0473123723,"21":0.0467778742,"22":0.0316542354,"23":0.0441914234,"24":0.0254748182,"25":0.0277299451,"26":0.0284786556,"27":0.0214783053,"28":0.0442694989,"29":0.0267636958,"30":0.0473157503,"31":0.0304182371,"32":0.0280853377,"33":0.0387528807,"34":0.0264995926,"35":0.0251693245,"36":0.0350245105,"37":0.0260010428,"38":0.0409036544,"39":0.0239109314,"40":0.0384120146,"41":0.0377088984,"42":0.0351261828,"43":0.0244614349,"44":0.0331109241,"45":0.0328220129,"46":0.0437780188,"47":0.0297675371,"48":0.0375954939,"49":0.0188352764,"50":0.02957805,"51":0.0306650605,"52":0.0240365449,"53":0.0410881539,"54":0.0228542023,"55":0.021935905,"56":0.0236422552,"57":0.0648406612,"58":0.0233633369,"59":0.0212842425,"60":0.0209928768,"61":0.0351002316,"62":0.0284759137,"63":0.0351171361,"64":0.0364695026,"65":0.0520873785,"66":0.0400208467,"67":0.0253131986,"68":0.0244964858,"69":0.0340457526,"70":0.0576060149,"71":0.0728659696,"72":0.0403703484,"73":0.0378955139,"74":0.0206104285,"75":0.044669595,"76":0.0407377746,"77":0.0426788529,"78":0.0434958206,"79":0.0535521838,"80":0.0481898652,"81":0.0394045744,"82":0.0269297742,"83":0.0156338483,"84":0.0152046349,"85":0.0318604973,"86":0.0354369614,"87":0.0522514416,"88":0.0448709197,"89":0.0479399827,"90":0.0398415294,"91":0.0347102284,"92":0.0399884118,"93":0.0565940022,"94":0.0443016854,"95":0.0331891047,"96":0.0693619251,"97":0.0307798584,"98":0.0296999868,"99":0.0661196907},"median":{"0":0.0270368587,"1":0.0318885073,"2":0.0663483143,"3":0.0242020469,"4":0.0372712724,"5":0.0197887197,"6":0.0330668762,"7":0.0379651599,"8":0.0336100683,"9":0.0414911881,"10":0.021752324,"11":0.0343844071,"12":0.0276166592,"13":0.0477361418,"14":0.0391486771,"15":0.0310865715,"16":0.024974972,"17":0.0382746756,"18":0.0233205277,"19":0.0404998772,"20":0.0438696258,"21":0.0489528365,"22":0.0285867676,"23":0.0462612696,"24":0.0246767383,"25":0.0244476907,"26":0.0289443359,"27":0.0209594853,"28":0.0434013493,"29":0.0261911061,"30":0.0445884131,"31":0.0290429946,"32":0.0266038738,"33":0.0338887721,"34":0.0267799888,"35":0.0246069897,"36":0.0329603627,"37":0.0252442136,"38":0.038270276,"39":0.022951426,"40":0.0393741801,"41":0.0369558483,"42":0.0324600302,"43":0.0243469104,"44":0.0333309323,"45":0.0346964858,"46":0.0433224104,"47":0.0268443767,"48":0.02980561,"49":0.0186369661,"50":0.0285969041,"51":0.0297018141,"52":0.025148673,"53":0.0397608913,"54":0.0214009993,"55":0.0223916359,"56":0.0220890306,"57":0.0609587654,"58":0.0207394678,"59":0.0214970503,"60":0.0198226217,"61":0.0345189013,"62":0.0269779135,"63":0.0331960581,"64":0.0344029777,"65":0.0543013662,"66":0.0392290354,"67":0.0233066138,"68":0.0238415655,"69":0.0306342114,"70":0.0571080297,"71":0.0725536644,"72":0.0413864516,"73":0.0358243994,"74":0.0190190077,"75":0.0437946208,"76":0.0419112183,"77":0.0419114195,"78":0.0414052904,"79":0.0530653782,"80":0.0458535813,"81":0.0366522595,"82":0.0260064304,"83":0.0152995531,"84":0.0147228036,"85":0.033365082,"86":0.0351980254,"87":0.0493673868,"88":0.0472387224,"89":0.0497527532,"90":0.0402826071,"91":0.0340994485,"92":0.0397147052,"93":0.0559406802,"94":0.0451155417,"95":0.0334308334,"96":0.068856895,"97":0.0278347712,"98":0.030799618,"99":0.0589442849}}