{"cid":{"0":1,"1":1,"2":1,"3":1,"4":1,"5":1,"6":1,"7":1,"8":1,"9":1,"10":1,"11":1,"12":1,"13":1,"14":1,"15":1,"16":1,"17":1,"18":1,"19":1,"20":1,"21":1,"22":1,"23":1,"24":1,"25":1,"26":1,"27":1,"28":1,"29":1,"30":1,"31":1,"32":1,"33":1,"34":1,"35":1,"36":1,"37":1,"38":1,"39":1,"40":1,"41":1,"42":1,"43":1,"44":1,"45":1,"46":1,"47":1,"48":1,"49":1,"50":1,"51":1,"52":1,"53":1,"54":1,"55":1,"56":1,"57":1,"58":1,"59":1,"60":2,"61":2,"62":2,"63":2,"64":2,"65":2,"66":2,"67":2,"68":2,"69":2,"70":2,"71":2,"72":2,"73":2,"74":2,"75":2,"76":2,"77":2,"78":2,"79":2,"80":2,"81":2,"82":2,"83":2,"84":2,"85":2,"86":2,"87":2,"88":2,"89":2,"90":2,"91":2,"92":2,"93":2,"94":2,"95":2,"96":2,"97":2,"98":2,"99":2},"oid":{"0":0,"1":1,"2":2,"3":3,"4":4,"5":5,"6":6,"7":7,"8":8,"9":9,"10":10,"11":11,"12":12,"13":13,"14":14,"15":15,"16":16,"17":17,"18":18,"19":19,"20":20,"21":21,"22":22,"23":23,"24":24,"25":25,"26":26,"27":27,"28":28,"29":29,"30":30,"31":31,"32":32,"33":33,"34":34,"35":35,"36":36,"37":37,"38":38,"39":39,"40":40,"41":41,"42":42,"43":43,"44":44,"45":45,"46":46,"47":47,"48":48,"49":49,"50":50,"51":51,"52":52,"53":53,"54":54,"55":55,"56":56,"57":57,"58":58,"59":59,"60":60,"61":61,"62":62,"63":63,"64":64,"65":65,"66":66,"67":67,"68":68,"69":69,"70":70,"71":71,"72":72,"73":73,"74":74,"75":75,"76":76,"77":77,"78":78,"79":79,"80":80,"81":81,"82":82,"83":83,"84":84,"85":85,"86":86,"87":87,"88":88,"89":89,"90":90,"91":91,"92":92,"93":93,"94":94,"95":95,"96":96,"97":97,"98":98,"99":99},"mean":{"0":0.0336965985,"1":0.0401527815,"2":0.0626957681,"3":0.0376554827,"4":0.0376537508,"5":0.032273319,"6":0.047510816,"7":0.0575754179,"8":0.0268677175,"9":0.0660788284,"10":0.0275855064,"11":0.0353105598,"12":0.0458018084,"13":0.0433890621,"14":0.0503701104,"15":0.0477408543,"16":0.0392306844,"17":0.0402498013,"18":0.035182529,"19":0.0322286354,"20":0.0352574256,"21":0.049152063,"22":0.0266887844,"23":0.0457444655,"24":0.0294343266,"25":0.037406779,"26":0.0503832234,"27":0.0314414137,"28":0.0428392821,"29":0.0309715536,"30":0.0491681546,"31":0.0372763773,"32":0.0361236632,"33":0.0447179675,"34":0.0295868417,"35":0.0349965493,"36":0.0355761316,"37":0.0326290727,"38":0.0396513674,"39":0.0354363057,"40":0.0339161919,"41":0.0433014499,"42":0.0280686849,"43":0.0267939253,"44":0.0343727693,"45":0.0276133484,"46":0.0436083078,"47":0.0299402922,"48":0.0322912633,"49":0.0312720736,"50":0.0294374459,"51":0.0328341126,"52":0.0302768714,"53":0.0368369354,"54":0.0300691393,"55":0.0305687222,"56":0.0302493241,"57":0.0416368842,"58":0.0331467125,"59":0.0288017127,"60":0.0369914174,"61":0.0280364619,"62":0.0486472282,"63":0.0502394107,"64":0.0464481678,"65":0.0785370111,"66":0.0550767978,"67":0.0304614127,"68":0.0358088017,"69":0.0408649676,"70":0.0447547833,"71":0.0583244562,"72":0.0392301811,"73":0.0377216869,"74":0.0298418171,"75":0.048126479,"76":0.0548239549,"77":0.0571102831,"78":0.0697424942,"79":0.0498432517,"80":0.0454082158,"81":0.0374539495,"82":0.0376823346,"83":0.0287803024,"84":0.0300610761,"85":0.0386300352,"86":0.0187144528,"87":0.0735859606,"88":0.0369037688,"89":0.0363537802,"90":0.0614068376,"91":0.0499031179,"92":0.0369393461,"93":0.0854709983,"94":0.0488596989,"95":0.0381503834,"96":0.0417381591,"97":0.0369449655,"98":0.0269477777,"99":0.0434216658},"median":{"0":0.0334775522,"1":0.0404737331,"2":0.0625203848,"3":0.0357080959,"4":0.0372267216,"5":0.0330112465,"6":0.0489538126,"7":0.0574914068,"8":0.0267040897,"9":0.0675881431,"10":0.0284145381,"11":0.0333642177,"12":0.0455729626,"13":0.0464188792,"14":0.0534228273,"15":0.0482373312,"16":0.0400759988,"17":0.0399633646,"18":0.0355953313,"19":0.0305482727,"20":0.0345332958,"21":0.0455279201,"22":0.0250985362,"23":0.0473300256,"24":0.0278471876,"25":0.0360991955,"26":0.0433613919,"27":0.0305801854,"28":0.0439511798,"29":0.0285650231,"30":0.0512611605,"31":0.0351416171,"32":0.0370012224,"33":0.0442627817,"34":0.0293294657,"35":0.0334945433,"36":0.0349148884,"37":0.0308664758,"38":0.0402152315,"39":0.0343622044,"40":0.0348163992,"41":0.0436048917,"42":0.0268803108,"43":0.0256788693,"44":0.0317185856,"45":0.0279899519,"46":0.0425246321,"47":0.0285882652,"48":0.0334130637,"49":0.0320246927,"50":0.0333428495,"51":0.0321888551,"52":0.0300359596,"53":0.0363337472,"54":0.0292739198,"55":0.0314248018,"56":0.0296605304,"57":0.0425811633,"58":0.0332749039,"59":0.0284774639,"60":0.0371236429,"61":0.0294130184,"62":0.0499758422,"63":0.0508566163,"64":0.0470777862,"65":0.0765810609,"66":0.0515633821,"67":0.0278597996,"68":0.0341462083,"69":0.0404029973,"70":0.0451988131,"71":0.0582284629,"72":0.0392663851,"73":0.0376372039,"74":0.0305099878,"75":0.049171146,"76":0.0552950911,"77":0.0566212349,"78":0.0682544932,"79":0.0482575782,"80":0.0441896617,"81":0.037424624,"82":0.0361167379,"83":0.0293826777,"84":0.0299090445,"85":0.0382755511,"86":0.0183722284,"87":0.0744910464,"88":0.0352734625,"89":0.0365154147,"90":0.0579862371,"91":0.0498001091,"92":0.0353432819,"93":0.08583875,"94":0.0459573865,"95":0.0381475165,"96":0.0424367674,"97":0.0314197876,"98":0.0284316353,"99":0.0420399718}}