{"cid":{"0":1,"1":1,"2":1,"3":1,"4":1,"5":1,"6":1,"7":1,"8":1,"9":1,"10":1,"11":1,"12":1,"13":1,"14":1,"15":1,"16":1,"17":1,"18":1,"19":1,"20":1,"21":1,"22":1,"23":1,"24":1,"25":1,"26":1,"27":1,"28":1,"29":1,"30":1,"31":1,"32":1,"33":1,"34":1,"35":1,"36":1,"37":1,"38":1,"39":1,"40":1,"41":1,"42":1,"43":1,"44":1,"45":1,"46":1,"47":1,"48":1,"49":1,"50":1,"51":1,"52":1,"53":1,"54":1,"55":1,"56":1,"57":1,"58":1,"59":1,"60":2,"61":2,"62":2,"63":2,"64":2,"65":2,"66":2,"67":2,"68":2,"69":2,"70":2,"71":2,"72":2,"73":2,"74":2,"75":2,"76":2,"77":2,"78":2,"79":2,"80":2,"81":2,"82":2,"83":2,"84":2,"85":2,"86":2,"87":2,"88":2,"89":2,"90":2,"91":2,"92":2,"93":2,"94":2,"95":2,"96":2,"97":2,"98":2,"99":2},"oid":{"0":0,"1":1,"2":2,"3":3,"4":4,"5":5,"6":6,"7":7,"8":8,"9":9,"10":10,"11":11,"12":12,"13":13,"14":14,"15":15,"16":16,"17":17,"18":18,"19":19,"20":20,"21":21,"22":22,"23":23,"24":24,"25":25,"26":26,"27":27,"28":28,"29":29,"30":30,"31":31,"32":32,"33":33,"34":34,"35":35,"36":36,"37":37,"38":38,"39":39,"40":40,"41":41,"42":42,"43":43,"44":44,"45":45,"46":46,"47":47,"48":48,"49":49,"50":50,"51":51,"52":52,"53":53,"54":54,"55":55,"56":56,"57":57,"58":58,"59":59,"60":60,"61":61,"62":62,"63":63,"64":64,"65":65,"66":66,"67":67,"68":68,"69":69,"70":70,"71":71,"72":72,"73":73,"74":74,"75":75,"76":76,"77":77,"78":78,"79":79,"80":80,"81":81,"82":82,"83":83,"84":84,"85":85,"86":86,"87":87,"88":88,"89":89,"90":90,"91":91,"92":92,"93":93,"94":94,"95":95,"96":96,"97":97,"98":98,"99":99},"mean":{"0":0.0282584197,"1":0.0319565998,"2":0.0652978685,"3":0.032814814,"4":0.0250354128,"5":0.0186655273,"6":0.0389424298,"7":0.0574473408,"8":0.0333676901,"9":0.054681162,"10":0.0206593937,"11":0.0314949221,"12":0.0322986278,"13":0.0606567197,"14":0.0542043149,"15":0.0369763933,"16":0.031082044,"17":0.0385658344,"18":0.0251839939,"19":0.0471166902,"20":0.0398959451,"21":0.0456772149,"22":0.0258281297,"23":0.0410494539,"24":0.027617433,"25":0.026776125,"26":0.0441817641,"27":0.0182289647,"28":0.0397053361,"29":0.0319981807,"30":0.0476484671,"31":0.0353881617,"32":0.0354334215,"33":0.0402579784,"34":0.0440277722,"35":0.0213243283,"36":0.0307915277,"37":0.0246080905,"38":0.038622578,"39":0.0295169022,"40":0.0291469528,"41":0.0438751313,"42":0.022755002,"43":0.0197720958,"44":0.0219503511,"45":0.0325661865,"46":0.0365507106,"47":0.02340976,"48":0.0439103809,"49":0.0229603367,"50":0.0221853058,"51":0.0258412398,"52":0.0190582275,"53":0.0344878303,"54":0.0236347848,"55":0.0216729326,"56":0.0236365431,"57":0.068077604,"58":0.0257431302,"59":0.0217743235,"60":0.0307391485,"61":0.0491024719,"62":0.0258795917,"63":0.0307483673,"64":0.0403973758,"65":0.0582710147,"66":0.0467437439,"67":0.0231308237,"68":0.0324683123,"69":0.0431020624,"70":0.0495224728,"71":0.0513522691,"72":0.0274219513,"73":0.0338548985,"74":0.0251954645,"75":0.0364992519,"76":0.0543675356,"77":0.0320652392,"78":0.0515120096,"79":0.0306760073,"80":0.0316743784,"81":0.0351250172,"82":0.0313004686,"83":0.017000623,"84":0.014389298,"85":0.0309798585,"86":0.0224746035,"87":0.0518334475,"88":0.0458200044,"89":0.0309660104,"90":0.0477792621,"91":0.0385861496,"92":0.0341739787,"93":0.078934443,"94":0.0588828259,"95":0.0405644741,"96":0.0524442461,"97":0.0296938883,"98":0.033021003,"99":0.0601401793},"median":{"0":0.0246009901,"1":0.0331339352,"2":0.0628804713,"3":0.0319751389,"4":0.0240407195,"5":0.0189898741,"6":0.0393685587,"7":0.0561825931,"8":0.0340909213,"9":0.058273714,"10":0.0202015191,"11":0.0339273401,"12":0.0322752148,"13":0.0611980967,"14":0.0527392998,"15":0.0322584063,"16":0.0311974585,"17":0.0390062742,"18":0.0251617953,"19":0.0477900542,"20":0.0407767072,"21":0.0459795743,"22":0.0256279614,"23":0.0447661914,"24":0.0252878685,"25":0.0254098121,"26":0.0386824571,"27":0.0185308941,"28":0.0377604999,"29":0.0321288779,"30":0.0442147143,"31":0.0347739309,"32":0.0332669653,"33":0.0342446566,"34":0.0429510437,"35":0.0209799465,"36":0.0280084759,"37":0.0235868394,"38":0.039048858,"39":0.0270655584,"40":0.0295887031,"41":0.0427396819,"42":0.0235715173,"43":0.0199577175,"44":0.0219624899,"45":0.031466607,"46":0.0358017199,"47":0.0219503306,"48":0.0439649262,"49":0.0220693257,"50":0.0219753254,"51":0.0243063457,"52":0.0189251266,"53":0.03348713,"54":0.0242938194,"55":0.0218657684,"56":0.0230297316,"57":0.0630074292,"58":0.0234274827,"59":0.0209753085,"60":0.0299471188,"61":0.0460648425,"62":0.0256749857,"63":0.0287550688,"64":0.040535856,"65":0.0589451343,"66":0.0438114405,"67":0.0218183361,"68":0.0328720137,"69":0.0438694395,"70":0.0435403138,"71":0.0503793582,"72":0.025750339,"73":0.0326036811,"74":0.0247076191,"75":0.034452375,"76":0.0502429754,"77":0.0315854475,"78":0.0519300923,"79":0.0306757987,"80":0.0303775389,"81":0.0333481282,"82":0.0305843148,"83":0.0167753715,"84":0.0149944164,"85":0.0318185426,"86":0.0221388098,"87":0.0505338311,"88":0.0455776826,"89":0.0301197581,"90":0.047087796,"91":0.0369405597,"92":0.03203623,"93":0.0792316496,"94":0.0602303594,"95":0.0392043404,"96":0.0550508909,"97":0.0263307001,"98":0.0351546034,"99":0.0566696189}}