{"cid":{"0":1,"1":1,"2":1,"3":1,"4":1,"5":1,"6":1,"7":1,"8":1,"9":1,"10":1,"11":1,"12":1,"13":1,"14":1,"15":1,"16":1,"17":1,"18":1,"19":1,"20":1,"21":1,"22":1,"23":1,"24":1,"25":1,"26":1,"27":1,"28":1,"29":1,"30":1,"31":1,"32":1,"33":1,"34":1,"35":1,"36":1,"37":1,"38":1,"39":1,"40":1,"41":1,"42":1,"43":1,"44":1,"45":1,"46":1,"47":1,"48":1,"49":1,"50":1,"51":1,"52":1,"53":1,"54":1,"55":1,"56":1,"57":1,"58":1,"59":1,"60":2,"61":2,"62":2,"63":2,"64":2,"65":2,"66":2,"67":2,"68":2,"69":2,"70":2,"71":2,"72":2,"73":2,"74":2,"75":2,"76":2,"77":2,"78":2,"79":2,"80":2,"81":2,"82":2,"83":2,"84":2,"85":2,"86":2,"87":2,"88":2,"89":2,"90":2,"91":2,"92":2,"93":2,"94":2,"95":2,"96":2,"97":2,"98":2,"99":2},"oid":{"0":0,"1":1,"2":2,"3":3,"4":4,"5":5,"6":6,"7":7,"8":8,"9":9,"10":10,"11":11,"12":12,"13":13,"14":14,"15":15,"16":16,"17":17,"18":18,"19":19,"20":20,"21":21,"22":22,"23":23,"24":24,"25":25,"26":26,"27":27,"28":28,"29":29,"30":30,"31":31,"32":32,"33":33,"34":34,"35":35,"36":36,"37":37,"38":38,"39":39,"40":40,"41":41,"42":42,"43":43,"44":44,"45":45,"46":46,"47":47,"48":48,"49":49,"50":50,"51":51,"52":52,"53":53,"54":54,"55":55,"56":56,"57":57,"58":58,"59":59,"60":60,"61":61,"62":62,"63":63,"64":64,"65":65,"66":66,"67":67,"68":68,"69":69,"70":70,"71":71,"72":72,"73":73,"74":74,"75":75,"76":76,"77":77,"78":78,"79":79,"80":80,"81":81,"82":82,"83":83,"84":84,"85":85,"86":86,"87":87,"88":88,"89":89,"90":90,"91":91,"92":92,"93":93,"94":94,"95":95,"96":96,"97":97,"98":98,"99":99},"mean":{"0":0.0319050385,"1":0.0355197854,"2":0.0313590268,"3":0.0214623627,"4":0.0307723019,"5":0.0196727879,"6":0.0253930555,"7":0.0298647483,"8":0.0420442157,"9":0.0439982083,"10":0.0259964036,"11":0.0167491751,"12":0.0201802055,"13":0.0373402768,"14":0.0307746662,"15":0.0384355076,"16":0.0306167867,"17":0.0409094459,"18":0.0286524163,"19":0.0327237447,"20":0.0344894595,"21":0.0322494043,"22":0.0217138827,"23":0.0223983278,"24":0.0193743954,"25":0.0290535026,"26":0.0258267058,"27":0.0332116816,"28":0.0465813544,"29":0.0429133309,"30":0.0214801729,"31":0.0211619139,"32":0.0211500492,"33":0.0296412081,"34":0.0228930116,"35":0.0300572084,"36":0.0223179973,"37":0.0396867361,"38":0.0421082245,"39":0.0320269201,"40":0.0310007566,"41":0.0428730415,"42":0.022862643,"43":0.029610253,"44":0.023167856,"45":0.0208164189,"46":0.0243488848,"47":0.0271407247,"48":0.0269782643,"49":0.0163293084,"50":0.0345717371,"51":0.0256474055,"52":0.0230293191,"53":0.0347998473,"54":0.0310047468,"55":0.0235618518,"56":0.0312862131,"57":0.0309545596,"58":0.0325531165,"59":0.0203305301,"60":0.0204499844,"61":0.0362354517,"62":0.038316879,"63":0.039789978,"64":0.0221197059,"65":0.0292087436,"66":0.0249381595,"67":0.0302168727,"68":0.0335050689,"69":0.0333148109,"70":0.0356795788,"71":0.0319722792,"72":0.0348018871,"73":0.036683023,"74":0.0292430553,"75":0.0266819133,"76":0.0524399281,"77":0.0262557119,"78":0.0418587128,"79":0.0371767382,"80":0.0274013446,"81":0.0298590793,"82":0.0291624864,"83":0.0232740939,"84":0.02952226,"85":0.016943862,"86":0.0223217342,"87":0.0284882585,"88":0.0416581399,"89":0.0434845255,"90":0.0383686456,"91":0.0323163999,"92":0.0233824005,"93":0.0497790754,"94":0.0265989287,"95":0.0258252107,"96":0.0358128415,"97":0.0330345001,"98":0.0148497485,"99":0.0351902478},"median":{"0":0.0295087509,"1":0.0331932753,"2":0.0315020941,"3":0.0222451147,"4":0.03091003,"5":0.0203281064,"6":0.0264427327,"7":0.0311432928,"8":0.0414150432,"9":0.0421719551,"10":0.0255003627,"11":0.0166322831,"12":0.0200651642,"13":0.0378233045,"14":0.0286069978,"15":0.0400871038,"16":0.0292546954,"17":0.0421406925,"18":0.0285252519,"19":0.0331391096,"20":0.0330205522,"21":0.0315608494,"22":0.0206067488,"23":0.0229954887,"24":0.0179244187,"25":0.0293326285,"26":0.027002342,"27":0.0318510234,"28":0.0452765599,"29":0.0410517491,"30":0.0212602541,"31":0.0211563855,"32":0.0202593934,"33":0.0290859751,"34":0.0218470842,"35":0.0283441097,"36":0.0216124468,"37":0.0399494432,"38":0.0402009897,"39":0.0279213171,"40":0.0294235609,"41":0.0422598422,"42":0.0222549308,"43":0.0308469292,"44":0.0230720639,"45":0.0217482764,"46":0.02565361,"47":0.0275020972,"48":0.0269132406,"49":0.0151900798,"50":0.0341455303,"51":0.0248294398,"52":0.023678869,"53":0.0361959971,"54":0.0305761341,"55":0.0231876504,"56":0.0302927401,"57":0.0313889198,"58":0.0320935436,"59":0.0191847477,"60":0.0197678003,"61":0.0358137563,"62":0.037445277,"63":0.0415981449,"64":0.0215983447,"65":0.0292330682,"66":0.0249450561,"67":0.030037567,"68":0.032201346,"69":0.0332215987,"70":0.0337696187,"71":0.030641526,"72":0.0331463218,"73":0.0342919119,"74":0.0290440451,"75":0.0266864616,"76":0.0556518547,"77":0.0257038586,"78":0.04375045,"79":0.0363869108,"80":0.0273921359,"81":0.0277202092,"82":0.0296046641,"83":0.0215110667,"84":0.0299836472,"85":0.0164964572,"86":0.0235431492,"87":0.0269962326,"88":0.0413280651,"89":0.0463296361,"90":0.0368240401,"91":0.0319745876,"92":0.023146471,"93":0.0508454815,"94":0.0232280418,"95":0.0245218053,"96":0.035851229,"97":0.027897343,"98":0.0159635991,"99":0.0343014598}}