{"cid":{"0":1,"1":1,"2":1,"3":1,"4":1,"5":1,"6":1,"7":1,"8":1,"9":1,"10":1,"11":1,"12":1,"13":1,"14":1,"15":1,"16":1,"17":1,"18":1,"19":1,"20":1,"21":1,"22":1,"23":1,"24":1,"25":1,"26":1,"27":1,"28":1,"29":1,"30":1,"31":1,"32":1,"33":1,"34":1,"35":1,"36":1,"37":1,"38":1,"39":1,"40":1,"41":1,"42":1,"43":1,"44":1,"45":1,"46":1,"47":1,"48":1,"49":1,"50":1,"51":1,"52":1,"53":1,"54":1,"55":1,"56":1,"57":1,"58":1,"59":1,"60":2,"61":2,"62":2,"63":2,"64":2,"65":2,"66":2,"67":2,"68":2,"69":2,"70":2,"71":2,"72":2,"73":2,"74":2,"75":2,"76":2,"77":2,"78":2,"79":2,"80":2,"81":2,"82":2,"83":2,"84":2,"85":2,"86":2,"87":2,"88":2,"89":2,"90":2,"91":2,"92":2,"93":2,"94":2,"95":2,"96":2,"97":2,"98":2,"99":2},"oid":{"0":0,"1":1,"2":2,"3":3,"4":4,"5":5,"6":6,"7":7,"8":8,"9":9,"10":10,"11":11,"12":12,"13":13,"14":14,"15":15,"16":16,"17":17,"18":18,"19":19,"20":20,"21":21,"22":22,"23":23,"24":24,"25":25,"26":26,"27":27,"28":28,"29":29,"30":30,"31":31,"32":32,"33":33,"34":34,"35":35,"36":36,"37":37,"38":38,"39":39,"40":40,"41":41,"42":42,"43":43,"44":44,"45":45,"46":46,"47":47,"48":48,"49":49,"50":50,"51":51,"52":52,"53":53,"54":54,"55":55,"56":56,"57":57,"58":58,"59":59,"60":60,"61":61,"62":62,"63":63,"64":64,"65":65,"66":66,"67":67,"68":68,"69":69,"70":70,"71":71,"72":72,"73":73,"74":74,"75":75,"76":76,"77":77,"78":78,"79":79,"80":80,"81":81,"82":82,"83":83,"84":84,"85":85,"86":86,"87":87,"88":88,"89":89,"90":90,"91":91,"92":92,"93":93,"94":94,"95":95,"96":96,"97":97,"98":98,"99":99},"mean":{"0":0.0468220247,"1":0.0290218327,"2":0.0395159854,"3":0.0267718517,"4":0.0360329416,"5":0.024789383,"6":0.0298369229,"7":0.0307911701,"8":0.0267062651,"9":0.0318105353,"10":0.0346342822,"11":0.0256437212,"12":0.0247238312,"13":0.0291563405,"14":0.0399916404,"15":0.0286274236,"16":0.0281221469,"17":0.0480996503,"18":0.029662619,"19":0.0238164994,"20":0.0428744091,"21":0.0551017192,"22":0.031986773,"23":0.0388892094,"24":0.0260834048,"25":0.0336584614,"26":0.0256114652,"27":0.0392756793,"28":0.0457160738,"29":0.0452953776,"30":0.0342794061,"31":0.0274194214,"32":0.043811467,"33":0.0433095306,"34":0.0203431447,"35":0.0411975649,"36":0.0393143462,"37":0.0335864292,"38":0.0561440852,"39":0.033722745,"40":0.0424205528,"41":0.0414237711,"42":0.0402350459,"43":0.0322537753,"44":0.0347936116,"45":0.0291933186,"46":0.038815505,"47":0.0353059411,"48":0.0427208278,"49":0.022902492,"50":0.0550561282,"51":0.0400239863,"52":0.0214888487,"53":0.0478017562,"54":0.0456773473,"55":0.0585419469,"56":0.0250642763,"57":0.0293470522,"58":0.0425165892,"59":0.0443565647,"60":0.0241382006,"61":0.0413610008,"62":0.0417095886,"63":0.0499828723,"64":0.0434931086,"65":0.0428148985,"66":0.0373094744,"67":0.0325659454,"68":0.0339708196,"69":0.0488677422,"70":0.0581648482,"71":0.051826583,"72":0.0351510081,"73":0.0341865619,"74":0.0247187979,"75":0.0520201458,"76":0.0463516249,"77":0.0384162863,"78":0.0286328528,"79":0.0499500202,"80":0.0337021119,"81":0.0358810359,"82":0.0448783934,"83":0.0352426529,"84":0.0295820369,"85":0.0408344534,"86":0.0371761653,"87":0.0391949779,"88":0.0450464255,"89":0.02705227,"90":0.0441811548,"91":0.0419076714,"92":0.0413537357,"93":0.0564746499,"94":0.0480390257,"95":0.0359642208,"96":0.0461568899,"97":0.042732762,"98":0.0478125289,"99":0.0594600704},"median":{"0":0.0471039005,"1":0.0287389364,"2":0.0416637585,"3":0.0255833343,"4":0.035844475,"5":0.0259910151,"6":0.0285421778,"7":0.0270348173,"8":0.0257206187,"9":0.0316115841,"10":0.0344571099,"11":0.02429845,"12":0.0256089251,"13":0.0281493012,"14":0.0392227955,"15":0.0288473107,"16":0.026678931,"17":0.0458737388,"18":0.0296096671,"19":0.0229032412,"20":0.0430282652,"21":0.0549323745,"22":0.0315334126,"23":0.0357349776,"24":0.027913861,"25":0.0329284593,"26":0.0259401128,"27":0.0400478318,"28":0.0451344065,"29":0.044406265,"30":0.0345314294,"31":0.0275141858,"32":0.0453310236,"33":0.0428453311,"34":0.0200058259,"35":0.0408185646,"36":0.039593704,"37":0.0324862674,"38":0.054484807,"39":0.0343359932,"40":0.0411200784,"41":0.0355371311,"42":0.0388813168,"43":0.032835301,"44":0.0346838757,"45":0.0296802614,"46":0.0397346951,"47":0.0346517451,"48":0.0434016623,"49":0.02107515,"50":0.0588167533,"51":0.0376143903,"52":0.0212491024,"53":0.0489291325,"54":0.0471217483,"55":0.0575507432,"56":0.024378242,"57":0.0289607644,"58":0.0401113592,"59":0.0426343717,"60":0.023727525,"61":0.0414338559,"62":0.0420023128,"63":0.0493581817,"64":0.0453140102,"65":0.0411689803,"66":0.03893172,"67":0.0325875804,"68":0.0344467871,"69":0.0468923114,"70":0.0552835315,"71":0.0517667942,"72":0.0347256958,"73":0.0337464362,"74":0.0236368775,"75":0.0521563403,"76":0.0448217802,"77":0.0397197157,"78":0.0287107825,"79":0.0506377555,"80":0.0349078327,"81":0.036186561,"82":0.0430992804,"83":0.0347788408,"84":0.029637672,"85":0.0425564274,"86":0.0380011611,"87":0.0366224982,"88":0.0449508429,"89":0.0297812503,"90":0.0449430794,"91":0.0406631157,"92":0.0439593457,"93":0.0567328185,"94":0.0453527495,"95":0.0356581919,"96":0.047458116,"97":0.0383259319,"98":0.0457603037,"99":0.0580177121}}