{"cid":{"0":1,"1":1,"2":1,"3":1,"4":1,"5":1,"6":1,"7":1,"8":1,"9":1,"10":1,"11":1,"12":1,"13":1,"14":1,"15":1,"16":1,"17":1,"18":1,"19":1,"20":1,"21":1,"22":1,"23":1,"24":1,"25":1,"26":1,"27":1,"28":1,"29":1,"30":1,"31":1,"32":1,"33":1,"34":1,"35":1,"36":1,"37":1,"38":1,"39":1,"40":1,"41":1,"42":1,"43":1,"44":1,"45":1,"46":1,"47":1,"48":1,"49":1,"50":1,"51":1,"52":1,"53":1,"54":1,"55":1,"56":1,"57":1,"58":1,"59":1,"60":2,"61":2,"62":2,"63":2,"64":2,"65":2,"66":2,"67":2,"68":2,"69":2,"70":2,"71":2,"72":2,"73":2,"74":2,"75":2,"76":2,"77":2,"78":2,"79":2,"80":2,"81":2,"82":2,"83":2,"84":2,"85":2,"86":2,"87":2,"88":2,"89":2,"90":2,"91":2,"92":2,"93":2,"94":2,"95":2,"96":2,"97":2,"98":2,"99":2},"oid":{"0":0,"1":1,"2":2,"3":3,"4":4,"5":5,"6":6,"7":7,"8":8,"9":9,"10":10,"11":11,"12":12,"13":13,"14":14,"15":15,"16":16,"17":17,"18":18,"19":19,"20":20,"21":21,"22":22,"23":23,"24":24,"25":25,"26":26,"27":27,"28":28,"29":29,"30":30,"31":31,"32":32,"33":33,"34":34,"35":35,"36":36,"37":37,"38":38,"39":39,"40":40,"41":41,"42":42,"43":43,"44":44,"45":45,"46":46,"47":47,"48":48,"49":49,"50":50,"51":51,"52":52,"53":53,"54":54,"55":55,"56":56,"57":57,"58":58,"59":59,"60":60,"61":61,"62":62,"63":63,"64":64,"65":65,"66":66,"67":67,"68":68,"69":69,"70":70,"71":71,"72":72,"73":73,"74":74,"75":75,"76":76,"77":77,"78":78,"79":79,"80":80,"81":81,"82":82,"83":83,"84":84,"85":85,"86":86,"87":87,"88":88,"89":89,"90":90,"91":91,"92":92,"93":93,"94":94,"95":95,"96":96,"97":97,"98":98,"99":99},"mean":{"0":0.0447697739,"1":0.0489477052,"2":0.0470781393,"3":0.0359293686,"4":0.0409485002,"5":0.0326689316,"6":0.0379575491,"7":0.0462456279,"8":0.0431465407,"9":0.0541471442,"10":0.0343267752,"11":0.0321859585,"12":0.0394097004,"13":0.0339347323,"14":0.0623623066,"15":0.0460779481,"16":0.0374704798,"17":0.0424071882,"18":0.042106294,"19":0.0377160609,"20":0.0593276289,"21":0.0647124185,"22":0.027362249,"23":0.0651371876,"24":0.0209852192,"25":0.0487030678,"26":0.0362723867,"27":0.0384753015,"28":0.0637516843,"29":0.0479875074,"30":0.0310622491,"31":0.0238172776,"32":0.0651351081,"33":0.0563322663,"34":0.036957615,"35":0.0424526268,"36":0.0411726965,"37":0.0259401186,"38":0.0613482396,"39":0.0409682128,"40":0.0474741624,"41":0.0449455778,"42":0.0362926324,"43":0.0304831531,"44":0.0360383913,"45":0.0271856404,"46":0.0434795088,"47":0.0369630039,"48":0.0493621661,"49":0.030765454,"50":0.0455701782,"51":0.0349966213,"52":0.0252298017,"53":0.0710508823,"54":0.0708077749,"55":0.0280489624,"56":0.0348413587,"57":0.0622526606,"58":0.0587053829,"59":0.052841915,"60":0.0411740707,"61":0.0451522171,"62":0.07184675,"63":0.0514926944,"64":0.0534609059,"65":0.0363473117,"66":0.0452909536,"67":0.0333434999,"68":0.0436263217,"69":0.0440197653,"70":0.0487660203,"71":0.0502574311,"72":0.0413580272,"73":0.0435687502,"74":0.0287999445,"75":0.0457565387,"76":0.0572131607,"77":0.056084017,"78":0.0457959076,"79":0.0446675552,"80":0.0449508462,"81":0.038260642,"82":0.0370237264,"83":0.0436741114,"84":0.0424312916,"85":0.045147515,"86":0.039224267,"87":0.0787519614,"88":0.0395719144,"89":0.036310335,"90":0.0749426021,"91":0.0338040392,"92":0.0344893965,"93":0.0714784503,"94":0.0674259729,"95":0.0341578391,"96":0.0616813103,"97":0.0428283678,"98":0.0601153299,"99":0.0648458136},"median":{"0":0.0474420488,"1":0.0472352691,"2":0.0490290634,"3":0.0333715938,"4":0.0397823974,"5":0.0322988033,"6":0.0386960655,"7":0.0477807783,"8":0.0417586267,"9":0.0552319512,"10":0.0333144478,"11":0.0321929343,"12":0.0390021093,"13":0.0310793687,"14":0.0598143227,"15":0.0474165231,"16":0.0369013399,"17":0.042989675,"18":0.0417699702,"19":0.0363483503,"20":0.0608109199,"21":0.0638943985,"22":0.0277807489,"23":0.0607064329,"24":0.0211093221,"25":0.0486378558,"26":0.0373614654,"27":0.0383605249,"28":0.0569298826,"29":0.0499140099,"30":0.0315896422,"31":0.0236446876,"32":0.0625881329,"33":0.0585740805,"34":0.0383557789,"35":0.0434118994,"36":0.041353289,"37":0.0246640574,"38":0.0611700639,"39":0.0392927974,"40":0.0469895005,"41":0.0463361442,"42":0.0354686938,"43":0.0308135487,"44":0.0342044905,"45":0.0272499621,"46":0.0415672623,"47":0.0341813862,"48":0.0488893241,"49":0.0279068463,"50":0.0480822287,"51":0.0341393016,"52":0.0235943384,"53":0.0741147548,"54":0.0669527724,"55":0.0279074665,"56":0.0353089683,"57":0.061429888,"58":0.0544518121,"59":0.0530011766,"60":0.04057144,"61":0.0456009172,"62":0.0697195232,"63":0.0494988821,"64":0.0536834076,"65":0.0362279676,"66":0.0442779846,"67":0.0336797312,"68":0.0425999314,"69":0.0436393693,"70":0.0478964373,"71":0.0513025485,"72":0.0419171564,"73":0.0425296612,"74":0.0280736443,"75":0.0470656268,"76":0.0588260293,"77":0.0589024574,"78":0.0470295846,"79":0.0422806144,"80":0.0479124077,"81":0.0358011648,"82":0.0377646238,"83":0.0431005247,"84":0.0427325517,"85":0.0444339477,"86":0.0370346047,"87":0.0758336112,"88":0.0391800478,"89":0.0385389887,"90":0.0782457888,"91":0.0326653235,"92":0.0339776278,"93":0.0710092783,"94":0.0654291511,"95":0.0330659784,"96":0.0611898936,"97":0.0408300199,"98":0.0561821237,"99":0.0647763014}}