{"cid":{"0":1,"1":1,"2":1,"3":1,"4":1,"5":1,"6":1,"7":1,"8":1,"9":1,"10":1,"11":1,"12":1,"13":1,"14":1,"15":1,"16":1,"17":1,"18":1,"19":1,"20":1,"21":1,"22":1,"23":1,"24":1,"25":1,"26":1,"27":1,"28":1,"29":1,"30":1,"31":1,"32":1,"33":1,"34":1,"35":1,"36":1,"37":1,"38":1,"39":1,"40":1,"41":1,"42":1,"43":1,"44":1,"45":1,"46":1,"47":1,"48":1,"49":1,"50":1,"51":1,"52":1,"53":1,"54":1,"55":1,"56":1,"57":1,"58":1,"59":1,"60":2,"61":2,"62":2,"63":2,"64":2,"65":2,"66":2,"67":2,"68":2,"69":2,"70":2,"71":2,"72":2,"73":2,"74":2,"75":2,"76":2,"77":2,"78":2,"79":2,"80":2,"81":2,"82":2,"83":2,"84":2,"85":2,"86":2,"87":2,"88":2,"89":2,"90":2,"91":2,"92":2,"93":2,"94":2,"95":2,"96":2,"97":2,"98":2,"99":2},"oid":{"0":0,"1":1,"2":2,"3":3,"4":4,"5":5,"6":6,"7":7,"8":8,"9":9,"10":10,"11":11,"12":12,"13":13,"14":14,"15":15,"16":16,"17":17,"18":18,"19":19,"20":20,"21":21,"22":22,"23":23,"24":24,"25":25,"26":26,"27":27,"28":28,"29":29,"30":30,"31":31,"32":32,"33":33,"34":34,"35":35,"36":36,"37":37,"38":38,"39":39,"40":40,"41":41,"42":42,"43":43,"44":44,"45":45,"46":46,"47":47,"48":48,"49":49,"50":50,"51":51,"52":52,"53":53,"54":54,"55":55,"56":56,"57":57,"58":58,"59":59,"60":60,"61":61,"62":62,"63":63,"64":64,"65":65,"66":66,"67":67,"68":68,"69":69,"70":70,"71":71,"72":72,"73":73,"74":74,"75":75,"76":76,"77":77,"78":78,"79":79,"80":80,"81":81,"82":82,"83":83,"84":84,"85":85,"86":86,"87":87,"88":88,"89":89,"90":90,"91":91,"92":92,"93":93,"94":94,"95":95,"96":96,"97":97,"98":98,"99":99},"mean":{"0":0.0273146977,"1":0.0274743438,"2":0.0284378794,"3":0.0392116176,"4":0.0200452755,"5":0.0236297581,"6":0.02738597,"7":0.0351844562,"8":0.0336710976,"9":0.0306874182,"10":0.0304844843,"11":0.0239329504,"12":0.0232669877,"13":0.028058721,"14":0.031800078,"15":0.0322152898,"16":0.034416159,"17":0.0365579393,"18":0.0365563366,"19":0.0264769031,"20":0.0352925625,"21":0.039957477,"22":0.0313307643,"23":0.0292650329,"24":0.0282692578,"25":0.0424974097,"26":0.0311589572,"27":0.0316003594,"28":0.0480142567,"29":0.0395439764,"30":0.0240102578,"31":0.0202925205,"32":0.029870371,"33":0.0331408709,"34":0.0277381705,"35":0.0263461471,"36":0.0208401481,"37":0.0189745277,"38":0.0443318519,"39":0.0360195504,"40":0.0357962218,"41":0.029806508,"42":0.0586542553,"43":0.0295317504,"44":0.0190962795,"45":0.0278629594,"46":0.0193879505,"47":0.0245449841,"48":0.0469578306,"49":0.0175260703,"50":0.0228265756,"51":0.0315850675,"52":0.0187550982,"53":0.0342493918,"54":0.0428526633,"55":0.0447064141,"56":0.02701835,"57":0.0317625205,"58":0.0281803939,"59":0.0379074249,"60":0.0265290787,"61":0.0377872917,"62":0.0283731388,"63":0.0358122786,"64":0.0337295598,"65":0.0435600191,"66":0.0522259242,"67":0.0343186021,"68":0.0256864693,"69":0.0489690502,"70":0.0432704555,"71":0.039171146,"72":0.0437074271,"73":0.0283181734,"74":0.0209829277,"75":0.0395905077,"76":0.0426218477,"77":0.0418182976,"78":0.0419910318,"79":0.0327008433,"80":0.0659875472,"81":0.0349279377,"82":0.023796613,"83":0.0265000343,"84":0.0210405737,"85":0.0193931394,"86":0.0271367994,"87":0.0450791849,"88":0.0609830154,"89":0.0253130164,"90":0.0264282227,"91":0.023878033,"92":0.0368713737,"93":0.0476303428,"94":0.0608413087,"95":0.0222539951,"96":0.050059206,"97":0.0332037807,"98":0.0337390751,"99":0.0320645703},"median":{"0":0.0274068061,"1":0.0265173949,"2":0.027769288,"3":0.0353594087,"4":0.0199497193,"5":0.0238468777,"6":0.0248552207,"7":0.0355489329,"8":0.0339349024,"9":0.0320830531,"10":0.029315332,"11":0.0244458858,"12":0.0223525874,"13":0.0272983722,"14":0.031330552,"15":0.0324004963,"16":0.034968067,"17":0.0370608382,"18":0.0373649411,"19":0.0271900985,"20":0.0333581641,"21":0.0398772359,"22":0.0301110633,"23":0.0288430583,"24":0.0283644442,"25":0.0445626713,"26":0.0315358452,"27":0.0305557996,"28":0.0472605787,"29":0.0382574163,"30":0.0226092264,"31":0.0208409596,"32":0.0293522626,"33":0.0328034088,"34":0.0244429186,"35":0.0249314271,"36":0.021179026,"37":0.0186754037,"38":0.0449507162,"39":0.0367735103,"40":0.0369902141,"41":0.0278996062,"42":0.0573648959,"43":0.0278190598,"44":0.0190641452,"45":0.0295308232,"46":0.0195057839,"47":0.0246128477,"48":0.0472737849,"49":0.0180093367,"50":0.022048004,"51":0.0317155533,"52":0.0180580765,"53":0.0325219892,"54":0.0418282673,"55":0.0433623269,"56":0.0275719594,"57":0.0322961323,"58":0.0275284816,"59":0.0389968976,"60":0.0269156341,"61":0.0391400456,"62":0.0299589392,"63":0.0323262885,"64":0.0352436192,"65":0.0426628664,"66":0.0521744229,"67":0.0321496278,"68":0.0255281217,"69":0.0499788933,"70":0.0415146165,"71":0.0366207138,"72":0.0476352088,"73":0.0290737711,"74":0.0202638153,"75":0.0399603657,"76":0.0430687517,"77":0.0421022139,"78":0.0415022001,"79":0.0312142484,"80":0.0714213476,"81":0.0346906744,"82":0.0225581303,"83":0.0254110191,"84":0.0187204294,"85":0.019833548,"86":0.0268627591,"87":0.0447402038,"88":0.0599026345,"89":0.0243324824,"90":0.0262422282,"91":0.024387572,"92":0.0377799682,"93":0.0467522442,"94":0.0634986088,"95":0.021564059,"96":0.0460353754,"97":0.0325036608,"98":0.0329724476,"99":0.031392891}}