{"cid":{"0":1,"1":1,"2":1,"3":1,"4":1,"5":1,"6":1,"7":1,"8":1,"9":1,"10":1,"11":1,"12":1,"13":1,"14":1,"15":1,"16":1,"17":1,"18":1,"19":1,"20":1,"21":1,"22":1,"23":1,"24":1,"25":1,"26":1,"27":1,"28":1,"29":1,"30":1,"31":1,"32":1,"33":1,"34":1,"35":1,"36":1,"37":1,"38":1,"39":1,"40":1,"41":1,"42":1,"43":1,"44":1,"45":1,"46":1,"47":1,"48":1,"49":1,"50":1,"51":1,"52":1,"53":1,"54":1,"55":1,"56":1,"57":1,"58":1,"59":1,"60":2,"61":2,"62":2,"63":2,"64":2,"65":2,"66":2,"67":2,"68":2,"69":2,"70":2,"71":2,"72":2,"73":2,"74":2,"75":2,"76":2,"77":2,"78":2,"79":2,"80":2,"81":2,"82":2,"83":2,"84":2,"85":2,"86":2,"87":2,"88":2,"89":2,"90":2,"91":2,"92":2,"93":2,"94":2,"95":2,"96":2,"97":2,"98":2,"99":2},"oid":{"0":0,"1":1,"2":2,"3":3,"4":4,"5":5,"6":6,"7":7,"8":8,"9":9,"10":10,"11":11,"12":12,"13":13,"14":14,"15":15,"16":16,"17":17,"18":18,"19":19,"20":20,"21":21,"22":22,"23":23,"24":24,"25":25,"26":26,"27":27,"28":28,"29":29,"30":30,"31":31,"32":32,"33":33,"34":34,"35":35,"36":36,"37":37,"38":38,"39":39,"40":40,"41":41,"42":42,"43":43,"44":44,"45":45,"46":46,"47":47,"48":48,"49":49,"50":50,"51":51,"52":52,"53":53,"54":54,"55":55,"56":56,"57":57,"58":58,"59":59,"60":60,"61":61,"62":62,"63":63,"64":64,"65":65,"66":66,"67":67,"68":68,"69":69,"70":70,"71":71,"72":72,"73":73,"74":74,"75":75,"76":76,"77":77,"78":78,"79":79,"80":80,"81":81,"82":82,"83":83,"84":84,"85":85,"86":86,"87":87,"88":88,"89":89,"90":90,"91":91,"92":92,"93":93,"94":94,"95":95,"96":96,"97":97,"98":98,"99":99},"mean":{"0":0.0394178298,"1":0.0483010014,"2":0.0589897964,"3":0.0307672222,"4":0.0289217532,"5":0.0289186902,"6":0.0460313956,"7":0.0581981275,"8":0.0353868273,"9":0.0560751888,"10":0.0486121972,"11":0.0276579327,"12":0.0338887208,"13":0.0560334921,"14":0.0387957229,"15":0.0431564599,"16":0.0633052058,"17":0.0267584307,"18":0.0408310029,"19":0.0349646476,"20":0.0364979042,"21":0.0504850911,"22":0.0359668202,"23":0.0359077917,"24":0.0268995828,"25":0.0385041734,"26":0.0344542993,"27":0.0387401779,"28":0.0428052081,"29":0.0315589938,"30":0.0344162285,"31":0.027593419,"32":0.0369757546,"33":0.0475431949,"34":0.0291488303,"35":0.0324290991,"36":0.0460015304,"37":0.0262507217,"38":0.043423603,"39":0.026296109,"40":0.0223425859,"41":0.0424741606,"42":0.036930422,"43":0.0276912252,"44":0.0383497439,"45":0.0610080295,"46":0.0309434666,"47":0.0380242646,"48":0.0346304708,"49":0.0298957527,"50":0.0382191605,"51":0.0463643335,"52":0.0294798911,"53":0.0181817545,"54":0.0401707623,"55":0.0349520412,"56":0.0324108534,"57":0.0415816638,"58":0.0325255791,"59":0.0307774146,"60":0.0347134935,"61":0.0341644486,"62":0.0344215102,"63":0.0504027572,"64":0.0569981668,"65":0.0786757708,"66":0.0510037541,"67":0.043987304,"68":0.0326952404,"69":0.0451887912,"70":0.0319229265,"71":0.0632943379,"72":0.0365563929,"73":0.0289078653,"74":0.038634234,"75":0.0389809807,"76":0.0565417012,"77":0.0414258507,"78":0.0587494373,"79":0.0492014653,"80":0.0405170918,"81":0.0434332258,"82":0.0439223382,"83":0.0381873935,"84":0.035178668,"85":0.0343640976,"86":0.0375892586,"87":0.0379644699,"88":0.0550016297,"89":0.0461892949,"90":0.0524097217,"91":0.0506834818,"92":0.0384209951,"93":0.0483599484,"94":0.0452816288,"95":0.0280086862,"96":0.0526073443,"97":0.0316335294,"98":0.0362818055,"99":0.0429608987},"median":{"0":0.0362910517,"1":0.0439714193,"2":0.0551159345,"3":0.0291065499,"4":0.0281528831,"5":0.0291479472,"6":0.0445130244,"7":0.0607036054,"8":0.0340115353,"9":0.0544417687,"10":0.0468950458,"11":0.0269726999,"12":0.0325332694,"13":0.0607651956,"14":0.0356535576,"15":0.0430006683,"16":0.063109912,"17":0.0261359736,"18":0.0402025171,"19":0.0344681889,"20":0.0336739086,"21":0.0495502353,"22":0.0367678665,"23":0.0354920067,"24":0.0274187904,"25":0.038560655,"26":0.0309602451,"27":0.036073368,"28":0.0444727167,"29":0.032382153,"30":0.03524407,"31":0.024774855,"32":0.0373687632,"33":0.0468943417,"34":0.0274049863,"35":0.0337910652,"36":0.0483257063,"37":0.0245172419,"38":0.0433670692,"39":0.0250896793,"40":0.0223823655,"41":0.0421021506,"42":0.0367990211,"43":0.0272724144,"44":0.0359904766,"45":0.0586978756,"46":0.0291732401,"47":0.0391132608,"48":0.0369503088,"49":0.0304852687,"50":0.0373365358,"51":0.0467826352,"52":0.0284512211,"53":0.0173460394,"54":0.0391544402,"55":0.0339301303,"56":0.0329521298,"57":0.0405530483,"58":0.0321193822,"59":0.027982194,"60":0.0338630415,"61":0.0335157327,"62":0.0342517123,"63":0.0504653268,"64":0.0614266247,"65":0.076131545,"66":0.051577881,"67":0.0418037921,"68":0.0327926241,"69":0.0454142839,"70":0.0306146294,"71":0.068773903,"72":0.0346596166,"73":0.028428331,"74":0.0385412909,"75":0.0390466377,"76":0.0584797822,"77":0.0420790091,"78":0.0559903644,"79":0.048660934,"80":0.0411594473,"81":0.0415185019,"82":0.0431497768,"83":0.0388975218,"84":0.0365165025,"85":0.0344697274,"86":0.0378331393,"87":0.0353821144,"88":0.0556757674,"89":0.0461145155,"90":0.0547560528,"91":0.0500862263,"92":0.0381121933,"93":0.0469744653,"94":0.0450648628,"95":0.0273633432,"96":0.0553415827,"97":0.0303459,"98":0.0341638327,"99":0.0419159085}}