{"cid":{"0":1,"1":1,"2":1,"3":1,"4":1,"5":1,"6":1,"7":1,"8":1,"9":1,"10":1,"11":1,"12":1,"13":1,"14":1,"15":1,"16":1,"17":1,"18":1,"19":1,"20":1,"21":1,"22":1,"23":1,"24":1,"25":1,"26":1,"27":1,"28":1,"29":1,"30":1,"31":1,"32":1,"33":1,"34":1,"35":1,"36":1,"37":1,"38":1,"39":1,"40":1,"41":1,"42":1,"43":1,"44":1,"45":1,"46":1,"47":1,"48":1,"49":1,"50":1,"51":1,"52":1,"53":1,"54":1,"55":1,"56":1,"57":1,"58":1,"59":1,"60":2,"61":2,"62":2,"63":2,"64":2,"65":2,"66":2,"67":2,"68":2,"69":2,"70":2,"71":2,"72":2,"73":2,"74":2,"75":2,"76":2,"77":2,"78":2,"79":2,"80":2,"81":2,"82":2,"83":2,"84":2,"85":2,"86":2,"87":2,"88":2,"89":2,"90":2,"91":2,"92":2,"93":2,"94":2,"95":2,"96":2,"97":2,"98":2,"99":2},"oid":{"0":0,"1":1,"2":2,"3":3,"4":4,"5":5,"6":6,"7":7,"8":8,"9":9,"10":10,"11":11,"12":12,"13":13,"14":14,"15":15,"16":16,"17":17,"18":18,"19":19,"20":20,"21":21,"22":22,"23":23,"24":24,"25":25,"26":26,"27":27,"28":28,"29":29,"30":30,"31":31,"32":32,"33":33,"34":34,"35":35,"36":36,"37":37,"38":38,"39":39,"40":40,"41":41,"42":42,"43":43,"44":44,"45":45,"46":46,"47":47,"48":48,"49":49,"50":50,"51":51,"52":52,"53":53,"54":54,"55":55,"56":56,"57":57,"58":58,"59":59,"60":60,"61":61,"62":62,"63":63,"64":64,"65":65,"66":66,"67":67,"68":68,"69":69,"70":70,"71":71,"72":72,"73":73,"74":74,"75":75,"76":76,"77":77,"78":78,"79":79,"80":80,"81":81,"82":82,"83":83,"84":84,"85":85,"86":86,"87":87,"88":88,"89":89,"90":90,"91":91,"92":92,"93":93,"94":94,"95":95,"96":96,"97":97,"98":98,"99":99},"mean":{"0":0.0471668541,"1":0.0317149262,"2":0.0309326251,"3":0.0368280113,"4":0.0276109775,"5":0.02548183,"6":0.0405683286,"7":0.0258958075,"8":0.0319823821,"9":0.0170721776,"10":0.0283711321,"11":0.0225072139,"12":0.0271819598,"13":0.0495154394,"14":0.0365667807,"15":0.0275414102,"16":0.0299372143,"17":0.0345619056,"18":0.0282800164,"19":0.0283099181,"20":0.0369953381,"21":0.0368918048,"22":0.0256488919,"23":0.0347330372,"24":0.0392488241,"25":0.0323264466,"26":0.0411816405,"27":0.0296033058,"28":0.0555237134,"29":0.0370784203,"30":0.0209417623,"31":0.0283187131,"32":0.026840402,"33":0.0262101769,"34":0.0311409036,"35":0.0329402718,"36":0.0258104437,"37":0.0235942503,"38":0.0608105858,"39":0.0207473867,"40":0.0418101847,"41":0.0405352016,"42":0.0476554367,"43":0.0324757563,"44":0.030866703,"45":0.0300158328,"46":0.0275777413,"47":0.0221509218,"48":0.030732337,"49":0.0193257663,"50":0.0314956407,"51":0.0222477093,"52":0.028659145,"53":0.0412226684,"54":0.0455929703,"55":0.0284840663,"56":0.028192699,"57":0.0431315038,"58":0.0395931138,"59":0.0302551819,"60":0.0368698802,"61":0.041964968,"62":0.0361282428,"63":0.0431993504,"64":0.0317906903,"65":0.0437961876,"66":0.0375523302,"67":0.0219204098,"68":0.0320449471,"69":0.043781807,"70":0.0325252513,"71":0.0508434077,"72":0.0382333365,"73":0.026153879,"74":0.0285386774,"75":0.0330239998,"76":0.0306781597,"77":0.0383618805,"78":0.0466309918,"79":0.0366301702,"80":0.0442201859,"81":0.0301833616,"82":0.0284211006,"83":0.0355084687,"84":0.0195495304,"85":0.029139181,"86":0.0287450188,"87":0.0289494726,"88":0.0481778615,"89":0.0284187992,"90":0.0375301705,"91":0.0262715651,"92":0.0297145844,"93":0.0504318118,"94":0.045055555,"95":0.0281003647,"96":0.0360185934,"97":0.03140177,"98":0.0396314487,"99":0.0512772931},"median":{"0":0.0470049493,"1":0.032654576,"2":0.028380489,"3":0.0361291915,"4":0.0269066319,"5":0.0248006638,"6":0.0390273966,"7":0.0248994976,"8":0.0310066082,"9":0.0169232674,"10":0.0285619386,"11":0.022951562,"12":0.0250204429,"13":0.0490673333,"14":0.0376595296,"15":0.0252214633,"16":0.0305456258,"17":0.0354717001,"18":0.0278800707,"19":0.0294180717,"20":0.0358153954,"21":0.0364303216,"22":0.0253944974,"23":0.0347670391,"24":0.0400580429,"25":0.0322872549,"26":0.0397191346,"27":0.0295173842,"28":0.0572009832,"29":0.0353596322,"30":0.0211868659,"31":0.0268003084,"32":0.0258972384,"33":0.0256545004,"34":0.0302716214,"35":0.0293422323,"36":0.0286335628,"37":0.0237294603,"38":0.0624982715,"39":0.0190624036,"40":0.0425919481,"41":0.0410796627,"42":0.0454404876,"43":0.032497514,"44":0.0309379343,"45":0.0280785542,"46":0.0270827245,"47":0.0216119848,"48":0.0313534737,"49":0.0201067217,"50":0.0308869034,"51":0.0212617293,"52":0.0287158918,"53":0.0415014289,"54":0.0444530062,"55":0.0262951404,"56":0.0277076364,"57":0.0434240811,"58":0.0408594459,"59":0.0302310381,"60":0.0374586359,"61":0.0441188104,"62":0.0350065492,"63":0.0437783711,"64":0.0315994024,"65":0.0441138633,"66":0.0381963477,"67":0.0212436114,"68":0.0317096896,"69":0.0425440781,"70":0.0322446935,"71":0.0506248735,"72":0.0399280004,"73":0.0268968791,"74":0.0287369341,"75":0.0345999934,"76":0.0305318125,"77":0.0373729132,"78":0.0493175462,"79":0.0368079469,"80":0.0457392894,"81":0.0298962779,"82":0.0275532715,"83":0.0334793627,"84":0.0196423791,"85":0.0298407171,"86":0.0279121045,"87":0.0287376791,"88":0.0461005643,"89":0.0289890002,"90":0.0364844725,"91":0.0255861916,"92":0.0297193229,"93":0.0486151017,"94":0.0449010879,"95":0.0300640333,"96":0.036848262,"97":0.0308760107,"98":0.0402120017,"99":0.0532215722}}