{"cid":{"0":1,"1":1,"2":1,"3":1,"4":1,"5":1,"6":1,"7":1,"8":1,"9":1,"10":1,"11":1,"12":1,"13":1,"14":1,"15":1,"16":1,"17":1,"18":1,"19":1,"20":1,"21":1,"22":1,"23":1,"24":1,"25":1,"26":1,"27":1,"28":1,"29":1,"30":1,"31":1,"32":1,"33":1,"34":1,"35":1,"36":1,"37":1,"38":1,"39":1,"40":1,"41":1,"42":1,"43":1,"44":1,"45":1,"46":1,"47":1,"48":1,"49":1,"50":1,"51":1,"52":1,"53":1,"54":1,"55":1,"56":1,"57":1,"58":1,"59":1,"60":2,"61":2,"62":2,"63":2,"64":2,"65":2,"66":2,"67":2,"68":2,"69":2,"70":2,"71":2,"72":2,"73":2,"74":2,"75":2,"76":2,"77":2,"78":2,"79":2,"80":2,"81":2,"82":2,"83":2,"84":2,"85":2,"86":2,"87":2,"88":2,"89":2,"90":2,"91":2,"92":2,"93":2,"94":2,"95":2,"96":2,"97":2,"98":2,"99":2},"oid":{"0":0,"1":1,"2":2,"3":3,"4":4,"5":5,"6":6,"7":7,"8":8,"9":9,"10":10,"11":11,"12":12,"13":13,"14":14,"15":15,"16":16,"17":17,"18":18,"19":19,"20":20,"21":21,"22":22,"23":23,"24":24,"25":25,"26":26,"27":27,"28":28,"29":29,"30":30,"31":31,"32":32,"33":33,"34":34,"35":35,"36":36,"37":37,"38":38,"39":39,"40":40,"41":41,"42":42,"43":43,"44":44,"45":45,"46":46,"47":47,"48":48,"49":49,"50":50,"51":51,"52":52,"53":53,"54":54,"55":55,"56":56,"57":57,"58":58,"59":59,"60":60,"61":61,"62":62,"63":63,"64":64,"65":65,"66":66,"67":67,"68":68,"69":69,"70":70,"71":71,"72":72,"73":73,"74":74,"75":75,"76":76,"77":77,"78":78,"79":79,"80":80,"81":81,"82":82,"83":83,"84":84,"85":85,"86":86,"87":87,"88":88,"89":89,"90":90,"91":91,"92":92,"93":93,"94":94,"95":95,"96":96,"97":97,"98":98,"99":99},"mean":{"0":0.0338938302,"1":0.0236649348,"2":0.0515511003,"3":0.0342239241,"4":0.0359560582,"5":0.0269315077,"6":0.0216311067,"7":0.042625063,"8":0.023963766,"9":0.0451408194,"10":0.0284304387,"11":0.0251749522,"12":0.0220819894,"13":0.0470662448,"14":0.0341986616,"15":0.0443057716,"16":0.0334408051,"17":0.0295349426,"18":0.0279600587,"19":0.0358990961,"20":0.0327493085,"21":0.0525024566,"22":0.0328862932,"23":0.0377780961,"24":0.0279756917,"25":0.0365905431,"26":0.0289367504,"27":0.0352184011,"28":0.0440381136,"29":0.0222138266,"30":0.0363127068,"31":0.0276142028,"32":0.039063712,"33":0.0538252413,"34":0.0237423529,"35":0.0243326525,"36":0.0368816124,"37":0.0417241918,"38":0.0238175293,"39":0.0244255033,"40":0.0371302565,"41":0.0301374263,"42":0.0473394493,"43":0.0206903799,"44":0.0308701005,"45":0.0209534301,"46":0.0336317221,"47":0.0280087054,"48":0.0278918511,"49":0.0267824299,"50":0.0227164725,"51":0.0291948393,"52":0.0179568297,"53":0.0385087132,"54":0.0472151438,"55":0.0407362315,"56":0.0315534539,"57":0.0276008265,"58":0.0469966465,"59":0.0336410171,"60":0.0376042393,"61":0.0295254125,"62":0.0355226133,"63":0.0330437885,"64":0.0498382979,"65":0.0533677101,"66":0.0472391877,"67":0.0278026521,"68":0.0207537893,"69":0.035974731,"70":0.0331073304,"71":0.0418966942,"72":0.0400554538,"73":0.028995504,"74":0.0246102777,"75":0.030076007,"76":0.0585746302,"77":0.0365001327,"78":0.0470389989,"79":0.0546685623,"80":0.0393207073,"81":0.0315142737,"82":0.0297945771,"83":0.0360681683,"84":0.0203548819,"85":0.0420097046,"86":0.0287967987,"87":0.0419956181,"88":0.0458587541,"89":0.0329588817,"90":0.0478784574,"91":0.0285030868,"92":0.0409448246,"93":0.0512516379,"94":0.0388790766,"95":0.0301754706,"96":0.0564268894,"97":0.0406320658,"98":0.0283639841,"99":0.0327679217},"median":{"0":0.0327610858,"1":0.0227416288,"2":0.0540213771,"3":0.0320903212,"4":0.0368830301,"5":0.0279419012,"6":0.023225937,"7":0.0444951206,"8":0.0234946068,"9":0.0447783954,"10":0.0283129457,"11":0.0247561447,"12":0.0224776696,"13":0.0464183725,"14":0.0336673148,"15":0.0443742983,"16":0.0329883508,"17":0.0295994654,"18":0.0279419366,"19":0.0345405228,"20":0.0302161332,"21":0.0540267192,"22":0.0328436643,"23":0.0371696353,"24":0.0283035282,"25":0.0356105864,"26":0.0242192056,"27":0.0343677513,"28":0.0453281514,"29":0.0214562695,"30":0.0373754203,"31":0.0285518151,"32":0.0397550985,"33":0.0514250398,"34":0.0196798369,"35":0.0255179908,"36":0.0385490544,"37":0.0414972976,"38":0.0226615518,"39":0.023576783,"40":0.0380075723,"41":0.0307503697,"42":0.0480157621,"43":0.0200860724,"44":0.0299343262,"45":0.0210719723,"46":0.0332575664,"47":0.0277381055,"48":0.0276905689,"49":0.0254802518,"50":0.0218810383,"51":0.0283731893,"52":0.0182062052,"53":0.0380244181,"54":0.0452294834,"55":0.0395584069,"56":0.0322999321,"57":0.0263966676,"58":0.0473287478,"59":0.0331940874,"60":0.0363123342,"61":0.028288357,"62":0.0347419418,"63":0.0337832011,"64":0.050686013,"65":0.0536191799,"66":0.048249688,"67":0.0273052938,"68":0.0199711397,"69":0.0350769944,"70":0.0319719948,"71":0.0425691009,"72":0.0398753434,"73":0.0307367444,"74":0.0242674816,"75":0.0291939583,"76":0.0597644709,"77":0.0340253897,"78":0.0466285646,"79":0.0559545495,"80":0.0406518616,"81":0.0325323455,"82":0.0303868614,"83":0.0379650518,"84":0.0201528035,"85":0.0422332287,"86":0.0290475097,"87":0.0393948555,"88":0.04659063,"89":0.0320834816,"90":0.0513983183,"91":0.0301618911,"92":0.0406004563,"93":0.0504499748,"94":0.0381333791,"95":0.030442778,"96":0.0581527054,"97":0.0410307795,"98":0.027311381,"99":0.0318751074}}