{"cid":{"0":1,"1":1,"2":1,"3":1,"4":1,"5":1,"6":1,"7":1,"8":1,"9":1,"10":1,"11":1,"12":1,"13":1,"14":1,"15":1,"16":1,"17":1,"18":1,"19":1,"20":1,"21":1,"22":1,"23":1,"24":1,"25":1,"26":1,"27":1,"28":1,"29":1,"30":1,"31":1,"32":1,"33":1,"34":1,"35":1,"36":1,"37":1,"38":1,"39":1,"40":1,"41":1,"42":1,"43":1,"44":1,"45":1,"46":1,"47":1,"48":1,"49":1,"50":1,"51":1,"52":1,"53":1,"54":1,"55":1,"56":1,"57":1,"58":1,"59":1,"60":2,"61":2,"62":2,"63":2,"64":2,"65":2,"66":2,"67":2,"68":2,"69":2,"70":2,"71":2,"72":2,"73":2,"74":2,"75":2,"76":2,"77":2,"78":2,"79":2,"80":2,"81":2,"82":2,"83":2,"84":2,"85":2,"86":2,"87":2,"88":2,"89":2,"90":2,"91":2,"92":2,"93":2,"94":2,"95":2,"96":2,"97":2,"98":2,"99":2},"oid":{"0":0,"1":1,"2":2,"3":3,"4":4,"5":5,"6":6,"7":7,"8":8,"9":9,"10":10,"11":11,"12":12,"13":13,"14":14,"15":15,"16":16,"17":17,"18":18,"19":19,"20":20,"21":21,"22":22,"23":23,"24":24,"25":25,"26":26,"27":27,"28":28,"29":29,"30":30,"31":31,"32":32,"33":33,"34":34,"35":35,"36":36,"37":37,"38":38,"39":39,"40":40,"41":41,"42":42,"43":43,"44":44,"45":45,"46":46,"47":47,"48":48,"49":49,"50":50,"51":51,"52":52,"53":53,"54":54,"55":55,"56":56,"57":57,"58":58,"59":59,"60":60,"61":61,"62":62,"63":63,"64":64,"65":65,"66":66,"67":67,"68":68,"69":69,"70":70,"71":71,"72":72,"73":73,"74":74,"75":75,"76":76,"77":77,"78":78,"79":79,"80":80,"81":81,"82":82,"83":83,"84":84,"85":85,"86":86,"87":87,"88":88,"89":89,"90":90,"91":91,"92":92,"93":93,"94":94,"95":95,"96":96,"97":97,"98":98,"99":99},"mean":{"0":0.0248570889,"1":0.0348445177,"2":0.0440523028,"3":0.0357704593,"4":0.0260103775,"5":0.0197086665,"6":0.0236272514,"7":0.0309826665,"8":0.0407407251,"9":0.0408101711,"10":0.0380347371,"11":0.0203108374,"12":0.0415325595,"13":0.0374488499,"14":0.0443040331,"15":0.0440492891,"16":0.0348916981,"17":0.040947934,"18":0.0288521349,"19":0.0233499722,"20":0.0328337351,"21":0.0377167728,"22":0.0232394818,"23":0.0389772124,"24":0.0256650034,"25":0.0346192982,"26":0.023848633,"27":0.0265169955,"28":0.0278350645,"29":0.0346784227,"30":0.029922463,"31":0.0352512101,"32":0.0447598696,"33":0.0273324788,"34":0.03147966,"35":0.0372276207,"36":0.0241662131,"37":0.0324850546,"38":0.0418283807,"39":0.0267717706,"40":0.0457393792,"41":0.0404815939,"42":0.0531811416,"43":0.0238769866,"44":0.0371578969,"45":0.0307498044,"46":0.0481181443,"47":0.0243350416,"48":0.0361925562,"49":0.0292770333,"50":0.031923208,"51":0.0358495861,"52":0.036155449,"53":0.0350329545,"54":0.0357201397,"55":0.0366540717,"56":0.0168500725,"57":0.0375910567,"58":0.0311045978,"59":0.0361181994,"60":0.0296855768,"61":0.0253588772,"62":0.047071086,"63":0.0430928171,"64":0.0420079331,"65":0.063092196,"66":0.0372796026,"67":0.0384712577,"68":0.0337524149,"69":0.0475494464,"70":0.0325364504,"71":0.0465389358,"72":0.0414775875,"73":0.030124214,"74":0.038713932,"75":0.038679007,"76":0.0938692623,"77":0.0536266698,"78":0.0366910696,"79":0.0430783265,"80":0.0291931828,"81":0.028883338,"82":0.0295880106,"83":0.0286132723,"84":0.0375438597,"85":0.0275119957,"86":0.0345211824,"87":0.0292116635,"88":0.0649172862,"89":0.0496163964,"90":0.0492529041,"91":0.0344161093,"92":0.0330626037,"93":0.0609858096,"94":0.0683618254,"95":0.0397916304,"96":0.0576192008,"97":0.0348568625,"98":0.0233851038,"99":0.0479022662},"median":{"0":0.0248542074,"1":0.0320123211,"2":0.0446233526,"3":0.0349420086,"4":0.0269303974,"5":0.0182044543,"6":0.024342278,"7":0.0294222571,"8":0.040715456,"9":0.0411394723,"10":0.037204694,"11":0.0205392856,"12":0.0408354253,"13":0.0355248787,"14":0.0434680544,"15":0.0437466428,"16":0.0345255323,"17":0.0421350934,"18":0.028336741,"19":0.0230707526,"20":0.032181032,"21":0.0376688763,"22":0.0229166299,"23":0.0408807769,"24":0.0258444082,"25":0.034521807,"26":0.023250984,"27":0.0260527395,"28":0.0274920333,"29":0.0357942693,"30":0.031036716,"31":0.0337827355,"32":0.0450118333,"33":0.0275461711,"34":0.0311894808,"35":0.0375203118,"36":0.0233141147,"37":0.0321781747,"38":0.0429067649,"39":0.0253861696,"40":0.0442983098,"41":0.0386035852,"42":0.0562407225,"43":0.0243234411,"44":0.0354280584,"45":0.0299041457,"46":0.0492244214,"47":0.0237443615,"48":0.0356346928,"49":0.0296415668,"50":0.0320137963,"51":0.036408715,"52":0.0360848606,"53":0.0334170423,"54":0.0341730714,"55":0.0336762741,"56":0.0173829515,"57":0.0380901173,"58":0.031908948,"59":0.0368683375,"60":0.028909171,"61":0.0241155829,"62":0.0493600778,"63":0.0398122929,"64":0.0416821092,"65":0.0578957051,"66":0.0365835652,"67":0.0356356986,"68":0.0327217281,"69":0.0461073406,"70":0.0325706676,"71":0.0456315875,"72":0.0439752154,"73":0.0280550476,"74":0.0386784971,"75":0.0395842642,"76":0.0937174633,"77":0.0528321825,"78":0.0364289545,"79":0.0437784716,"80":0.0284893475,"81":0.0300782491,"82":0.0276518688,"83":0.0286097787,"84":0.0382686928,"85":0.0265913084,"86":0.0339166485,"87":0.0288376436,"88":0.0655723065,"89":0.0489839017,"90":0.0514304712,"91":0.0347938687,"92":0.0299570076,"93":0.0620496199,"94":0.0718318,"95":0.0379564203,"96":0.0577301458,"97":0.0363519378,"98":0.0238816682,"99":0.0483948104}}