{"cid":{"0":1,"1":1,"2":1,"3":1,"4":1,"5":1,"6":1,"7":1,"8":1,"9":1,"10":1,"11":1,"12":1,"13":1,"14":1,"15":1,"16":1,"17":1,"18":1,"19":1,"20":1,"21":1,"22":1,"23":1,"24":1,"25":1,"26":1,"27":1,"28":1,"29":1,"30":1,"31":1,"32":1,"33":1,"34":1,"35":1,"36":1,"37":1,"38":1,"39":1,"40":1,"41":1,"42":1,"43":1,"44":1,"45":1,"46":1,"47":1,"48":1,"49":1,"50":1,"51":1,"52":1,"53":1,"54":1,"55":1,"56":1,"57":1,"58":1,"59":1,"60":2,"61":2,"62":2,"63":2,"64":2,"65":2,"66":2,"67":2,"68":2,"69":2,"70":2,"71":2,"72":2,"73":2,"74":2,"75":2,"76":2,"77":2,"78":2,"79":2,"80":2,"81":2,"82":2,"83":2,"84":2,"85":2,"86":2,"87":2,"88":2,"89":2,"90":2,"91":2,"92":2,"93":2,"94":2,"95":2,"96":2,"97":2,"98":2,"99":2},"oid":{"0":0,"1":1,"2":2,"3":3,"4":4,"5":5,"6":6,"7":7,"8":8,"9":9,"10":10,"11":11,"12":12,"13":13,"14":14,"15":15,"16":16,"17":17,"18":18,"19":19,"20":20,"21":21,"22":22,"23":23,"24":24,"25":25,"26":26,"27":27,"28":28,"29":29,"30":30,"31":31,"32":32,"33":33,"34":34,"35":35,"36":36,"37":37,"38":38,"39":39,"40":40,"41":41,"42":42,"43":43,"44":44,"45":45,"46":46,"47":47,"48":48,"49":49,"50":50,"51":51,"52":52,"53":53,"54":54,"55":55,"56":56,"57":57,"58":58,"59":59,"60":60,"61":61,"62":62,"63":63,"64":64,"65":65,"66":66,"67":67,"68":68,"69":69,"70":70,"71":71,"72":72,"73":73,"74":74,"75":75,"76":76,"77":77,"78":78,"79":79,"80":80,"81":81,"82":82,"83":83,"84":84,"85":85,"86":86,"87":87,"88":88,"89":89,"90":90,"91":91,"92":92,"93":93,"94":94,"95":95,"96":96,"97":97,"98":98,"99":99},"mean":{"0":0.0191253291,"1":0.0268168317,"2":0.0390215715,"3":0.0190962272,"4":0.0211567101,"5":0.0148851176,"6":0.0275598301,"7":0.029424366,"8":0.0287539032,"9":0.036726031,"10":0.0219384978,"11":0.0180037667,"12":0.0165821811,"13":0.0214382509,"14":0.0338150495,"15":0.0193546824,"16":0.0246838993,"17":0.0257932014,"18":0.0228224562,"19":0.0249878897,"20":0.0252378815,"21":0.0377183954,"22":0.021750826,"23":0.0310080614,"24":0.01836736,"25":0.0221957664,"26":0.0274529159,"27":0.0297368864,"28":0.0555363827,"29":0.0292645229,"30":0.0259695724,"31":0.0270548297,"32":0.0206167234,"33":0.0299643636,"34":0.0240472009,"35":0.0158667134,"36":0.0319303473,"37":0.0265109373,"38":0.0355254975,"39":0.0213073111,"40":0.0285906957,"41":0.0280999508,"42":0.028183553,"43":0.0224581874,"44":0.021905357,"45":0.0237724665,"46":0.017621643,"47":0.0249836951,"48":0.0165099651,"49":0.0172976653,"50":0.0212515162,"51":0.0177391004,"52":0.0185441888,"53":0.0331252151,"54":0.0331157512,"55":0.0171098659,"56":0.0137785168,"57":0.0233022687,"58":0.025280777,"59":0.0167214142,"60":0.0168554005,"61":0.0234907286,"62":0.0276271933,"63":0.0264523807,"64":0.0324517025,"65":0.0307510078,"66":0.0275936441,"67":0.0158435464,"68":0.0203533322,"69":0.0367399289,"70":0.0230842763,"71":0.0263266166,"72":0.0416673389,"73":0.0204954048,"74":0.0150867651,"75":0.0269040068,"76":0.0269557403,"77":0.0160424196,"78":0.0278131366,"79":0.0466942953,"80":0.0319000516,"81":0.0412702031,"82":0.0215289378,"83":0.0180803508,"84":0.0164047165,"85":0.0243450536,"86":0.0123413205,"87":0.0277448363,"88":0.0276449687,"89":0.0187764449,"90":0.0209480623,"91":0.0262429549,"92":0.0196103404,"93":0.0351882488,"94":0.0131377412,"95":0.0390363468,"96":0.0344753,"97":0.0341421167,"98":0.024131367,"99":0.0337062511},"median":{"0":0.0193856172,"1":0.026069086,"2":0.0395269543,"3":0.0174918883,"4":0.0202849191,"5":0.0144515038,"6":0.0260101706,"7":0.0304607935,"8":0.0296287779,"9":0.0339717418,"10":0.0218104608,"11":0.0179641936,"12":0.01671849,"13":0.0206961129,"14":0.0322422981,"15":0.0198875405,"16":0.0241746008,"17":0.0262498055,"18":0.0220591817,"19":0.0256373901,"20":0.0256559234,"21":0.0365174264,"22":0.0197912287,"23":0.0300738681,"24":0.0188162401,"25":0.0220118575,"26":0.027276516,"27":0.0310938358,"28":0.0542954095,"29":0.0294409767,"30":0.0259262063,"31":0.0266595874,"32":0.0195859894,"33":0.0304101072,"34":0.0234169159,"35":0.0153806377,"36":0.0344502218,"37":0.0269861072,"38":0.0349238999,"39":0.0209648069,"40":0.0279673077,"41":0.0297475737,"42":0.0284497049,"43":0.0213775821,"44":0.0221271999,"45":0.0241326969,"46":0.0169369727,"47":0.0239102878,"48":0.0164459907,"49":0.0162377357,"50":0.0212806147,"51":0.0174251758,"52":0.0187345631,"53":0.0330543481,"54":0.0340852626,"55":0.0175188072,"56":0.0141268317,"57":0.0221220627,"58":0.0238928851,"59":0.016174851,"60":0.0170565229,"61":0.0228551291,"62":0.0265992414,"63":0.0259829629,"64":0.0320070013,"65":0.0296008289,"66":0.0291830972,"67":0.0159021262,"68":0.0199256148,"69":0.03706735,"70":0.0218370277,"71":0.0269808564,"72":0.0406115316,"73":0.0200888477,"74":0.0145900901,"75":0.02735788,"76":0.0266227815,"77":0.0149101717,"78":0.0266930219,"79":0.0436123759,"80":0.031862054,"81":0.0419441909,"82":0.0213457756,"83":0.0168440714,"84":0.0166387521,"85":0.0251685195,"86":0.0117256213,"87":0.0263465215,"88":0.0280209407,"89":0.0191960875,"90":0.0208316445,"91":0.0258891024,"92":0.0201600995,"93":0.0349269435,"94":0.0126824509,"95":0.0405805819,"96":0.0351541638,"97":0.0342828408,"98":0.0226560794,"99":0.0317298546}}