{"cid":{"0":1,"1":1,"2":1,"3":1,"4":1,"5":1,"6":1,"7":1,"8":1,"9":1,"10":1,"11":1,"12":1,"13":1,"14":1,"15":1,"16":1,"17":1,"18":1,"19":1,"20":1,"21":1,"22":1,"23":1,"24":1,"25":1,"26":1,"27":1,"28":1,"29":1,"30":1,"31":1,"32":1,"33":1,"34":1,"35":1,"36":1,"37":1,"38":1,"39":1,"40":1,"41":1,"42":1,"43":1,"44":1,"45":1,"46":1,"47":1,"48":1,"49":1,"50":1,"51":1,"52":1,"53":1,"54":1,"55":1,"56":1,"57":1,"58":1,"59":1,"60":2,"61":2,"62":2,"63":2,"64":2,"65":2,"66":2,"67":2,"68":2,"69":2,"70":2,"71":2,"72":2,"73":2,"74":2,"75":2,"76":2,"77":2,"78":2,"79":2,"80":2,"81":2,"82":2,"83":2,"84":2,"85":2,"86":2,"87":2,"88":2,"89":2,"90":2,"91":2,"92":2,"93":2,"94":2,"95":2,"96":2,"97":2,"98":2,"99":2},"oid":{"0":0,"1":1,"2":2,"3":3,"4":4,"5":5,"6":6,"7":7,"8":8,"9":9,"10":10,"11":11,"12":12,"13":13,"14":14,"15":15,"16":16,"17":17,"18":18,"19":19,"20":20,"21":21,"22":22,"23":23,"24":24,"25":25,"26":26,"27":27,"28":28,"29":29,"30":30,"31":31,"32":32,"33":33,"34":34,"35":35,"36":36,"37":37,"38":38,"39":39,"40":40,"41":41,"42":42,"43":43,"44":44,"45":45,"46":46,"47":47,"48":48,"49":49,"50":50,"51":51,"52":52,"53":53,"54":54,"55":55,"56":56,"57":57,"58":58,"59":59,"60":60,"61":61,"62":62,"63":63,"64":64,"65":65,"66":66,"67":67,"68":68,"69":69,"70":70,"71":71,"72":72,"73":73,"74":74,"75":75,"76":76,"77":77,"78":78,"79":79,"80":80,"81":81,"82":82,"83":83,"84":84,"85":85,"86":86,"87":87,"88":88,"89":89,"90":90,"91":91,"92":92,"93":93,"94":94,"95":95,"96":96,"97":97,"98":98,"99":99},"mean":{"0":0.0285500023,"1":0.0247551103,"2":0.0357427332,"3":0.0203200661,"4":0.0245805383,"5":0.0242745247,"6":0.0316422251,"7":0.0250048025,"8":0.027252689,"9":0.0303717852,"10":0.0253661391,"11":0.0177136461,"12":0.0298957957,"13":0.0275914768,"14":0.0420016779,"15":0.0340245925,"16":0.0223281483,"17":0.0344074931,"18":0.030753798,"19":0.0267339696,"20":0.0265135202,"21":0.0475212369,"22":0.0214129041,"23":0.0333332188,"24":0.017460386,"25":0.0335427192,"26":0.0283245676,"27":0.0268019521,"28":0.0552285678,"29":0.0579710007,"30":0.0227080565,"31":0.0241627395,"32":0.0197656055,"33":0.0232277498,"34":0.0333932373,"35":0.0281951229,"36":0.023587962,"37":0.0273679892,"38":0.0505011843,"39":0.0305295454,"40":0.0265908506,"41":0.0288718906,"42":0.0370013184,"43":0.0214455575,"44":0.0289387312,"45":0.0164426135,"46":0.0174789379,"47":0.0257418483,"48":0.0284304453,"49":0.0190089577,"50":0.0332249006,"51":0.0209327992,"52":0.0192032622,"53":0.0250286725,"54":0.0451902946,"55":0.0245018452,"56":0.0323784086,"57":0.0334086451,"58":0.0307805339,"59":0.0308013923,"60":0.0330631269,"61":0.0319064723,"62":0.0508297748,"63":0.0363468958,"64":0.0302561058,"65":0.039620021,"66":0.0339120362,"67":0.0323810697,"68":0.0315208766,"69":0.0390011171,"70":0.0234439953,"71":0.0534634888,"72":0.0357333554,"73":0.0392105877,"74":0.0341621637,"75":0.0221801102,"76":0.0261406898,"77":0.0296865073,"78":0.0264126509,"79":0.0377705892,"80":0.0452910595,"81":0.0233704067,"82":0.0238827699,"83":0.0199308708,"84":0.0308183697,"85":0.040074567,"86":0.0251859758,"87":0.0351356102,"88":0.0269400742,"89":0.0369205077,"90":0.0356190436,"91":0.0293871363,"92":0.0336688227,"93":0.0483089745,"94":0.0399172372,"95":0.0381134484,"96":0.0427751276,"97":0.0337896016,"98":0.0340883918,"99":0.0383791526},"median":{"0":0.026582906,"1":0.0244867243,"2":0.0360875875,"3":0.0185517799,"4":0.0236683842,"5":0.0240526963,"6":0.0300386846,"7":0.0252095591,"8":0.0272039063,"9":0.0296733417,"10":0.0223605931,"11":0.0183078088,"12":0.0299800839,"13":0.0282334071,"14":0.0406444035,"15":0.0340599678,"16":0.0215824228,"17":0.0340202227,"18":0.0312413964,"19":0.0260826778,"20":0.0251899716,"21":0.047655493,"22":0.0216546282,"23":0.0351184718,"24":0.0163418036,"25":0.0329524614,"26":0.0293121953,"27":0.0273382347,"28":0.0545392409,"29":0.0590588078,"30":0.022240784,"31":0.0247819889,"32":0.0196998511,"33":0.023837734,"34":0.0320118219,"35":0.0281150751,"36":0.0231275018,"37":0.0272108428,"38":0.0493786745,"39":0.0276728887,"40":0.0255686697,"41":0.0282127168,"42":0.0365986601,"43":0.0218448061,"44":0.0293969382,"45":0.0159026776,"46":0.0168787278,"47":0.0247128084,"48":0.0285239499,"49":0.0187649261,"50":0.0352445506,"51":0.0204225332,"52":0.0180347431,"53":0.0241455287,"54":0.0427234359,"55":0.0236458983,"56":0.0315383449,"57":0.0336483903,"58":0.0283389445,"59":0.029420035,"60":0.0328098051,"61":0.0332030728,"62":0.0528183281,"63":0.036808569,"64":0.0281823054,"65":0.0362739787,"66":0.0313430279,"67":0.032260254,"68":0.031154545,"69":0.0382062905,"70":0.0226077102,"71":0.0529393218,"72":0.0363001488,"73":0.0393222719,"74":0.0334527045,"75":0.0211071689,"76":0.0259546358,"77":0.0302083623,"78":0.0260488801,"79":0.0372087918,"80":0.0454649776,"81":0.0234757513,"82":0.0237265993,"83":0.0199704245,"84":0.0314974301,"85":0.0408393331,"86":0.0241849124,"87":0.0332287624,"88":0.0267174542,"89":0.0354162157,"90":0.0362744331,"91":0.029601818,"92":0.0347323939,"93":0.0497103631,"94":0.0389026254,"95":0.037844155,"96":0.0430984981,"97":0.026345294,"98":0.0350997783,"99":0.0375426076}}