{"cid":{"0":1,"1":1,"2":1,"3":1,"4":1,"5":1,"6":1,"7":1,"8":1,"9":1,"10":1,"11":1,"12":1,"13":1,"14":1,"15":1,"16":1,"17":1,"18":1,"19":1,"20":1,"21":1,"22":1,"23":1,"24":1,"25":1,"26":1,"27":1,"28":1,"29":1,"30":1,"31":1,"32":1,"33":1,"34":1,"35":1,"36":1,"37":1,"38":1,"39":1,"40":1,"41":1,"42":1,"43":1,"44":1,"45":1,"46":1,"47":1,"48":1,"49":1,"50":1,"51":1,"52":1,"53":1,"54":1,"55":1,"56":1,"57":1,"58":1,"59":1,"60":2,"61":2,"62":2,"63":2,"64":2,"65":2,"66":2,"67":2,"68":2,"69":2,"70":2,"71":2,"72":2,"73":2,"74":2,"75":2,"76":2,"77":2,"78":2,"79":2,"80":2,"81":2,"82":2,"83":2,"84":2,"85":2,"86":2,"87":2,"88":2,"89":2,"90":2,"91":2,"92":2,"93":2,"94":2,"95":2,"96":2,"97":2,"98":2,"99":2},"oid":{"0":0,"1":1,"2":2,"3":3,"4":4,"5":5,"6":6,"7":7,"8":8,"9":9,"10":10,"11":11,"12":12,"13":13,"14":14,"15":15,"16":16,"17":17,"18":18,"19":19,"20":20,"21":21,"22":22,"23":23,"24":24,"25":25,"26":26,"27":27,"28":28,"29":29,"30":30,"31":31,"32":32,"33":33,"34":34,"35":35,"36":36,"37":37,"38":38,"39":39,"40":40,"41":41,"42":42,"43":43,"44":44,"45":45,"46":46,"47":47,"48":48,"49":49,"50":50,"51":51,"52":52,"53":53,"54":54,"55":55,"56":56,"57":57,"58":58,"59":59,"60":60,"61":61,"62":62,"63":63,"64":64,"65":65,"66":66,"67":67,"68":68,"69":69,"70":70,"71":71,"72":72,"73":73,"74":74,"75":75,"76":76,"77":77,"78":78,"79":79,"80":80,"81":81,"82":82,"83":83,"84":84,"85":85,"86":86,"87":87,"88":88,"89":89,"90":90,"91":91,"92":92,"93":93,"94":94,"95":95,"96":96,"97":97,"98":98,"99":99},"mean":{"0":0.0335928467,"1":0.0427764323,"2":0.0329622494,"3":0.0433985127,"4":0.0356653167,"5":0.0273553613,"6":0.0302956369,"7":0.0279807746,"8":0.0477628907,"9":0.0323319435,"10":0.0322916773,"11":0.0214217554,"12":0.0340265069,"13":0.0404368043,"14":0.0384722683,"15":0.0377459265,"16":0.0329094662,"17":0.0305909448,"18":0.0310707523,"19":0.0497768919,"20":0.0413643916,"21":0.0571437677,"22":0.0238385383,"23":0.0372254882,"24":0.0280147824,"25":0.0415320926,"26":0.0285424822,"27":0.0265679856,"28":0.0289407306,"29":0.0540137158,"30":0.042223338,"31":0.0315321618,"32":0.0503563152,"33":0.0353503317,"34":0.0311583877,"35":0.0481523905,"36":0.0260737174,"37":0.0246419658,"38":0.0594963829,"39":0.0346796082,"40":0.0529950725,"41":0.0530989832,"42":0.0435929232,"43":0.0310965478,"44":0.0274732783,"45":0.0334779488,"46":0.028465569,"47":0.0267334044,"48":0.0378872189,"49":0.0298904909,"50":0.0341318581,"51":0.0412416346,"52":0.0213737736,"53":0.0439100795,"54":0.0500998331,"55":0.0448665486,"56":0.0305231346,"57":0.0618268119,"58":0.0411781669,"59":0.0470855501,"60":0.026013679,"61":0.0397382213,"62":0.0498401324,"63":0.0384255085,"64":0.0589309335,"65":0.0441940486,"66":0.0469317602,"67":0.0443010747,"68":0.0300290849,"69":0.0473025706,"70":0.0326564345,"71":0.0406415661,"72":0.0493555897,"73":0.0297977825,"74":0.0349359711,"75":0.042028192,"76":0.0459320678,"77":0.0607555045,"78":0.0433338417,"79":0.0497560534,"80":0.046560665,"81":0.019430437,"82":0.0460205012,"83":0.0208090618,"84":0.0172118826,"85":0.0255739457,"86":0.0209246675,"87":0.0414486594,"88":0.037891676,"89":0.0262192786,"90":0.0397655533,"91":0.0503975451,"92":0.0253369278,"93":0.0574039221,"94":0.0419316358,"95":0.0281376971,"96":0.0369715128,"97":0.0381188161,"98":0.0347872637,"99":0.0524365968},"median":{"0":0.0331148319,"1":0.0434133261,"2":0.0302878674,"3":0.0411955267,"4":0.0359636359,"5":0.0266252626,"6":0.0311536994,"7":0.0290071033,"8":0.0479992069,"9":0.0322131999,"10":0.032879658,"11":0.0210332889,"12":0.0358937904,"13":0.0421627574,"14":0.0382085405,"15":0.0383049436,"16":0.0335655436,"17":0.0288524069,"18":0.0318477303,"19":0.0491038337,"20":0.0409359857,"21":0.0551558957,"22":0.0231167488,"23":0.0367753729,"24":0.0267067105,"25":0.0401271284,"26":0.0292998254,"27":0.0246875416,"28":0.0283140074,"29":0.0543054342,"30":0.0402110219,"31":0.0316446908,"32":0.0469954982,"33":0.035764534,"34":0.0310471095,"35":0.0486254543,"36":0.0253970604,"37":0.0248401389,"38":0.0588601902,"39":0.0350640528,"40":0.0588263124,"41":0.0525841452,"42":0.0387984291,"43":0.0318181925,"44":0.028165793,"45":0.0336042158,"46":0.0282312464,"47":0.0260624401,"48":0.0365581997,"49":0.0295322612,"50":0.0330073722,"51":0.0418543592,"52":0.0219048485,"53":0.0458740368,"54":0.0471008159,"55":0.0431619398,"56":0.0302699171,"57":0.0615028851,"58":0.0403035507,"59":0.0489769839,"60":0.0261320546,"61":0.0399476141,"62":0.048200883,"63":0.0372397602,"64":0.0585164055,"65":0.0418128148,"66":0.0481798388,"67":0.0448815078,"68":0.0287537761,"69":0.0466446429,"70":0.0321740806,"71":0.0361794569,"72":0.0524519011,"73":0.0292902645,"74":0.0344202407,"75":0.0444353484,"76":0.045207981,"77":0.060401056,"78":0.044115331,"79":0.0485714972,"80":0.0480536036,"81":0.0190240517,"82":0.0473350734,"83":0.0209429078,"84":0.0156326536,"85":0.0258505922,"86":0.0224575195,"87":0.0422011763,"88":0.0373573527,"89":0.0250716209,"90":0.0387085974,"91":0.0517352819,"92":0.0208592489,"93":0.057853356,"94":0.041042354,"95":0.0285444446,"96":0.0356141031,"97":0.0396851376,"98":0.0364997163,"99":0.0552111343}}