{"cid":{"0":1,"1":1,"2":1,"3":1,"4":1,"5":1,"6":1,"7":1,"8":1,"9":1,"10":1,"11":1,"12":1,"13":1,"14":1,"15":1,"16":1,"17":1,"18":1,"19":1,"20":1,"21":1,"22":1,"23":1,"24":1,"25":1,"26":1,"27":1,"28":1,"29":1,"30":1,"31":1,"32":1,"33":1,"34":1,"35":1,"36":1,"37":1,"38":1,"39":1,"40":1,"41":1,"42":1,"43":1,"44":1,"45":1,"46":1,"47":1,"48":1,"49":1,"50":1,"51":1,"52":1,"53":1,"54":1,"55":1,"56":1,"57":1,"58":1,"59":1,"60":2,"61":2,"62":2,"63":2,"64":2,"65":2,"66":2,"67":2,"68":2,"69":2,"70":2,"71":2,"72":2,"73":2,"74":2,"75":2,"76":2,"77":2,"78":2,"79":2,"80":2,"81":2,"82":2,"83":2,"84":2,"85":2,"86":2,"87":2,"88":2,"89":2,"90":2,"91":2,"92":2,"93":2,"94":2,"95":2,"96":2,"97":2,"98":2,"99":2},"oid":{"0":0,"1":1,"2":2,"3":3,"4":4,"5":5,"6":6,"7":7,"8":8,"9":9,"10":10,"11":11,"12":12,"13":13,"14":14,"15":15,"16":16,"17":17,"18":18,"19":19,"20":20,"21":21,"22":22,"23":23,"24":24,"25":25,"26":26,"27":27,"28":28,"29":29,"30":30,"31":31,"32":32,"33":33,"34":34,"35":35,"36":36,"37":37,"38":38,"39":39,"40":40,"41":41,"42":42,"43":43,"44":44,"45":45,"46":46,"47":47,"48":48,"49":49,"50":50,"51":51,"52":52,"53":53,"54":54,"55":55,"56":56,"57":57,"58":58,"59":59,"60":60,"61":61,"62":62,"63":63,"64":64,"65":65,"66":66,"67":67,"68":68,"69":69,"70":70,"71":71,"72":72,"73":73,"74":74,"75":75,"76":76,"77":77,"78":78,"79":79,"80":80,"81":81,"82":82,"83":83,"84":84,"85":85,"86":86,"87":87,"88":88,"89":89,"90":90,"91":91,"92":92,"93":93,"94":94,"95":95,"96":96,"97":97,"98":98,"99":99},"mean":{"0":0.0272799101,"1":0.0283119712,"2":0.0336909791,"3":0.0208285617,"4":0.0261422313,"5":0.0264219923,"6":0.0315738718,"7":0.0322172046,"8":0.0236186402,"9":0.0384954049,"10":0.0292285648,"11":0.023324473,"12":0.0107548684,"13":0.0329434209,"14":0.0373781588,"15":0.0401722863,"16":0.0239025884,"17":0.0352387759,"18":0.0321059657,"19":0.0266460263,"20":0.0310536126,"21":0.0302123858,"22":0.0172440675,"23":0.0321773986,"24":0.0237929026,"25":0.0300459663,"26":0.0314138598,"27":0.0244369821,"28":0.027309729,"29":0.0389789873,"30":0.0167448111,"31":0.023888376,"32":0.0351578626,"33":0.0256424189,"34":0.0186508364,"35":0.0263911717,"36":0.0360415181,"37":0.0298920539,"38":0.035030408,"39":0.0250804689,"40":0.0262411402,"41":0.0266108215,"42":0.0334082511,"43":0.0201917158,"44":0.0310745295,"45":0.0221339961,"46":0.0204546915,"47":0.0199712723,"48":0.026485718,"49":0.0140894403,"50":0.0414896905,"51":0.0286693741,"52":0.0153812932,"53":0.031989389,"54":0.0383590129,"55":0.0325577127,"56":0.0139563978,"57":0.0309703251,"58":0.023806019,"59":0.0221836252,"60":0.0244278742,"61":0.0395203763,"62":0.0376572576,"63":0.0412507289,"64":0.0306802922,"65":0.0478611022,"66":0.0379561318,"67":0.0318522573,"68":0.0275915878,"69":0.0364221964,"70":0.0517079698,"71":0.0451227095,"72":0.0255327125,"73":0.023473627,"74":0.0198991961,"75":0.0218717605,"76":0.0509669847,"77":0.0299856895,"78":0.0368123253,"79":0.0373408099,"80":0.0386695166,"81":0.0307322012,"82":0.0348739227,"83":0.0150157586,"84":0.0270443526,"85":0.0222278949,"86":0.0230306602,"87":0.0422487987,"88":0.0398347775,"89":0.0402595268,"90":0.0415952636,"91":0.0343496038,"92":0.0380717715,"93":0.0453665614,"94":0.0425235762,"95":0.0314904186,"96":0.025740746,"97":0.0363219976,"98":0.0341320708,"99":0.0480952263},"median":{"0":0.0240930226,"1":0.0287080277,"2":0.0317219347,"3":0.0209322423,"4":0.0267170817,"5":0.0269024987,"6":0.031852331,"7":0.0332220793,"8":0.0231742654,"9":0.037309397,"10":0.0263059232,"11":0.0235361103,"12":0.0106812809,"13":0.0301479455,"14":0.036015708,"15":0.0416394323,"16":0.0239008628,"17":0.0346976593,"18":0.0319383182,"19":0.0271251164,"20":0.0299568027,"21":0.0310608447,"22":0.0156676359,"23":0.0343590118,"24":0.021608945,"25":0.029954249,"26":0.0334363542,"27":0.0250523314,"28":0.0273307767,"29":0.0387325026,"30":0.0170546584,"31":0.0237147138,"32":0.0359726474,"33":0.0252617542,"34":0.0175977796,"35":0.0258489065,"36":0.0338196531,"37":0.0295906123,"38":0.0333692469,"39":0.021945551,"40":0.0244053062,"41":0.0266690552,"42":0.0337716118,"43":0.0194218494,"44":0.0327184051,"45":0.0211123098,"46":0.0196424592,"47":0.0192692336,"48":0.0262915269,"49":0.0127266767,"50":0.0383618772,"51":0.0272493586,"52":0.0152976122,"53":0.032073766,"54":0.0358015187,"55":0.0329798982,"56":0.0145759219,"57":0.0320280716,"58":0.0233166385,"59":0.0220054146,"60":0.0242178589,"61":0.0406655222,"62":0.0369569883,"63":0.0424858481,"64":0.0284981262,"65":0.0464470536,"66":0.0362201631,"67":0.0312715098,"68":0.0280134324,"69":0.0348620266,"70":0.0475111231,"71":0.0429192334,"72":0.0247594137,"73":0.0237466935,"74":0.0179914534,"75":0.0219438653,"76":0.051318299,"77":0.0282342583,"78":0.0365309641,"79":0.0376124457,"80":0.0410298817,"81":0.027460441,"82":0.0339751206,"83":0.0149866417,"84":0.0270392876,"85":0.0216531791,"86":0.0219607204,"87":0.0419129692,"88":0.0404083394,"89":0.0408593491,"90":0.0429868214,"91":0.0304210801,"92":0.0391676426,"93":0.046071738,"94":0.0413594283,"95":0.030270122,"96":0.024599256,"97":0.03323704,"98":0.0352343544,"99":0.0479051955}}