{"cid":{"0":1,"1":1,"2":1,"3":1,"4":1,"5":1,"6":1,"7":1,"8":1,"9":1,"10":1,"11":1,"12":1,"13":1,"14":1,"15":1,"16":1,"17":1,"18":1,"19":1,"20":1,"21":1,"22":1,"23":1,"24":1,"25":1,"26":1,"27":1,"28":1,"29":1,"30":1,"31":1,"32":1,"33":1,"34":1,"35":1,"36":1,"37":1,"38":1,"39":1,"40":1,"41":1,"42":1,"43":1,"44":1,"45":1,"46":1,"47":1,"48":1,"49":1,"50":1,"51":1,"52":1,"53":1,"54":1,"55":1,"56":1,"57":1,"58":1,"59":1,"60":2,"61":2,"62":2,"63":2,"64":2,"65":2,"66":2,"67":2,"68":2,"69":2,"70":2,"71":2,"72":2,"73":2,"74":2,"75":2,"76":2,"77":2,"78":2,"79":2,"80":2,"81":2,"82":2,"83":2,"84":2,"85":2,"86":2,"87":2,"88":2,"89":2,"90":2,"91":2,"92":2,"93":2,"94":2,"95":2,"96":2,"97":2,"98":2,"99":2},"oid":{"0":0,"1":1,"2":2,"3":3,"4":4,"5":5,"6":6,"7":7,"8":8,"9":9,"10":10,"11":11,"12":12,"13":13,"14":14,"15":15,"16":16,"17":17,"18":18,"19":19,"20":20,"21":21,"22":22,"23":23,"24":24,"25":25,"26":26,"27":27,"28":28,"29":29,"30":30,"31":31,"32":32,"33":33,"34":34,"35":35,"36":36,"37":37,"38":38,"39":39,"40":40,"41":41,"42":42,"43":43,"44":44,"45":45,"46":46,"47":47,"48":48,"49":49,"50":50,"51":51,"52":52,"53":53,"54":54,"55":55,"56":56,"57":57,"58":58,"59":59,"60":60,"61":61,"62":62,"63":63,"64":64,"65":65,"66":66,"67":67,"68":68,"69":69,"70":70,"71":71,"72":72,"73":73,"74":74,"75":75,"76":76,"77":77,"78":78,"79":79,"80":80,"81":81,"82":82,"83":83,"84":84,"85":85,"86":86,"87":87,"88":88,"89":89,"90":90,"91":91,"92":92,"93":93,"94":94,"95":95,"96":96,"97":97,"98":98,"99":99},"mean":{"0":0.0404047966,"1":0.030963401,"2":0.0632273489,"3":0.0327475468,"4":0.0317736732,"5":0.0281489624,"6":0.0385567546,"7":0.0279235707,"8":0.0327918033,"9":0.0434901582,"10":0.029066354,"11":0.0293880039,"12":0.0370929837,"13":0.037676745,"14":0.0277993381,"15":0.0303141233,"16":0.0335727301,"17":0.0354786052,"18":0.0362553464,"19":0.022117469,"20":0.0305442943,"21":0.0553439392,"22":0.0244086236,"23":0.0370328857,"24":0.0320686864,"25":0.0313297047,"26":0.0352209475,"27":0.0257239789,"28":0.0248565475,"29":0.0296813283,"30":0.0266948417,"31":0.0411388907,"32":0.0220828768,"33":0.0370561987,"34":0.0256370819,"35":0.0298841265,"36":0.029614124,"37":0.0240397222,"38":0.0249924196,"39":0.029081987,"40":0.0287479096,"41":0.0362811817,"42":0.0269205471,"43":0.0279692709,"44":0.0336064026,"45":0.0213755303,"46":0.0326607956,"47":0.0348181188,"48":0.0323224465,"49":0.0236817565,"50":0.0226679444,"51":0.0310352035,"52":0.025924272,"53":0.0296027958,"54":0.0279551215,"55":0.0286211272,"56":0.0212830669,"57":0.034505152,"58":0.0270633681,"59":0.0277253224,"60":0.0214484533,"61":0.0403642654,"62":0.0453957717,"63":0.0279353857,"64":0.034659432,"65":0.0344256788,"66":0.041092972,"67":0.0253811806,"68":0.0341748661,"69":0.0462999145,"70":0.0345702138,"71":0.0381485621,"72":0.0257081456,"73":0.0354196628,"74":0.0312449204,"75":0.0345122086,"76":0.0555287335,"77":0.0362650487,"78":0.0539120171,"79":0.0302398304,"80":0.0368235078,"81":0.0245271259,"82":0.0370504326,"83":0.0260172009,"84":0.0167580148,"85":0.0200687713,"86":0.0281571613,"87":0.0365691119,"88":0.0233475731,"89":0.0340687831,"90":0.0498809252,"91":0.0301360488,"92":0.0232402881,"93":0.0839111567,"94":0.0362051196,"95":0.0375905765,"96":0.0436508788,"97":0.0250116305,"98":0.0248883553,"99":0.0321566794},"median":{"0":0.0421748236,"1":0.0288238171,"2":0.057743758,"3":0.0328781195,"4":0.0277338233,"5":0.0284945369,"6":0.0390306972,"7":0.0290125199,"8":0.0313325524,"9":0.0434557684,"10":0.0286837555,"11":0.0293828212,"12":0.0372271724,"13":0.0357146077,"14":0.0265658908,"15":0.0303787552,"16":0.0352501236,"17":0.0346071832,"18":0.0365734585,"19":0.0202891808,"20":0.030017497,"21":0.0572471134,"22":0.0217262767,"23":0.0376432911,"24":0.0313333869,"25":0.0316844322,"26":0.0311537627,"27":0.0258732345,"28":0.0242998898,"29":0.0298259668,"30":0.0262923613,"31":0.0398843847,"32":0.0207263641,"33":0.0385562554,"34":0.0257848483,"35":0.0298586376,"36":0.030795021,"37":0.0237279125,"38":0.0223676357,"39":0.0261207558,"40":0.0288128834,"41":0.0361032449,"42":0.0273940917,"43":0.0273495223,"44":0.0342318416,"45":0.0213538222,"46":0.0341550969,"47":0.0355248004,"48":0.0326747969,"49":0.0226451121,"50":0.022560697,"51":0.0321019366,"52":0.0268523283,"53":0.0278749969,"54":0.0282170009,"55":0.0287463553,"56":0.0209301896,"57":0.0358280465,"58":0.0254156329,"59":0.0266795345,"60":0.0204834789,"61":0.0411035232,"62":0.0480511487,"63":0.0269510467,"64":0.033037629,"65":0.034869425,"66":0.0398767516,"67":0.0254183616,"68":0.0328557566,"69":0.0466967598,"70":0.0313605554,"71":0.0379726924,"72":0.026203163,"73":0.0334507041,"74":0.0307212677,"75":0.0350658782,"76":0.0514055528,"77":0.0368821099,"78":0.0528524891,"79":0.0297599919,"80":0.0327830389,"81":0.0252240747,"82":0.0363970324,"83":0.0264024306,"84":0.0168301333,"85":0.0200930648,"86":0.0280572772,"87":0.0368111767,"88":0.0238415375,"89":0.0336549878,"90":0.0481584109,"91":0.0308346599,"92":0.0230520722,"93":0.0791146085,"94":0.0357075185,"95":0.035901323,"96":0.0440403558,"97":0.0207770411,"98":0.0259911045,"99":0.0327491239}}