{"cid":{"0":1,"1":1,"2":1,"3":1,"4":1,"5":1,"6":1,"7":1,"8":1,"9":1,"10":1,"11":1,"12":1,"13":1,"14":1,"15":1,"16":1,"17":1,"18":1,"19":1,"20":1,"21":1,"22":1,"23":1,"24":1,"25":1,"26":1,"27":1,"28":1,"29":1,"30":1,"31":1,"32":1,"33":1,"34":1,"35":1,"36":1,"37":1,"38":1,"39":1,"40":1,"41":1,"42":1,"43":1,"44":1,"45":1,"46":1,"47":1,"48":1,"49":1,"50":1,"51":1,"52":1,"53":1,"54":1,"55":1,"56":1,"57":1,"58":1,"59":1,"60":2,"61":2,"62":2,"63":2,"64":2,"65":2,"66":2,"67":2,"68":2,"69":2,"70":2,"71":2,"72":2,"73":2,"74":2,"75":2,"76":2,"77":2,"78":2,"79":2,"80":2,"81":2,"82":2,"83":2,"84":2,"85":2,"86":2,"87":2,"88":2,"89":2,"90":2,"91":2,"92":2,"93":2,"94":2,"95":2,"96":2,"97":2,"98":2,"99":2},"oid":{"0":0,"1":1,"2":2,"3":3,"4":4,"5":5,"6":6,"7":7,"8":8,"9":9,"10":10,"11":11,"12":12,"13":13,"14":14,"15":15,"16":16,"17":17,"18":18,"19":19,"20":20,"21":21,"22":22,"23":23,"24":24,"25":25,"26":26,"27":27,"28":28,"29":29,"30":30,"31":31,"32":32,"33":33,"34":34,"35":35,"36":36,"37":37,"38":38,"39":39,"40":40,"41":41,"42":42,"43":43,"44":44,"45":45,"46":46,"47":47,"48":48,"49":49,"50":50,"51":51,"52":52,"53":53,"54":54,"55":55,"56":56,"57":57,"58":58,"59":59,"60":60,"61":61,"62":62,"63":63,"64":64,"65":65,"66":66,"67":67,"68":68,"69":69,"70":70,"71":71,"72":72,"73":73,"74":74,"75":75,"76":76,"77":77,"78":78,"79":79,"80":80,"81":81,"82":82,"83":83,"84":84,"85":85,"86":86,"87":87,"88":88,"89":89,"90":90,"91":91,"92":92,"93":93,"94":94,"95":95,"96":96,"97":97,"98":98,"99":99},"mean":{"0":0.0386623409,"1":0.0279529128,"2":0.0485890706,"3":0.0364563829,"4":0.0341577331,"5":0.0238882899,"6":0.0329283178,"7":0.0572470956,"8":0.0406131513,"9":0.0496700307,"10":0.0359672341,"11":0.0233665142,"12":0.0349891649,"13":0.0457701153,"14":0.0509312517,"15":0.0357580408,"16":0.0257156458,"17":0.0263936023,"18":0.0300942726,"19":0.0386756394,"20":0.0297965573,"21":0.0420516895,"22":0.017804275,"23":0.020071384,"24":0.0140096413,"25":0.0320418013,"26":0.0377845367,"27":0.0312676695,"28":0.0333433217,"29":0.0279899438,"30":0.0300440397,"31":0.0413856175,"32":0.0260533128,"33":0.0551231265,"34":0.0348632005,"35":0.0356448624,"36":0.0249968966,"37":0.0394040081,"38":0.0253033919,"39":0.0317036443,"40":0.0264943408,"41":0.0409367416,"42":0.0322757992,"43":0.0191937983,"44":0.0314313918,"45":0.0300684041,"46":0.0232483579,"47":0.0300257802,"48":0.0214179771,"49":0.021471507,"50":0.0393274426,"51":0.0265994854,"52":0.0173360142,"53":0.0352820986,"54":0.0300662253,"55":0.0246065375,"56":0.0277218372,"57":0.0430920389,"58":0.0233186649,"59":0.0222485099,"60":0.0277633882,"61":0.0417248607,"62":0.0410975582,"63":0.028287424,"64":0.028363602,"65":0.0534206629,"66":0.029021889,"67":0.0250868618,"68":0.0315669576,"69":0.0346594188,"70":0.0393936899,"71":0.0316180454,"72":0.0471752584,"73":0.0416476991,"74":0.0270502435,"75":0.0196186735,"76":0.0450083547,"77":0.0398465163,"78":0.0459683935,"79":0.0534003807,"80":0.0386144254,"81":0.0363843905,"82":0.0332820217,"83":0.0234499648,"84":0.0195869174,"85":0.0252593921,"86":0.0246336758,"87":0.0440002018,"88":0.0401746134,"89":0.0322793921,"90":0.0384047627,"91":0.0357204808,"92":0.025883019,"93":0.0454744339,"94":0.033876833,"95":0.0329489575,"96":0.0414747563,"97":0.0312420858,"98":0.0233358592,"99":0.040144321},"median":{"0":0.0344631821,"1":0.0268703587,"2":0.0488487706,"3":0.0361080058,"4":0.0333465524,"5":0.0234494992,"6":0.0304572359,"7":0.0591368526,"8":0.0388173275,"9":0.0471522845,"10":0.0326069742,"11":0.0224801116,"12":0.0356805511,"13":0.048021365,"14":0.0506910048,"15":0.0366537422,"16":0.0239599049,"17":0.0251603108,"18":0.0296269394,"19":0.0403281115,"20":0.0295008644,"21":0.0420823656,"22":0.0178427789,"23":0.0198869947,"24":0.0137097919,"25":0.0290500801,"26":0.0374272577,"27":0.0318078175,"28":0.0327346586,"29":0.0292967036,"30":0.0303286519,"31":0.0419406034,"32":0.0271147471,"33":0.0557139553,"34":0.0333925225,"35":0.036592003,"36":0.028151961,"37":0.0401926376,"38":0.0259290766,"39":0.0283591039,"40":0.0253420956,"41":0.0385569409,"42":0.0331222825,"43":0.0191191975,"44":0.0321861133,"45":0.0295567699,"46":0.0223286431,"47":0.0289647952,"48":0.0204695016,"49":0.0206524171,"50":0.0367740095,"51":0.0267412718,"52":0.0166720059,"53":0.0354160853,"54":0.0298811793,"55":0.024448853,"56":0.0273657367,"57":0.0442464016,"58":0.0221392475,"59":0.0224763807,"60":0.0284442697,"61":0.0411306806,"62":0.0411500297,"63":0.0254826527,"64":0.0273949653,"65":0.0523473993,"66":0.0271555129,"67":0.0254911985,"68":0.0308335852,"69":0.0351025239,"70":0.036617849,"71":0.0342608355,"72":0.047134269,"73":0.0430888794,"74":0.0266626813,"75":0.0188503023,"76":0.0454544313,"77":0.0382377282,"78":0.0454055965,"79":0.0560017042,"80":0.0390882939,"81":0.0352327153,"82":0.0330822095,"83":0.0230423696,"84":0.0189910196,"85":0.0249764528,"86":0.0251952335,"87":0.0441449694,"88":0.0421782881,"89":0.0307265054,"90":0.0390339158,"91":0.0368859097,"92":0.0256677102,"93":0.0447643884,"94":0.0327845067,"95":0.0352867246,"96":0.0408693142,"97":0.0260638054,"98":0.0241828188,"99":0.0409910344}}