{"cid":{"0":1,"1":1,"2":1,"3":1,"4":1,"5":1,"6":1,"7":1,"8":1,"9":1,"10":1,"11":1,"12":1,"13":1,"14":1,"15":1,"16":1,"17":1,"18":1,"19":1,"20":1,"21":1,"22":1,"23":1,"24":1,"25":1,"26":1,"27":1,"28":1,"29":1,"30":1,"31":1,"32":1,"33":1,"34":1,"35":1,"36":1,"37":1,"38":1,"39":1,"40":1,"41":1,"42":1,"43":1,"44":1,"45":1,"46":1,"47":1,"48":1,"49":1,"50":1,"51":1,"52":1,"53":1,"54":1,"55":1,"56":1,"57":1,"58":1,"59":1,"60":2,"61":2,"62":2,"63":2,"64":2,"65":2,"66":2,"67":2,"68":2,"69":2,"70":2,"71":2,"72":2,"73":2,"74":2,"75":2,"76":2,"77":2,"78":2,"79":2,"80":2,"81":2,"82":2,"83":2,"84":2,"85":2,"86":2,"87":2,"88":2,"89":2,"90":2,"91":2,"92":2,"93":2,"94":2,"95":2,"96":2,"97":2,"98":2,"99":2},"oid":{"0":0,"1":1,"2":2,"3":3,"4":4,"5":5,"6":6,"7":7,"8":8,"9":9,"10":10,"11":11,"12":12,"13":13,"14":14,"15":15,"16":16,"17":17,"18":18,"19":19,"20":20,"21":21,"22":22,"23":23,"24":24,"25":25,"26":26,"27":27,"28":28,"29":29,"30":30,"31":31,"32":32,"33":33,"34":34,"35":35,"36":36,"37":37,"38":38,"39":39,"40":40,"41":41,"42":42,"43":43,"44":44,"45":45,"46":46,"47":47,"48":48,"49":49,"50":50,"51":51,"52":52,"53":53,"54":54,"55":55,"56":56,"57":57,"58":58,"59":59,"60":60,"61":61,"62":62,"63":63,"64":64,"65":65,"66":66,"67":67,"68":68,"69":69,"70":70,"71":71,"72":72,"73":73,"74":74,"75":75,"76":76,"77":77,"78":78,"79":79,"80":80,"81":81,"82":82,"83":83,"84":84,"85":85,"86":86,"87":87,"88":88,"89":89,"90":90,"91":91,"92":92,"93":93,"94":94,"95":95,"96":96,"97":97,"98":98,"99":99},"mean":{"0":0.0291570458,"1":0.0403786103,"2":0.0246284836,"3":0.0214059552,"4":0.0211745169,"5":0.016806672,"6":0.0348031653,"7":0.0302161442,"8":0.0291406678,"9":0.0425240464,"10":0.026561588,"11":0.0169532928,"12":0.0188823773,"13":0.0277766354,"14":0.0384498768,"15":0.036293637,"16":0.0328036646,"17":0.028389636,"18":0.0239768889,"19":0.043451594,"20":0.0384128425,"21":0.0431590908,"22":0.0302741528,"23":0.0485954682,"24":0.0167840206,"25":0.0482483904,"26":0.0351422363,"27":0.0333385534,"28":0.0602092942,"29":0.0554687281,"30":0.0322476178,"31":0.0277174744,"32":0.0217553377,"33":0.0239187866,"34":0.0344201856,"35":0.0256261147,"36":0.0298887392,"37":0.0358381338,"38":0.0363322794,"39":0.0203356213,"40":0.0341942343,"41":0.0278273291,"42":0.0410961443,"43":0.0223908027,"44":0.0295373909,"45":0.0196226041,"46":0.0307511952,"47":0.0254289478,"48":0.0148990154,"49":0.0232521163,"50":0.0386164652,"51":0.022175774,"52":0.0310702523,"53":0.0437871317,"54":0.0643923283,"55":0.0274078978,"56":0.0239360117,"57":0.0322121382,"58":0.0368914472,"59":0.0281424026,"60":0.0297248794,"61":0.0439905061,"62":0.0464397801,"63":0.031493581,"64":0.0442109803,"65":0.0463614225,"66":0.0519566735,"67":0.0173547402,"68":0.0252728065,"69":0.0491288073,"70":0.0352490279,"71":0.0319869088,"72":0.0348166625,"73":0.0363874137,"74":0.0265421735,"75":0.0267219924,"76":0.0407553845,"77":0.034039259,"78":0.0352587634,"79":0.0391909679,"80":0.0398062037,"81":0.0209238264,"82":0.0240408315,"83":0.0223905042,"84":0.0204852389,"85":0.041026281,"86":0.0299977594,"87":0.0415343642,"88":0.0387040012,"89":0.0241895517,"90":0.0322521991,"91":0.0203996996,"92":0.0241861443,"93":0.0537077963,"94":0.0231834617,"95":0.0405535168,"96":0.0382740531,"97":0.03669001,"98":0.0342948586,"99":0.0498623947},"median":{"0":0.0293685216,"1":0.0386992544,"2":0.0244337767,"3":0.0199438855,"4":0.0204545949,"5":0.0161161628,"6":0.037081819,"7":0.0299032051,"8":0.0303130187,"9":0.0409212708,"10":0.0265645925,"11":0.0170431789,"12":0.0193376299,"13":0.0269222595,"14":0.0376764797,"15":0.0376068354,"16":0.031235069,"17":0.030734513,"18":0.0235857535,"19":0.0435183644,"20":0.0386047885,"21":0.0436022356,"22":0.0275593009,"23":0.0450205393,"24":0.01699741,"25":0.0475464724,"26":0.0348932892,"27":0.0332543403,"28":0.0612652786,"29":0.054021012,"30":0.0317337811,"31":0.0277428366,"32":0.0213282146,"33":0.0239380337,"34":0.0332822613,"35":0.0262502879,"36":0.0313835815,"37":0.0374519974,"38":0.0362418555,"39":0.0201260839,"40":0.0341759659,"41":0.0274416748,"42":0.0413746126,"43":0.0229094662,"44":0.0281458739,"45":0.0197122246,"46":0.0331724696,"47":0.0236036219,"48":0.0142928809,"49":0.0206816103,"50":0.0402125753,"51":0.0210590996,"52":0.030175522,"53":0.0413102955,"54":0.0674226806,"55":0.0273279585,"56":0.0237606838,"57":0.0331870839,"58":0.034840446,"59":0.0281105656,"60":0.0294363182,"61":0.0467452593,"62":0.0459501371,"63":0.0313034542,"64":0.0481165014,"65":0.0452900305,"66":0.053962592,"67":0.0163442437,"68":0.026105579,"69":0.047716897,"70":0.0345379524,"71":0.0325689316,"72":0.0338584892,"73":0.0358716473,"74":0.0256420542,"75":0.0261686575,"76":0.0405442901,"77":0.0339831114,"78":0.0356972888,"79":0.0375999548,"80":0.0410741977,"81":0.0221465752,"82":0.0245444514,"83":0.0205594115,"84":0.0208840594,"85":0.0422521383,"86":0.0300900303,"87":0.0380899571,"88":0.0387151837,"89":0.025266232,"90":0.0327789411,"91":0.0207441058,"92":0.0226845071,"93":0.0541650355,"94":0.0233895406,"95":0.0419996791,"96":0.0383610614,"97":0.0359389633,"98":0.0339200795,"99":0.0508880243}}