{"cid":{"0":1,"1":1,"2":1,"3":1,"4":1,"5":1,"6":1,"7":1,"8":1,"9":1,"10":1,"11":1,"12":1,"13":1,"14":1,"15":1,"16":1,"17":1,"18":1,"19":1,"20":1,"21":1,"22":1,"23":1,"24":1,"25":1,"26":1,"27":1,"28":1,"29":1,"30":1,"31":1,"32":1,"33":1,"34":1,"35":1,"36":1,"37":1,"38":1,"39":1,"40":1,"41":1,"42":1,"43":1,"44":1,"45":1,"46":1,"47":1,"48":1,"49":1,"50":1,"51":1,"52":1,"53":1,"54":1,"55":1,"56":1,"57":1,"58":1,"59":1,"60":2,"61":2,"62":2,"63":2,"64":2,"65":2,"66":2,"67":2,"68":2,"69":2,"70":2,"71":2,"72":2,"73":2,"74":2,"75":2,"76":2,"77":2,"78":2,"79":2,"80":2,"81":2,"82":2,"83":2,"84":2,"85":2,"86":2,"87":2,"88":2,"89":2,"90":2,"91":2,"92":2,"93":2,"94":2,"95":2,"96":2,"97":2,"98":2,"99":2},"oid":{"0":0,"1":1,"2":2,"3":3,"4":4,"5":5,"6":6,"7":7,"8":8,"9":9,"10":10,"11":11,"12":12,"13":13,"14":14,"15":15,"16":16,"17":17,"18":18,"19":19,"20":20,"21":21,"22":22,"23":23,"24":24,"25":25,"26":26,"27":27,"28":28,"29":29,"30":30,"31":31,"32":32,"33":33,"34":34,"35":35,"36":36,"37":37,"38":38,"39":39,"40":40,"41":41,"42":42,"43":43,"44":44,"45":45,"46":46,"47":47,"48":48,"49":49,"50":50,"51":51,"52":52,"53":53,"54":54,"55":55,"56":56,"57":57,"58":58,"59":59,"60":60,"61":61,"62":62,"63":63,"64":64,"65":65,"66":66,"67":67,"68":68,"69":69,"70":70,"71":71,"72":72,"73":73,"74":74,"75":75,"76":76,"77":77,"78":78,"79":79,"80":80,"81":81,"82":82,"83":83,"84":84,"85":85,"86":86,"87":87,"88":88,"89":89,"90":90,"91":91,"92":92,"93":93,"94":94,"95":95,"96":96,"97":97,"98":98,"99":99},"mean":{"0":0.0413150721,"1":0.0398280157,"2":0.034444756,"3":0.0361576809,"4":0.0373191833,"5":0.0334196621,"6":0.0355283949,"7":0.0349455873,"8":0.0315643516,"9":0.0326276223,"10":0.0382747352,"11":0.0212319328,"12":0.0297951599,"13":0.0431131721,"14":0.0228996045,"15":0.0383960232,"16":0.0320136911,"17":0.0397462116,"18":0.0291640891,"19":0.0263735735,"20":0.0266860425,"21":0.0393012365,"22":0.0322528283,"23":0.0325495799,"24":0.0235040536,"25":0.0388675928,"26":0.0347358518,"27":0.0266805126,"28":0.0395997564,"29":0.035046488,"30":0.0323137492,"31":0.0243481083,"32":0.0246039165,"33":0.0278318703,"34":0.0268590914,"35":0.0272908741,"36":0.0257402294,"37":0.0220567137,"38":0.0300290452,"39":0.0315324201,"40":0.0302936865,"41":0.028032177,"42":0.0337629981,"43":0.0334838298,"44":0.0302999895,"45":0.0274078117,"46":0.0359385411,"47":0.0367718458,"48":0.0399364465,"49":0.0204097629,"50":0.0332809422,"51":0.0225735772,"52":0.0199702316,"53":0.0362492734,"54":0.0488801499,"55":0.0388461318,"56":0.0252069285,"57":0.0402820375,"58":0.037161496,"59":0.0263670882,"60":0.0223089721,"61":0.0325969756,"62":0.0458032423,"63":0.0455701219,"64":0.0410358012,"65":0.0471869051,"66":0.044801371,"67":0.039114055,"68":0.0340577298,"69":0.0570467313,"70":0.0320681797,"71":0.0638349983,"72":0.0370708373,"73":0.0297858384,"74":0.0209351132,"75":0.0311640633,"76":0.0423657894,"77":0.0514975654,"78":0.0377324025,"79":0.0551808311,"80":0.0497938991,"81":0.0299847656,"82":0.0356368356,"83":0.0265859932,"84":0.0273570071,"85":0.0358716283,"86":0.0312974321,"87":0.0397663448,"88":0.0408675075,"89":0.0258817905,"90":0.0530500544,"91":0.0342019002,"92":0.0359237095,"93":0.0803367794,"94":0.0382000274,"95":0.0277810031,"96":0.0548404919,"97":0.0348302258,"98":0.0308224708,"99":0.031776968},"median":{"0":0.0423690043,"1":0.0369120277,"2":0.0350606143,"3":0.0355815589,"4":0.0381386615,"5":0.0327578634,"6":0.0366918221,"7":0.0356533974,"8":0.0300514009,"9":0.032929603,"10":0.0377857536,"11":0.0208042599,"12":0.0297734588,"13":0.0418132581,"14":0.0217408948,"15":0.0346062481,"16":0.0330864601,"17":0.0391330235,"18":0.0301371776,"19":0.0262976307,"20":0.0261137281,"21":0.0412549302,"22":0.0303053372,"23":0.0346314423,"24":0.0221611578,"25":0.0390124358,"26":0.0345960855,"27":0.0267200451,"28":0.0404530466,"29":0.0356097929,"30":0.0322008356,"31":0.024821775,"32":0.0240025632,"33":0.0289878249,"34":0.0268376507,"35":0.0251041781,"36":0.0261306297,"37":0.0206797607,"38":0.028332578,"39":0.0284758843,"40":0.0305092745,"41":0.0269440822,"42":0.0346588828,"43":0.0306758862,"44":0.0289175808,"45":0.0271042939,"46":0.0377180018,"47":0.0373568088,"48":0.0393101573,"49":0.0190469846,"50":0.0324588269,"51":0.021547474,"52":0.0187805109,"53":0.0360222012,"54":0.0472385734,"55":0.0373945273,"56":0.024581844,"57":0.0403758734,"58":0.0343396701,"59":0.0251684282,"60":0.0218015295,"61":0.0324685611,"62":0.0484368876,"63":0.0453798138,"64":0.0417123511,"65":0.0455246493,"66":0.0387203954,"67":0.0393205285,"68":0.0347369984,"69":0.0556378849,"70":0.0310002286,"71":0.0622403063,"72":0.0355994515,"73":0.0291355439,"74":0.0210382659,"75":0.0313840955,"76":0.0401229896,"77":0.0538214557,"78":0.0378266238,"79":0.054802414,"80":0.0486830175,"81":0.0300772302,"82":0.0351421721,"83":0.0264368653,"84":0.0277317315,"85":0.0366320349,"86":0.0303851701,"87":0.0400701314,"88":0.0420346372,"89":0.0269133188,"90":0.0504940785,"91":0.0340950936,"92":0.0358117409,"93":0.0815908387,"94":0.0383562371,"95":0.0276785456,"96":0.0567808561,"97":0.0351065658,"98":0.0312097017,"99":0.032710202}}