{"cid":{"0":1,"1":1,"2":1,"3":1,"4":1,"5":1,"6":1,"7":1,"8":1,"9":1,"10":1,"11":1,"12":1,"13":1,"14":1,"15":1,"16":1,"17":1,"18":1,"19":1,"20":1,"21":1,"22":1,"23":1,"24":1,"25":1,"26":1,"27":1,"28":1,"29":1,"30":1,"31":1,"32":1,"33":1,"34":1,"35":1,"36":1,"37":1,"38":1,"39":1,"40":1,"41":1,"42":1,"43":1,"44":1,"45":1,"46":1,"47":1,"48":1,"49":1,"50":1,"51":1,"52":1,"53":1,"54":1,"55":1,"56":1,"57":1,"58":1,"59":1,"60":2,"61":2,"62":2,"63":2,"64":2,"65":2,"66":2,"67":2,"68":2,"69":2,"70":2,"71":2,"72":2,"73":2,"74":2,"75":2,"76":2,"77":2,"78":2,"79":2,"80":2,"81":2,"82":2,"83":2,"84":2,"85":2,"86":2,"87":2,"88":2,"89":2,"90":2,"91":2,"92":2,"93":2,"94":2,"95":2,"96":2,"97":2,"98":2,"99":2},"oid":{"0":0,"1":1,"2":2,"3":3,"4":4,"5":5,"6":6,"7":7,"8":8,"9":9,"10":10,"11":11,"12":12,"13":13,"14":14,"15":15,"16":16,"17":17,"18":18,"19":19,"20":20,"21":21,"22":22,"23":23,"24":24,"25":25,"26":26,"27":27,"28":28,"29":29,"30":30,"31":31,"32":32,"33":33,"34":34,"35":35,"36":36,"37":37,"38":38,"39":39,"40":40,"41":41,"42":42,"43":43,"44":44,"45":45,"46":46,"47":47,"48":48,"49":49,"50":50,"51":51,"52":52,"53":53,"54":54,"55":55,"56":56,"57":57,"58":58,"59":59,"60":60,"61":61,"62":62,"63":63,"64":64,"65":65,"66":66,"67":67,"68":68,"69":69,"70":70,"71":71,"72":72,"73":73,"74":74,"75":75,"76":76,"77":77,"78":78,"79":79,"80":80,"81":81,"82":82,"83":83,"84":84,"85":85,"86":86,"87":87,"88":88,"89":89,"90":90,"91":91,"92":92,"93":93,"94":94,"95":95,"96":96,"97":97,"98":98,"99":99},"mean":{"0":0.0440062814,"1":0.0363984936,"2":0.0479993953,"3":0.023592275,"4":0.0272656845,"5":0.0309015645,"6":0.0259215815,"7":0.0501169827,"8":0.0385992328,"9":0.0646438069,"10":0.0286915435,"11":0.0215876384,"12":0.0257788234,"13":0.0564974811,"14":0.0408227841,"15":0.0309924223,"16":0.0289909807,"17":0.0392322507,"18":0.0353138248,"19":0.0308087137,"20":0.0284249187,"21":0.0267205818,"22":0.0329528319,"23":0.0356381668,"24":0.0203939676,"25":0.026580592,"26":0.0215764824,"27":0.0181418558,"28":0.0640577873,"29":0.0281972984,"30":0.0268868208,"31":0.031997982,"32":0.0450577736,"33":0.0405275583,"34":0.0288556682,"35":0.0329297516,"36":0.0293909444,"37":0.0236912602,"38":0.0561501715,"39":0.0226033496,"40":0.0253806942,"41":0.0296385719,"42":0.0324863659,"43":0.0218841003,"44":0.0342070498,"45":0.029732936,"46":0.0415178405,"47":0.0332063347,"48":0.0348968208,"49":0.0188063582,"50":0.028885795,"51":0.0341687389,"52":0.0215832028,"53":0.0335806509,"54":0.0381110344,"55":0.0254451334,"56":0.0274285111,"57":0.0377444029,"58":0.0329571035,"59":0.0269415693,"60":0.0242571086,"61":0.0525413917,"62":0.038534979,"63":0.0457621713,"64":0.0407685803,"65":0.0484609008,"66":0.0371246139,"67":0.0289473832,"68":0.0290111038,"69":0.0347172552,"70":0.0544103715,"71":0.0535395013,"72":0.0265138464,"73":0.019794888,"74":0.0212394396,"75":0.0431598889,"76":0.0403983593,"77":0.0389254954,"78":0.0436027381,"79":0.049532089,"80":0.0429939363,"81":0.0225420064,"82":0.0313216978,"83":0.0165002972,"84":0.0258455094,"85":0.0281462206,"86":0.0239282681,"87":0.0446419981,"88":0.0387959778,"89":0.0289034446,"90":0.044294046,"91":0.0290617413,"92":0.0315700803,"93":0.0468042672,"94":0.0532091955,"95":0.0401805573,"96":0.0533105532,"97":0.0272751335,"98":0.0357370228,"99":0.0405443874},"median":{"0":0.0436152704,"1":0.0385372601,"2":0.0442559384,"3":0.0231973473,"4":0.02819556,"5":0.02962837,"6":0.0254628044,"7":0.0492453612,"8":0.0399109088,"9":0.0670909807,"10":0.0272039063,"11":0.0198339522,"12":0.025220355,"13":0.0565410294,"14":0.0430807546,"15":0.0273991898,"16":0.0289727859,"17":0.0403152332,"18":0.0353941694,"19":0.030213831,"20":0.0265075993,"21":0.0269086845,"22":0.0299695339,"23":0.0385656841,"24":0.0189035386,"25":0.0250386465,"26":0.0221231263,"27":0.0177312493,"28":0.0631713718,"29":0.0281644389,"30":0.025576679,"31":0.031042004,"32":0.0443216115,"33":0.0354933105,"34":0.0292151235,"35":0.0342538655,"36":0.029447712,"37":0.0231313407,"38":0.053376805,"39":0.0207209624,"40":0.0259925593,"41":0.0304846745,"42":0.0327084661,"43":0.0203767847,"44":0.0326687396,"45":0.028962817,"46":0.0429337844,"47":0.0315547287,"48":0.0343663804,"49":0.0187472645,"50":0.0268842503,"51":0.0344627798,"52":0.0231089853,"53":0.0328237042,"54":0.0375025421,"55":0.0240292065,"56":0.027879728,"57":0.0367335714,"58":0.0313441791,"59":0.0264474619,"60":0.0219491385,"61":0.0531345494,"62":0.0385556966,"63":0.0458533727,"64":0.0401992798,"65":0.0509683341,"66":0.0364477076,"67":0.0293198191,"68":0.026505528,"69":0.0343508534,"70":0.0560251772,"71":0.0523353033,"72":0.0253881514,"73":0.0185726695,"74":0.0214100368,"75":0.0456466004,"76":0.040218655,"77":0.0386752374,"78":0.0426571146,"79":0.0492668226,"80":0.0408592299,"81":0.0222296119,"82":0.0306764748,"83":0.0168035515,"84":0.025686495,"85":0.0290061943,"86":0.0249139182,"87":0.0444566533,"88":0.0387138203,"89":0.0294928383,"90":0.0423808433,"91":0.0273266565,"92":0.0308543816,"93":0.0453286022,"94":0.0539290421,"95":0.0400030389,"96":0.0514415354,"97":0.0252871234,"98":0.0366878957,"99":0.0426468439}}