{"cid":{"0":1,"1":1,"2":1,"3":1,"4":1,"5":1,"6":1,"7":1,"8":1,"9":1,"10":1,"11":1,"12":1,"13":1,"14":1,"15":1,"16":1,"17":1,"18":1,"19":1,"20":1,"21":1,"22":1,"23":1,"24":1,"25":1,"26":1,"27":1,"28":1,"29":1,"30":1,"31":1,"32":1,"33":1,"34":1,"35":1,"36":1,"37":1,"38":1,"39":1,"40":1,"41":1,"42":1,"43":1,"44":1,"45":1,"46":1,"47":1,"48":1,"49":1,"50":1,"51":1,"52":1,"53":1,"54":1,"55":1,"56":1,"57":1,"58":1,"59":1,"60":2,"61":2,"62":2,"63":2,"64":2,"65":2,"66":2,"67":2,"68":2,"69":2,"70":2,"71":2,"72":2,"73":2,"74":2,"75":2,"76":2,"77":2,"78":2,"79":2,"80":2,"81":2,"82":2,"83":2,"84":2,"85":2,"86":2,"87":2,"88":2,"89":2,"90":2,"91":2,"92":2,"93":2,"94":2,"95":2,"96":2,"97":2,"98":2,"99":2},"oid":{"0":0,"1":1,"2":2,"3":3,"4":4,"5":5,"6":6,"7":7,"8":8,"9":9,"10":10,"11":11,"12":12,"13":13,"14":14,"15":15,"16":16,"17":17,"18":18,"19":19,"20":20,"21":21,"22":22,"23":23,"24":24,"25":25,"26":26,"27":27,"28":28,"29":29,"30":30,"31":31,"32":32,"33":33,"34":34,"35":35,"36":36,"37":37,"38":38,"39":39,"40":40,"41":41,"42":42,"43":43,"44":44,"45":45,"46":46,"47":47,"48":48,"49":49,"50":50,"51":51,"52":52,"53":53,"54":54,"55":55,"56":56,"57":57,"58":58,"59":59,"60":60,"61":61,"62":62,"63":63,"64":64,"65":65,"66":66,"67":67,"68":68,"69":69,"70":70,"71":71,"72":72,"73":73,"74":74,"75":75,"76":76,"77":77,"78":78,"79":79,"80":80,"81":81,"82":82,"83":83,"84":84,"85":85,"86":86,"87":87,"88":88,"89":89,"90":90,"91":91,"92":92,"93":93,"94":94,"95":95,"96":96,"97":97,"98":98,"99":99},"mean":{"0":0.0345426566,"1":0.0299948851,"2":0.0188335611,"3":0.0300510128,"4":0.02161227,"5":0.025302281,"6":0.0230476459,"7":0.028372407,"8":0.0290490124,"9":0.0266854995,"10":0.0286795696,"11":0.0218872792,"12":0.039013558,"13":0.0261598825,"14":0.0376348628,"15":0.0261079911,"16":0.026425307,"17":0.0395105448,"18":0.0271693534,"19":0.0370960434,"20":0.0542699132,"21":0.0425885916,"22":0.0252717071,"23":0.0279738373,"24":0.0203484429,"25":0.0251024465,"26":0.028630058,"27":0.0379147331,"28":0.0478771726,"29":0.0443394979,"30":0.0228802674,"31":0.0246382306,"32":0.0344197883,"33":0.0291178286,"34":0.0252569334,"35":0.0275467899,"36":0.0326184564,"37":0.0315145983,"38":0.0632464488,"39":0.0278915962,"40":0.0295939379,"41":0.046077013,"42":0.0434374478,"43":0.022215777,"44":0.0384475477,"45":0.0297549499,"46":0.0163042231,"47":0.0270538747,"48":0.0195111533,"49":0.0177922812,"50":0.0325828724,"51":0.0185334049,"52":0.0130695808,"53":0.0606303944,"54":0.0567654371,"55":0.0357093579,"56":0.0240548386,"57":0.0401836435,"58":0.0404004455,"59":0.0212549435,"60":0.0356948707,"61":0.0412679613,"62":0.0424406197,"63":0.0302110944,"64":0.0370995303,"65":0.0359404892,"66":0.041495343,"67":0.0286105573,"68":0.0256626093,"69":0.029514273,"70":0.0342714389,"71":0.0358558165,"72":0.0334009396,"73":0.0292895536,"74":0.0203491416,"75":0.0248289953,"76":0.0440088014,"77":0.0331270562,"78":0.0254856232,"79":0.0299473272,"80":0.045467337,"81":0.0239887271,"82":0.0274076876,"83":0.0284206599,"84":0.0160875287,"85":0.0310649938,"86":0.0244472192,"87":0.0368991594,"88":0.0339414775,"89":0.0286284685,"90":0.0430549251,"91":0.0374065042,"92":0.023945666,"93":0.0373312891,"94":0.0338478519,"95":0.0228866405,"96":0.0333712498,"97":0.0394868387,"98":0.0371389538,"99":0.0552325845},"median":{"0":0.0290419199,"1":0.028657373,"2":0.0179896858,"3":0.0299399756,"4":0.0201352853,"5":0.0254972223,"6":0.0229083132,"7":0.0284752008,"8":0.0302796215,"9":0.02587552,"10":0.0263527092,"11":0.0211931616,"12":0.0399855189,"13":0.025218891,"14":0.0365944356,"15":0.0278396308,"16":0.026279239,"17":0.0408819318,"18":0.0262361784,"19":0.0370927081,"20":0.0537785664,"21":0.0417953618,"22":0.0235636681,"23":0.0264244396,"24":0.0228363331,"25":0.0256163124,"26":0.0303322356,"27":0.0382436588,"28":0.0455782637,"29":0.0422730446,"30":0.0227969699,"31":0.0247199647,"32":0.0337352008,"33":0.0292229746,"34":0.0239544939,"35":0.0261959434,"36":0.0341446102,"37":0.0327773988,"38":0.0586763434,"39":0.0269326642,"40":0.0293907095,"41":0.042685762,"42":0.0429454297,"43":0.0220473688,"44":0.0363821872,"45":0.030418139,"46":0.0166468956,"47":0.0243860986,"48":0.0177405979,"49":0.0166613031,"50":0.0311953556,"51":0.0174966883,"52":0.0135149304,"53":0.0586066954,"54":0.0592158437,"55":0.0342592858,"56":0.0251596868,"57":0.0404048786,"58":0.0403441899,"59":0.0196790807,"60":0.0355946608,"61":0.0436064377,"62":0.0418564789,"63":0.0297138691,"64":0.037500903,"65":0.0355591923,"66":0.0420881659,"67":0.0287226066,"68":0.0235791709,"69":0.0291715953,"70":0.0326475389,"71":0.0375164934,"72":0.0334188417,"73":0.0285921916,"74":0.0182683542,"75":0.0249290653,"76":0.0444980152,"77":0.0336587355,"78":0.0258664414,"79":0.0282106809,"80":0.0477088317,"81":0.024561163,"82":0.0266845524,"83":0.0280493945,"84":0.0164079871,"85":0.0308305491,"86":0.0248753428,"87":0.0356752574,"88":0.0337848663,"89":0.0293587577,"90":0.0449190401,"91":0.0396229811,"92":0.0230399556,"93":0.0370756388,"94":0.0320869125,"95":0.0223452076,"96":0.0327516124,"97":0.0377900153,"98":0.035449896,"99":0.0520801097}}