{"cid":{"0":1,"1":1,"2":1,"3":1,"4":1,"5":1,"6":1,"7":1,"8":1,"9":1,"10":1,"11":1,"12":1,"13":1,"14":1,"15":1,"16":1,"17":1,"18":1,"19":1,"20":1,"21":1,"22":1,"23":1,"24":1,"25":1,"26":1,"27":1,"28":1,"29":1,"30":1,"31":1,"32":1,"33":1,"34":1,"35":1,"36":1,"37":1,"38":1,"39":1,"40":1,"41":1,"42":1,"43":1,"44":1,"45":1,"46":1,"47":1,"48":1,"49":1,"50":1,"51":1,"52":1,"53":1,"54":1,"55":1,"56":1,"57":1,"58":1,"59":1,"60":2,"61":2,"62":2,"63":2,"64":2,"65":2,"66":2,"67":2,"68":2,"69":2,"70":2,"71":2,"72":2,"73":2,"74":2,"75":2,"76":2,"77":2,"78":2,"79":2,"80":2,"81":2,"82":2,"83":2,"84":2,"85":2,"86":2,"87":2,"88":2,"89":2,"90":2,"91":2,"92":2,"93":2,"94":2,"95":2,"96":2,"97":2,"98":2,"99":2},"oid":{"0":0,"1":1,"2":2,"3":3,"4":4,"5":5,"6":6,"7":7,"8":8,"9":9,"10":10,"11":11,"12":12,"13":13,"14":14,"15":15,"16":16,"17":17,"18":18,"19":19,"20":20,"21":21,"22":22,"23":23,"24":24,"25":25,"26":26,"27":27,"28":28,"29":29,"30":30,"31":31,"32":32,"33":33,"34":34,"35":35,"36":36,"37":37,"38":38,"39":39,"40":40,"41":41,"42":42,"43":43,"44":44,"45":45,"46":46,"47":47,"48":48,"49":49,"50":50,"51":51,"52":52,"53":53,"54":54,"55":55,"56":56,"57":57,"58":58,"59":59,"60":60,"61":61,"62":62,"63":63,"64":64,"65":65,"66":66,"67":67,"68":68,"69":69,"70":70,"71":71,"72":72,"73":73,"74":74,"75":75,"76":76,"77":77,"78":78,"79":79,"80":80,"81":81,"82":82,"83":83,"84":84,"85":85,"86":86,"87":87,"88":88,"89":89,"90":90,"91":91,"92":92,"93":93,"94":94,"95":95,"96":96,"97":97,"98":98,"99":99},"mean":{"0":0.0396796266,"1":0.0320328938,"2":0.0279417634,"3":0.0235208074,"4":0.0173907065,"5":0.0172825505,"6":0.0254921913,"7":0.0220306284,"8":0.0409463578,"9":0.0419047077,"10":0.0295146439,"11":0.020405074,"12":0.0238131781,"13":0.0456876722,"14":0.0389824973,"15":0.0317462236,"16":0.0289326641,"17":0.0251356463,"18":0.0227990051,"19":0.0196405219,"20":0.0319399304,"21":0.0479875339,"22":0.0226616164,"23":0.0276674016,"24":0.0324466295,"25":0.0446588861,"26":0.0263543063,"27":0.0294676291,"28":0.057385842,"29":0.0375470188,"30":0.0229532719,"31":0.0264624639,"32":0.0261676676,"33":0.0328405082,"34":0.0437221858,"35":0.0270555019,"36":0.020998473,"37":0.0191758143,"38":0.0436803699,"39":0.0328463879,"40":0.0266102155,"41":0.0282983184,"42":0.0597010122,"43":0.0264235172,"44":0.0288381912,"45":0.0218658944,"46":0.0197552741,"47":0.0250688404,"48":0.0430617664,"49":0.0230767528,"50":0.0316727029,"51":0.0277383998,"52":0.0186403725,"53":0.0333640178,"54":0.0431864328,"55":0.0398401982,"56":0.0211788598,"57":0.0533704493,"58":0.0223461472,"59":0.0382961962,"60":0.0303168959,"61":0.0375260644,"62":0.0349466337,"63":0.0435962147,"64":0.0295884675,"65":0.0470431626,"66":0.0384165049,"67":0.0247369081,"68":0.0191022075,"69":0.0460108121,"70":0.0312276913,"71":0.0408952004,"72":0.0269352363,"73":0.0335566401,"74":0.0197142959,"75":0.0306698812,"76":0.0282868975,"77":0.0382203261,"78":0.0485207339,"79":0.0409187509,"80":0.0606280565,"81":0.0300588508,"82":0.0285870102,"83":0.0164315358,"84":0.0217892296,"85":0.0258348352,"86":0.0197617229,"87":0.0361230837,"88":0.0323155787,"89":0.0229642689,"90":0.0488448739,"91":0.022330155,"92":0.0215703431,"93":0.0396445513,"94":0.0645750297,"95":0.0244915088,"96":0.0435950955,"97":0.0251007511,"98":0.0307605434,"99":0.0376185609},"median":{"0":0.0392450765,"1":0.0322125591,"2":0.0273168869,"3":0.0239241086,"4":0.0167448353,"5":0.0177841932,"6":0.0256015267,"7":0.0222117826,"8":0.0392336398,"9":0.0449776798,"10":0.0305019096,"11":0.019185381,"12":0.0223782174,"13":0.0456006005,"14":0.0401016474,"15":0.031654615,"16":0.0283880662,"17":0.0254352428,"18":0.0218761284,"19":0.0196232945,"20":0.0320180058,"21":0.0487253107,"22":0.0214284454,"23":0.0261839107,"24":0.032256525,"25":0.0449624173,"26":0.0274567641,"27":0.030326223,"28":0.0576323606,"29":0.0379485711,"30":0.0229186229,"31":0.0248376038,"32":0.0245753936,"33":0.0327756107,"34":0.0417311788,"35":0.0240974072,"36":0.0218123719,"37":0.0179242902,"38":0.0438445807,"39":0.0325582437,"40":0.0250741113,"41":0.0269535128,"42":0.0590982102,"43":0.0262888353,"44":0.0284137651,"45":0.0216424651,"46":0.0205576252,"47":0.0245745108,"48":0.0430466682,"49":0.0219332799,"50":0.0326101966,"51":0.0279044826,"52":0.0170869641,"53":0.0328397974,"54":0.0431633741,"55":0.0379458517,"56":0.0212583132,"57":0.0523311943,"58":0.0229823049,"59":0.0387636013,"60":0.0318258479,"61":0.0381803624,"62":0.0366979502,"63":0.0442925394,"64":0.0299525466,"65":0.0475023687,"66":0.0383179039,"67":0.0232089572,"68":0.0182416029,"69":0.0468402728,"70":0.0293965917,"71":0.037991669,"72":0.026515238,"73":0.0347678475,"74":0.0190541595,"75":0.0311449431,"76":0.0278595556,"77":0.0381498337,"78":0.0469283089,"79":0.0399260186,"80":0.0584767722,"81":0.0291180443,"82":0.0257519782,"83":0.0152732162,"84":0.0210868362,"85":0.0264582019,"86":0.0177996028,"87":0.0385787673,"88":0.0295652077,"89":0.0226875562,"90":0.0462615006,"91":0.0224905983,"92":0.0194005165,"93":0.0396443643,"94":0.0655248314,"95":0.0237448793,"96":0.0450178087,"97":0.0236495808,"98":0.0307010934,"99":0.0380824208}}