{"cid":{"0":1,"1":1,"2":1,"3":1,"4":1,"5":1,"6":1,"7":1,"8":1,"9":1,"10":1,"11":1,"12":1,"13":1,"14":1,"15":1,"16":1,"17":1,"18":1,"19":1,"20":1,"21":1,"22":1,"23":1,"24":1,"25":1,"26":1,"27":1,"28":1,"29":1,"30":1,"31":1,"32":1,"33":1,"34":1,"35":1,"36":1,"37":1,"38":1,"39":1,"40":1,"41":1,"42":1,"43":1,"44":1,"45":1,"46":1,"47":1,"48":1,"49":1,"50":1,"51":1,"52":1,"53":1,"54":1,"55":1,"56":1,"57":1,"58":1,"59":1,"60":2,"61":2,"62":2,"63":2,"64":2,"65":2,"66":2,"67":2,"68":2,"69":2,"70":2,"71":2,"72":2,"73":2,"74":2,"75":2,"76":2,"77":2,"78":2,"79":2,"80":2,"81":2,"82":2,"83":2,"84":2,"85":2,"86":2,"87":2,"88":2,"89":2,"90":2,"91":2,"92":2,"93":2,"94":2,"95":2,"96":2,"97":2,"98":2,"99":2},"oid":{"0":0,"1":1,"2":2,"3":3,"4":4,"5":5,"6":6,"7":7,"8":8,"9":9,"10":10,"11":11,"12":12,"13":13,"14":14,"15":15,"16":16,"17":17,"18":18,"19":19,"20":20,"21":21,"22":22,"23":23,"24":24,"25":25,"26":26,"27":27,"28":28,"29":29,"30":30,"31":31,"32":32,"33":33,"34":34,"35":35,"36":36,"37":37,"38":38,"39":39,"40":40,"41":41,"42":42,"43":43,"44":44,"45":45,"46":46,"47":47,"48":48,"49":49,"50":50,"51":51,"52":52,"53":53,"54":54,"55":55,"56":56,"57":57,"58":58,"59":59,"60":60,"61":61,"62":62,"63":63,"64":64,"65":65,"66":66,"67":67,"68":68,"69":69,"70":70,"71":71,"72":72,"73":73,"74":74,"75":75,"76":76,"77":77,"78":78,"79":79,"80":80,"81":81,"82":82,"83":83,"84":84,"85":85,"86":86,"87":87,"88":88,"89":89,"90":90,"91":91,"92":92,"93":93,"94":94,"95":95,"96":96,"97":97,"98":98,"99":99},"mean":{"0":0.0283147494,"1":0.0468159616,"2":0.0562627845,"3":0.0216431121,"4":0.0227107985,"5":0.0225854665,"6":0.0259819445,"7":0.0262457199,"8":0.0249506334,"9":0.0351319147,"10":0.0272009754,"11":0.020363162,"12":0.0293814507,"13":0.0321124262,"14":0.0196145773,"15":0.0242609233,"16":0.0295811627,"17":0.0318936904,"18":0.0225372298,"19":0.0255841017,"20":0.0267358538,"21":0.0652724372,"22":0.0224037353,"23":0.0482901467,"24":0.028179831,"25":0.0282540951,"26":0.0208070278,"27":0.0268515713,"28":0.0383418666,"29":0.050745719,"30":0.0191680174,"31":0.0278893908,"32":0.0269073182,"33":0.024767369,"34":0.016049852,"35":0.0175718466,"36":0.0285691089,"37":0.0294263131,"38":0.0256376415,"39":0.0339094268,"40":0.0400365724,"41":0.0365708272,"42":0.0427834358,"43":0.0285084413,"44":0.0191393942,"45":0.0188929803,"46":0.0230326123,"47":0.0262275398,"48":0.0375662247,"49":0.0159167432,"50":0.0398368438,"51":0.0288133845,"52":0.0212392658,"53":0.0475049416,"54":0.0424120625,"55":0.0357052088,"56":0.0198506051,"57":0.0571611126,"58":0.0361075335,"59":0.0310021871,"60":0.0293013785,"61":0.0369720459,"62":0.0411316355,"63":0.0317400959,"64":0.0364346041,"65":0.0343786478,"66":0.0442239377,"67":0.0292097211,"68":0.0289007492,"69":0.036980927,"70":0.0358563264,"71":0.0456405547,"72":0.0353595449,"73":0.0215419465,"74":0.0255408552,"75":0.0247067644,"76":0.0422787435,"77":0.0442787608,"78":0.0337187085,"79":0.0202465306,"80":0.0395320521,"81":0.0374200874,"82":0.0343209373,"83":0.0172637641,"84":0.0274975929,"85":0.0351131492,"86":0.0261880888,"87":0.0386715068,"88":0.041587419,"89":0.0239169863,"90":0.0475526286,"91":0.0310298436,"92":0.0430283381,"93":0.0422119081,"94":0.0337272916,"95":0.0377246539,"96":0.0351491173,"97":0.0370915929,"98":0.0358877294,"99":0.058940404},"median":{"0":0.0282797012,"1":0.0441379435,"2":0.0512942784,"3":0.0215961635,"4":0.0233349949,"5":0.0230603255,"6":0.0257487297,"7":0.0279776473,"8":0.0244254973,"9":0.035560742,"10":0.025365442,"11":0.0203815699,"12":0.0293048378,"13":0.0303192008,"14":0.0194202978,"15":0.0236470439,"16":0.0302705448,"17":0.0311613716,"18":0.0233181398,"19":0.0254620928,"20":0.0262866914,"21":0.0697549582,"22":0.0217209496,"23":0.0485027656,"24":0.0292874277,"25":0.0284991451,"26":0.0189905334,"27":0.0273410678,"28":0.0389161408,"29":0.0519984737,"30":0.0192801356,"31":0.0284919459,"32":0.0267355107,"33":0.0246210974,"34":0.0157094058,"35":0.0174773559,"36":0.0282185059,"37":0.0284043793,"38":0.0256140232,"39":0.0326206386,"40":0.0377430506,"41":0.0369296968,"42":0.0437531173,"43":0.0259303972,"44":0.0191147141,"45":0.0190726873,"46":0.0222496334,"47":0.0263728313,"48":0.0368501581,"49":0.0136622824,"50":0.0368346944,"51":0.0293800719,"52":0.0208880343,"53":0.0475133732,"54":0.0403366461,"55":0.0355643034,"56":0.0200608131,"57":0.056271974,"58":0.0377019309,"59":0.0297331177,"60":0.0294090863,"61":0.0376366638,"62":0.0419267677,"63":0.0306549463,"64":0.0358678252,"65":0.0336024016,"66":0.0445501357,"67":0.0288535096,"68":0.0266079437,"69":0.0367811769,"70":0.0328612067,"71":0.0473227017,"72":0.03610228,"73":0.0199677162,"74":0.0251840707,"75":0.0241449382,"76":0.0384607464,"77":0.0450706407,"78":0.0357403904,"79":0.0189410485,"80":0.0400042012,"81":0.0369425416,"82":0.0336154625,"83":0.0169178843,"84":0.0246403757,"85":0.0366540551,"86":0.0254172012,"87":0.0384634063,"88":0.044138018,"89":0.0226151068,"90":0.0474201217,"91":0.0290600844,"92":0.0441177152,"93":0.0420348197,"94":0.0339314081,"95":0.0373400897,"96":0.0359976329,"97":0.0307550058,"98":0.036329031,"99":0.0599144548}}