{"cid":{"0":1,"1":1,"2":1,"3":1,"4":1,"5":1,"6":1,"7":1,"8":1,"9":1,"10":1,"11":1,"12":1,"13":1,"14":1,"15":1,"16":1,"17":1,"18":1,"19":1,"20":1,"21":1,"22":1,"23":1,"24":1,"25":1,"26":1,"27":1,"28":1,"29":1,"30":1,"31":1,"32":1,"33":1,"34":1,"35":1,"36":1,"37":1,"38":1,"39":1,"40":1,"41":1,"42":1,"43":1,"44":1,"45":1,"46":1,"47":1,"48":1,"49":1,"50":1,"51":1,"52":1,"53":1,"54":1,"55":1,"56":1,"57":1,"58":1,"59":1,"60":2,"61":2,"62":2,"63":2,"64":2,"65":2,"66":2,"67":2,"68":2,"69":2,"70":2,"71":2,"72":2,"73":2,"74":2,"75":2,"76":2,"77":2,"78":2,"79":2,"80":2,"81":2,"82":2,"83":2,"84":2,"85":2,"86":2,"87":2,"88":2,"89":2,"90":2,"91":2,"92":2,"93":2,"94":2,"95":2,"96":2,"97":2,"98":2,"99":2},"oid":{"0":0,"1":1,"2":2,"3":3,"4":4,"5":5,"6":6,"7":7,"8":8,"9":9,"10":10,"11":11,"12":12,"13":13,"14":14,"15":15,"16":16,"17":17,"18":18,"19":19,"20":20,"21":21,"22":22,"23":23,"24":24,"25":25,"26":26,"27":27,"28":28,"29":29,"30":30,"31":31,"32":32,"33":33,"34":34,"35":35,"36":36,"37":37,"38":38,"39":39,"40":40,"41":41,"42":42,"43":43,"44":44,"45":45,"46":46,"47":47,"48":48,"49":49,"50":50,"51":51,"52":52,"53":53,"54":54,"55":55,"56":56,"57":57,"58":58,"59":59,"60":60,"61":61,"62":62,"63":63,"64":64,"65":65,"66":66,"67":67,"68":68,"69":69,"70":70,"71":71,"72":72,"73":73,"74":74,"75":75,"76":76,"77":77,"78":78,"79":79,"80":80,"81":81,"82":82,"83":83,"84":84,"85":85,"86":86,"87":87,"88":88,"89":89,"90":90,"91":91,"92":92,"93":93,"94":94,"95":95,"96":96,"97":97,"98":98,"99":99},"mean":{"0":0.0325111945,"1":0.0255420042,"2":0.0312566691,"3":0.0307239493,"4":0.014539212,"5":0.0118164726,"6":0.0215298186,"7":0.0203337189,"8":0.0232223305,"9":0.0359454718,"10":0.0236831357,"11":0.0211125132,"12":0.0182266268,"13":0.0232457105,"14":0.0243799637,"15":0.0238243658,"16":0.0239013698,"17":0.0207490507,"18":0.0228837993,"19":0.0372991496,"20":0.0357520514,"21":0.0311943558,"22":0.021999624,"23":0.0374289056,"24":0.0218182835,"25":0.0349044138,"26":0.027669948,"27":0.0205249753,"28":0.0536722077,"29":0.0448710024,"30":0.0164242238,"31":0.0184930464,"32":0.0193310347,"33":0.0213175476,"34":0.011980296,"35":0.0254895389,"36":0.0301452279,"37":0.0258193049,"38":0.0407891406,"39":0.0265193482,"40":0.0362165305,"41":0.0436752141,"42":0.0398784081,"43":0.026977044,"44":0.0274914969,"45":0.0204353962,"46":0.0171654705,"47":0.0162486047,"48":0.0215759873,"49":0.0229955746,"50":0.030216727,"51":0.0190338511,"52":0.0118882772,"53":0.0338854326,"54":0.0252944049,"55":0.0197306143,"56":0.0177445031,"57":0.0258994533,"58":0.0220388638,"59":0.0304782656,"60":0.0253938966,"61":0.0368936559,"62":0.0324970947,"63":0.0316949421,"64":0.0336417754,"65":0.0278869212,"66":0.0498612987,"67":0.013496381,"68":0.0196720262,"69":0.0327806671,"70":0.0267272476,"71":0.0341766013,"72":0.0307724542,"73":0.0268470148,"74":0.0227750209,"75":0.0219750173,"76":0.0356326765,"77":0.0275877019,"78":0.0292382307,"79":0.0284615291,"80":0.0469077693,"81":0.0192386856,"82":0.0272257659,"83":0.0214881271,"84":0.0274685323,"85":0.0236755825,"86":0.0380762153,"87":0.0288960603,"88":0.029821174,"89":0.0296266708,"90":0.0262013823,"91":0.0281532175,"92":0.0292037196,"93":0.0253200412,"94":0.0308054487,"95":0.0283949176,"96":0.0255245864,"97":0.0412585868,"98":0.032384295,"99":0.0435332788},"median":{"0":0.030774923,"1":0.0259482116,"2":0.0297500808,"3":0.028762728,"4":0.0135203088,"5":0.0122335078,"6":0.0212743115,"7":0.0207748115,"8":0.0225735847,"9":0.0352520831,"10":0.0241407119,"11":0.0200509969,"12":0.017903896,"13":0.020340234,"14":0.0222752336,"15":0.0242081955,"16":0.0232559144,"17":0.0203337204,"18":0.0226237737,"19":0.037497256,"20":0.0364048183,"21":0.031983342,"22":0.0198200643,"23":0.0344779789,"24":0.0223038197,"25":0.0338604786,"26":0.0296857134,"27":0.019728899,"28":0.0557567403,"29":0.0432852767,"30":0.0164816007,"31":0.0180525333,"32":0.019072121,"33":0.0209801383,"34":0.0114984587,"35":0.0256409682,"36":0.030998636,"37":0.0260055829,"38":0.0404847153,"39":0.0267329384,"40":0.0368794352,"41":0.0484392084,"42":0.0385008603,"43":0.0267896522,"44":0.0269576162,"45":0.0200521816,"46":0.0183089934,"47":0.0155350612,"48":0.0216075499,"49":0.0205015242,"50":0.0311174318,"51":0.0175795853,"52":0.0117221428,"53":0.0335276313,"54":0.0264421813,"55":0.0198894292,"56":0.0173582043,"57":0.0217671804,"58":0.0232604649,"59":0.0301636085,"60":0.0264757928,"61":0.0382098146,"62":0.0328421034,"63":0.0317820832,"64":0.0318755805,"65":0.0273133367,"66":0.0523640066,"67":0.0130101852,"68":0.019808447,"69":0.0318380333,"70":0.0259123892,"71":0.0346242078,"72":0.0315897763,"73":0.0257484615,"74":0.0202556364,"75":0.0216931142,"76":0.03429823,"77":0.0288865846,"78":0.0288325381,"79":0.0272700619,"80":0.0469763577,"81":0.0180261675,"82":0.0258639567,"83":0.0207457468,"84":0.0270961672,"85":0.0240657832,"86":0.0368202552,"87":0.0277237315,"88":0.0280366112,"89":0.0299728103,"90":0.0256126504,"91":0.027213797,"92":0.0298980922,"93":0.025337182,"94":0.0305622499,"95":0.0303764399,"96":0.0265059527,"97":0.0422426648,"98":0.032844156,"99":0.0407344736}}