{"cid":{"0":1,"1":1,"2":1,"3":1,"4":1,"5":1,"6":1,"7":1,"8":1,"9":1,"10":1,"11":1,"12":1,"13":1,"14":1,"15":1,"16":1,"17":1,"18":1,"19":1,"20":1,"21":1,"22":1,"23":1,"24":1,"25":1,"26":1,"27":1,"28":1,"29":1,"30":1,"31":1,"32":1,"33":1,"34":1,"35":1,"36":1,"37":1,"38":1,"39":1,"40":1,"41":1,"42":1,"43":1,"44":1,"45":1,"46":1,"47":1,"48":1,"49":1,"50":1,"51":1,"52":1,"53":1,"54":1,"55":1,"56":1,"57":1,"58":1,"59":1,"60":2,"61":2,"62":2,"63":2,"64":2,"65":2,"66":2,"67":2,"68":2,"69":2,"70":2,"71":2,"72":2,"73":2,"74":2,"75":2,"76":2,"77":2,"78":2,"79":2,"80":2,"81":2,"82":2,"83":2,"84":2,"85":2,"86":2,"87":2,"88":2,"89":2,"90":2,"91":2,"92":2,"93":2,"94":2,"95":2,"96":2,"97":2,"98":2,"99":2},"oid":{"0":0,"1":1,"2":2,"3":3,"4":4,"5":5,"6":6,"7":7,"8":8,"9":9,"10":10,"11":11,"12":12,"13":13,"14":14,"15":15,"16":16,"17":17,"18":18,"19":19,"20":20,"21":21,"22":22,"23":23,"24":24,"25":25,"26":26,"27":27,"28":28,"29":29,"30":30,"31":31,"32":32,"33":33,"34":34,"35":35,"36":36,"37":37,"38":38,"39":39,"40":40,"41":41,"42":42,"43":43,"44":44,"45":45,"46":46,"47":47,"48":48,"49":49,"50":50,"51":51,"52":52,"53":53,"54":54,"55":55,"56":56,"57":57,"58":58,"59":59,"60":60,"61":61,"62":62,"63":63,"64":64,"65":65,"66":66,"67":67,"68":68,"69":69,"70":70,"71":71,"72":72,"73":73,"74":74,"75":75,"76":76,"77":77,"78":78,"79":79,"80":80,"81":81,"82":82,"83":83,"84":84,"85":85,"86":86,"87":87,"88":88,"89":89,"90":90,"91":91,"92":92,"93":93,"94":94,"95":95,"96":96,"97":97,"98":98,"99":99},"mean":{"0":0.0311897265,"1":0.0430976682,"2":0.0586805542,"3":0.0332335068,"4":0.0358270539,"5":0.0194937636,"6":0.0263368272,"7":0.0356768502,"8":0.0327109694,"9":0.0466312104,"10":0.0407361686,"11":0.0228689147,"12":0.0409432517,"13":0.033035828,"14":0.0367208388,"15":0.0422358438,"16":0.0346370671,"17":0.0403643151,"18":0.0263037615,"19":0.0285387006,"20":0.037675341,"21":0.0428566668,"22":0.0237945533,"23":0.0339346031,"24":0.0217432777,"25":0.0415483514,"26":0.0265715354,"27":0.0299683279,"28":0.0361392399,"29":0.0272652954,"30":0.0362515152,"31":0.0370716121,"32":0.0567452113,"33":0.037832731,"34":0.0319893758,"35":0.0308623943,"36":0.0242932174,"37":0.0351548592,"38":0.0351575679,"39":0.0276581181,"40":0.0378959378,"41":0.0291798876,"42":0.0350573394,"43":0.0295206507,"44":0.0288918838,"45":0.0435112649,"46":0.0252172748,"47":0.0340774477,"48":0.0328571267,"49":0.0208626936,"50":0.0251561966,"51":0.0209102761,"52":0.0210841977,"53":0.0208779921,"54":0.0261729856,"55":0.038690822,"56":0.028911935,"57":0.0338874592,"58":0.0415055023,"59":0.0350703696,"60":0.0355861882,"61":0.0280339453,"62":0.040993068,"63":0.0349532101,"64":0.0294533405,"65":0.0691172302,"66":0.0519554615,"67":0.0336436063,"68":0.0337101751,"69":0.0491057899,"70":0.0354101658,"71":0.0668220454,"72":0.0343231724,"73":0.0382254587,"74":0.0277155704,"75":0.0421030389,"76":0.037318435,"77":0.0546499259,"78":0.0411449605,"79":0.0437205467,"80":0.044745677,"81":0.0274875147,"82":0.0415750808,"83":0.0269915462,"84":0.0253086289,"85":0.0268993609,"86":0.0267774761,"87":0.0486411419,"88":0.036186917,"89":0.0367546876,"90":0.0335640742,"91":0.0475005905,"92":0.0441840622,"93":0.0631388426,"94":0.0293871396,"95":0.0332749784,"96":0.0354994867,"97":0.0401461853,"98":0.0447174683,"99":0.0545932452},"median":{"0":0.0309806094,"1":0.0402435474,"2":0.0602006949,"3":0.0311643146,"4":0.0338870436,"5":0.0190624297,"6":0.0266708042,"7":0.0372042023,"8":0.0300542563,"9":0.0462354161,"10":0.0433648899,"11":0.0231478624,"12":0.040334709,"13":0.0347648375,"14":0.0335740671,"15":0.0407793596,"16":0.0354950652,"17":0.0382898487,"18":0.0283354633,"19":0.0273102857,"20":0.0373342931,"21":0.0432928279,"22":0.025303131,"23":0.0333083868,"24":0.0215207338,"25":0.0398469716,"26":0.0245562382,"27":0.0292258952,"28":0.0358005203,"29":0.0270128343,"30":0.0384772681,"31":0.0357679762,"32":0.0585915893,"33":0.0364545211,"34":0.0323456042,"35":0.0310312845,"36":0.0252766088,"37":0.0353520662,"38":0.0342496336,"39":0.027181793,"40":0.0382869244,"41":0.028264489,"42":0.0354424231,"43":0.028812971,"44":0.0283077881,"45":0.040519096,"46":0.024101533,"47":0.0348938517,"48":0.0307627562,"49":0.0217629913,"50":0.0247911178,"51":0.020324545,"52":0.0210000649,"53":0.0203864276,"54":0.024216637,"55":0.03798002,"56":0.0289330147,"57":0.0327430703,"58":0.0420387946,"59":0.0334297493,"60":0.0350612514,"61":0.0294970982,"62":0.0408319496,"63":0.0354991145,"64":0.029747637,"65":0.0723660067,"66":0.0519136377,"67":0.0323080495,"68":0.0344488509,"69":0.0448514298,"70":0.0345650502,"71":0.0734679624,"72":0.0314046964,"73":0.0395671166,"74":0.028052805,"75":0.0411197357,"76":0.0373255685,"77":0.0533312745,"78":0.0392507575,"79":0.0438855924,"80":0.0456010476,"81":0.0277541559,"82":0.041812975,"83":0.0270612407,"84":0.0205805618,"85":0.0268567763,"86":0.0276940092,"87":0.0465623885,"88":0.0355248414,"89":0.0334415399,"90":0.0339193307,"91":0.0482215472,"92":0.0435042977,"93":0.0638273656,"94":0.0288017783,"95":0.0341515392,"96":0.0350388475,"97":0.0382142998,"98":0.0431670472,"99":0.0544083677}}